<OverlayData>
<MarkerCategory name="tw_guides" DisplayName="Tekkit's Guides">
  <MarkerCategory name="tw_blkf" DisplayName="Black Lion Key Farm">
	<MarkerCategory name="separatorblkf01" IsSeparator="1" DisplayName="&lt;-----[TRAILS]-----&gt;"/>
    <MarkerCategory name="tw_blkf_mt_toggletrails" DisplayName="Toggle Mission Trails">
      <MarkerCategory name="tw_blkf_mt01_1_toggletrail" DisplayName="Defending Shaemoor"/>
      <MarkerCategory name="tw_blkf_mt02_1_toggletrail" DisplayName="On the Mend"/>
      <MarkerCategory name="tw_blkf_mt03_1_toggletrail" DisplayName="Desperate Medicine"/>
      <MarkerCategory name="tw_blkf_mt03_2_toggletrail" DisplayName="Desperate Medicine 2"/>
      <MarkerCategory name="tw_blkf_mt04_1_toggletrail" DisplayName="Infiltration"/>
      <MarkerCategory name="tw_blkf_mt04_2_toggletrail" DisplayName="Infiltration 2"/>
      <MarkerCategory name="tw_blkf_mt05_1_toggletrail" DisplayName="Arson at the Orphanage"/>
      <MarkerCategory name="tw_blkf_mt06_1_toggletrail" DisplayName="The Commander"/>
      <MarkerCategory name="tw_blkf_mt07_1_toggletrail" DisplayName="Voices From the Past"/>
      <MarkerCategory name="tw_blkf_mt08_1_toggletrail" DisplayName="Rending the Mantle"/>
      <MarkerCategory name="tw_blkf_mt08_2_toggletrail" DisplayName="Rending the Mantle 2"/>
      <MarkerCategory name="tw_blkf_mt09_1_toggletrail" DisplayName="Drawing Out the Cult"/>
      <MarkerCategory name="tw_blkf_mt10_1_toggletrail" DisplayName="Ashes of the Past"/>
      <MarkerCategory name="tw_blkf_mt11_1_toggletrail" DisplayName="The Orders of Tyria"/>
      <MarkerCategory name="tw_blkf_mt11_2_toggletrail" DisplayName="The Orders of Tyria 2"/>
      <MarkerCategory name="tw_blkf_mt12_1_toggletrail" DisplayName="Brute Force"/>
      <MarkerCategory name="tw_blkf_mt12_1_toggletrail" DisplayName="Brute Force 2"/>
      <MarkerCategory name="tw_blkf_mt14_1_toggletrail" DisplayName="Triskell Quay"/>
      <MarkerCategory name="tw_blkf_mt14_2_toggletrail" DisplayName="Triskell Quay 2"/>
      <MarkerCategory name="tw_blkf_mt15_1_toggletrail" DisplayName="Speaker of the Dead"/>
      <MarkerCategory name="tw_blkf_mt15_2_toggletrail" DisplayName="Speaker of the Dead 2"/>
      <MarkerCategory name="tw_blkf_mt16_1_toggletrail" DisplayName="Kellach's Attack"/>
      <MarkerCategory name="tw_blkf_mt17_1_toggletrail" DisplayName="Setting the Stage"/>
      <MarkerCategory name="tw_blkf_mt18_1_toggletrail" DisplayName="A Fragile Peace"/>
      <MarkerCategory name="tw_blkf_mt18_2_toggletrail" DisplayName="A Fragile Peace 2"/>
      <MarkerCategory name="tw_blkf_mt19_1_toggletrail" DisplayName="Killer Instinct"/>
      <MarkerCategory name="tw_blkf_mt20_1_toggletrail" DisplayName="Don't Shoot the Messenger"/>
      <MarkerCategory name="tw_blkf_mt21_1_toggletrail" DisplayName="Quaestor's Siege"/>
      <MarkerCategory name="tw_blkf_mt21_2_toggletrail" DisplayName="Quaestor's Siege 2"/>
      <MarkerCategory name="tw_blkf_mt22_1_toggletrail" DisplayName="Rat-Tastrophe"/>
      <MarkerCategory name="tw_blkf_mt23_1_toggletrail" DisplayName="Thieving from Thieves"/>
      <MarkerCategory name="tw_blkf_mt24_1_toggletrail" DisplayName="Set to Blow"/>
      <MarkerCategory name="tw_blkf_mt25_1_toggletrail" DisplayName="Forearmed is Forewarned"/>
      <MarkerCategory name="tw_blkf_mt27_1_toggletrail" DisplayName="The Battle of Claw Island"/>
      <MarkerCategory name="tw_blkf_mt28_1_toggletrail" DisplayName="Return to Camp Resolve"/>
      <MarkerCategory name="tw_blkf_mt29_1_toggletrail" DisplayName="Tracking the Aspect Masters"/>
      <MarkerCategory name="tw_blkf_mt30_1_toggletrail" DisplayName="Into the Labyrinth"/>
    </MarkerCategory>
    <MarkerCategory name="tw_blkf_tt_toggletrails" DisplayName="Toggle Travel Trails">
      <MarkerCategory name="tw_blkf_tt01_02_1_toggletrail" DisplayName="01-02_1"/>
      <MarkerCategory name="tw_blkf_tt01_02_2_toggletrail" DisplayName="01-02_2"/>
      <MarkerCategory name="tw_blkf_tt02_03_1_toggletrail" DisplayName="02-03_1"/>
      <MarkerCategory name="tw_blkf_tt02_03_2_toggletrail" DisplayName="02-03_2"/>
      <MarkerCategory name="tw_blkf_tt03_04_1_toggletrail" DisplayName="03-04_1"/>
      <MarkerCategory name="tw_blkf_tt03_04_2_toggletrail" DisplayName="03-04_2"/>
      <MarkerCategory name="tw_blkf_tt04_05_1_toggletrail" DisplayName="04-05_1"/>
      <MarkerCategory name="tw_blkf_tt05_06_1_toggletrail" DisplayName="05-06_1"/>
      <MarkerCategory name="tw_blkf_tt06_07_1_toggletrail" DisplayName="06-07_1"/>
      <MarkerCategory name="tw_blkf_tt07_08_1_toggletrail" DisplayName="07-08_1"/>
      <MarkerCategory name="tw_blkf_tt08_09_1_toggletrail" DisplayName="08-09_1"/>
      <MarkerCategory name="tw_blkf_tt08_09_2_toggletrail" DisplayName="08-09_2"/>
      <MarkerCategory name="tw_blkf_tt09_10_1_toggletrail" DisplayName="09-10_1"/>
      <MarkerCategory name="tw_blkf_tt10_11_1_toggletrail" DisplayName="10-11_1"/>
      <MarkerCategory name="tw_blkf_tt10_11_2_toggletrail" DisplayName="10-11_2"/>
      <MarkerCategory name="tw_blkf_tt11_12_1_toggletrail" DisplayName="11-12_1"/>
      <MarkerCategory name="tw_blkf_tt12_13_1_toggletrail" DisplayName="12-13_1"/>
      <MarkerCategory name="tw_blkf_tt13_14_1_toggletrail" DisplayName="13-14_1"/>
      <MarkerCategory name="tw_blkf_tt14_15_1_toggletrail" DisplayName="14-15_1"/>
      <MarkerCategory name="tw_blkf_tt14_15_2_toggletrail" DisplayName="14-15_2"/>
      <MarkerCategory name="tw_blkf_tt15_16_1_toggletrail" DisplayName="15-16_1"/>
      <MarkerCategory name="tw_blkf_tt15_16_2_toggletrail" DisplayName="15-16_2"/>
      <MarkerCategory name="tw_blkf_tt16_17_1_toggletrail" DisplayName="16-17_1"/>
      <MarkerCategory name="tw_blkf_tt17_18_1_toggletrail" DisplayName="17-18_1"/>
      <MarkerCategory name="tw_blkf_tt17_18_2_toggletrail" DisplayName="17-18_2"/>
      <MarkerCategory name="tw_blkf_tt18_19_1_toggletrail" DisplayName="18-19_1"/>
      <MarkerCategory name="tw_blkf_tt18_19_2_toggletrail" DisplayName="18-19_2"/>
      <MarkerCategory name="tw_blkf_tt19_20_1_toggletrail" DisplayName="19-20_1"/>
      <MarkerCategory name="tw_blkf_tt20_21_1_toggletrail" DisplayName="20-21_1"/>
      <MarkerCategory name="tw_blkf_tt20_21_2_toggletrail" DisplayName="20-21_2"/>
      <MarkerCategory name="tw_blkf_tt20_21_3_toggletrail" DisplayName="20-21_3"/>
      <MarkerCategory name="tw_blkf_tt21_22_1_toggletrail" DisplayName="21-22_1"/>
      <MarkerCategory name="tw_blkf_tt21_22_2_toggletrail" DisplayName="21-22_2"/>
      <MarkerCategory name="tw_blkf_tt22_23_1_toggletrail" DisplayName="22-23_1"/>
      <MarkerCategory name="tw_blkf_tt23_24_1_toggletrail" DisplayName="23-24_1"/>
      <MarkerCategory name="tw_blkf_tt24_25_1_toggletrail" DisplayName="24-25_1"/>
      <MarkerCategory name="tw_blkf_tt24_25_2_toggletrail" DisplayName="24-25_2"/>
      <MarkerCategory name="tw_blkf_tt25_26_1_toggletrail" DisplayName="25-26_1"/>
      <MarkerCategory name="tw_blkf_tt26_27_1_toggletrail" DisplayName="26-27_1"/>
      <MarkerCategory name="tw_blkf_tt27_28_1_toggletrail" DisplayName="27-28_1"/>
      <MarkerCategory name="tw_blkf_tt27_28_2_toggletrail" DisplayName="27-28_2"/>
      <MarkerCategory name="tw_blkf_tt27_28_3_toggletrail" DisplayName="27-28_3"/>
      <MarkerCategory name="tw_blkf_tt28_29_1_toggletrail" DisplayName="28-29_1"/>
      <MarkerCategory name="tw_blkf_tt29_30_1_toggletrail" DisplayName="29-30_1"/>
    </MarkerCategory>
    <MarkerCategory name="separatorblkf02" IsSeparator="1" DisplayName="&lt;-----[SIGNS]-----&gt;"/>
    <MarkerCategory name="tw_blkf_icons" DisplayName="Toggle Icons">
      <MarkerCategory name="tw_blkf_icons_attack" DisplayName="Attack" iconFile="Data/TekkitsWorkshop/BLKF/tw_blkf_attack.png" mapDisplaySize="30" iconSize="0.7" fadeNear="5000" fadeFar="5100" heightOffset="1.5" minSize="10"/>
      <MarkerCategory name="tw_blkf_icons_interact" DisplayName="Interact" iconFile="Data/TekkitsWorkshop/BLKF/tw_blkf_interact.png" mapDisplaySize="30" iconSize="0.7" fadeNear="5000" fadeFar="5100" heightOffset="1.5" minSize="10"/>
      <MarkerCategory name="tw_blkf_icons_talk" DisplayName="Talk" iconFile="Data/TekkitsWorkshop/BLKF/tw_blkf_talk.png" mapDisplaySize="30" iconSize="0.7" fadeNear="5000" fadeFar="5100" heightOffset="1.5" minSize="10"/>
      <MarkerCategory name="tw_blkf_icons_portal" DisplayName="Enter Portal" iconFile="Data/TekkitsWorkshop/General/tw_trail_entrance.png" mapDisplaySize="30" iconSize="0.7" fadeNear="5000" fadeFar="5100" heightOffset="1.5" minSize="10"/>
      <MarkerCategory name="tw_blkf_icons_dialogue01" DisplayName="Dialogue - Orphanage" iconFile="Data/TekkitsWorkshop/BLKF/tw_blkf_icons_dialogue01.png" iconSize="2.5" fadeNear="5000" fadeFar="5100" heightOffset="4.5"/>
      <MarkerCategory name="tw_blkf_icons_dialogue02" DisplayName="Dialogue - Direct Attack" iconFile="Data/TekkitsWorkshop/BLKF/tw_blkf_icons_dialogue02.png" iconSize="2.5" fadeNear="5000" fadeFar="5100" heightOffset="4.5"/>
      <MarkerCategory name="tw_blkf_icons_dialogue03" DisplayName="Dialogue - Mission from Hiroki" iconFile="Data/TekkitsWorkshop/BLKF/tw_blkf_icons_dialogue03.png" iconSize="2.5" fadeNear="5000" fadeFar="5100" heightOffset="4.5"/>
      <MarkerCategory name="tw_blkf_icons_dialogue04" DisplayName="Dialogue - Mission from Josir" iconFile="Data/TekkitsWorkshop/BLKF/tw_blkf_icons_dialogue04.png" iconSize="2.5" fadeNear="5000" fadeFar="5100" heightOffset="4.5"/>
      <MarkerCategory name="tw_blkf_icons_dialogue05" DisplayName="Dialogue - Join Vigil" iconFile="Data/TekkitsWorkshop/BLKF/tw_blkf_icons_dialogue05.png" iconSize="2.5" fadeNear="5000" fadeFar="5100" heightOffset="4.5"/>
      <MarkerCategory name="tw_blkf_icons_dialogue06" DisplayName="Dialogue - Mission from Steelcrusher" iconFile="Data/TekkitsWorkshop/BLKF/tw_blkf_icons_dialogue06.png" iconSize="2.5" fadeNear="5000" fadeFar="5100" heightOffset="4.5"/>
      <MarkerCategory name="tw_blkf_icons_dialogue07" DisplayName="Dialogue - Help Skritts" iconFile="Data/TekkitsWorkshop/BLKF/tw_blkf_icons_dialogue07.png" iconSize="2.5" fadeNear="5000" fadeFar="5100" heightOffset="4.5"/>
      <MarkerCategory name="tw_blkf_icons_dialogue08" DisplayName="Dialogue - Black Powder" iconFile="Data/TekkitsWorkshop/BLKF/tw_blkf_icons_dialogue08.png" iconSize="2.5" fadeNear="5000" fadeFar="5100" heightOffset="4.5"/>
    </MarkerCategory>
    <MarkerCategory name="tw_blkf_mission_start_signs" DisplayName="Toggle Mission Signs">
      <MarkerCategory name="tw_blkf_mission_start_st01" DisplayName="Defending Shaemoor" iconFile="Data/TekkitsWorkshop/BLKF/tw_blkf_mission_start_st01.png" mapDisplaySize="130" iconSize="2.5" fadeNear="5000" fadeFar="5100" heightOffset="2.5"/>
      <MarkerCategory name="tw_blkf_mission_start_st02" DisplayName="On the Mend" iconFile="Data/TekkitsWorkshop/BLKF/tw_blkf_mission_start_st02.png" mapDisplaySize="130" iconSize="1.8" fadeNear="5000" fadeFar="5100" heightOffset="2.5"/>
      <MarkerCategory name="tw_blkf_mission_start_st03" DisplayName="Desperate Medicine" iconFile="Data/TekkitsWorkshop/BLKF/tw_blkf_mission_start_st03.png" mapDisplaySize="130" iconSize="2.5" fadeNear="5000" fadeFar="5100" heightOffset="2.5"/>
      <MarkerCategory name="tw_blkf_mission_start_st04" DisplayName="Infiltration" iconFile="Data/TekkitsWorkshop/BLKF/tw_blkf_mission_start_st04.png" mapDisplaySize="130" iconSize="1.5" fadeNear="5000" fadeFar="5100" heightOffset="2.5"/>
      <MarkerCategory name="tw_blkf_mission_start_st05" DisplayName="Arson at the Orphanage" iconFile="Data/TekkitsWorkshop/BLKF/tw_blkf_mission_start_st05.png" mapDisplaySize="130" iconSize="2.5" fadeNear="5000" fadeFar="5100" heightOffset="2.5"/>
      <MarkerCategory name="tw_blkf_mission_start_st06" DisplayName="The Commander" iconFile="Data/TekkitsWorkshop/BLKF/tw_blkf_mission_start_st06.png" mapDisplaySize="130" iconSize="1.5" fadeNear="5000" fadeFar="5100" heightOffset="2.5"/>
      <MarkerCategory name="tw_blkf_mission_start_st07" DisplayName="Voices From the Past" iconFile="Data/TekkitsWorkshop/BLKF/tw_blkf_mission_start_st07.png" mapDisplaySize="130" iconSize="2.5" fadeNear="5000" fadeFar="5100" heightOffset="2.5"/>
      <MarkerCategory name="tw_blkf_mission_start_st08" DisplayName="Rending the Mantle" iconFile="Data/TekkitsWorkshop/BLKF/tw_blkf_mission_start_st08.png" mapDisplaySize="130" iconSize="2.5" fadeNear="5000" fadeFar="5100" heightOffset="2.5"/>
      <MarkerCategory name="tw_blkf_mission_start_st09" DisplayName="Drawing Out the Cult" iconFile="Data/TekkitsWorkshop/BLKF/tw_blkf_mission_start_st09.png" mapDisplaySize="130" iconSize="2.5" fadeNear="5000" fadeFar="5100" heightOffset="2.5"/>
      <MarkerCategory name="tw_blkf_mission_start_st10" DisplayName="Ashes of the Past" iconFile="Data/TekkitsWorkshop/BLKF/tw_blkf_mission_start_st10.png" mapDisplaySize="130" iconSize="2.5" fadeNear="5000" fadeFar="5100" heightOffset="2.5"/>
      <MarkerCategory name="tw_blkf_mission_start_st11" DisplayName="The Orders of Tyria" iconFile="Data/TekkitsWorkshop/BLKF/tw_blkf_mission_start_st11.png" mapDisplaySize="130" iconSize="2.5" fadeNear="5000" fadeFar="5100" heightOffset="2.5"/>
      <MarkerCategory name="tw_blkf_mission_start_st12" DisplayName="Brute Force" iconFile="Data/TekkitsWorkshop/BLKF/tw_blkf_mission_start_st12.png" mapDisplaySize="130" iconSize="1.5" fadeNear="5000" fadeFar="5100" heightOffset="2.5"/>
      <MarkerCategory name="tw_blkf_mission_start_st14" DisplayName="Triskell Quay" iconFile="Data/TekkitsWorkshop/BLKF/tw_blkf_mission_start_st14.png" mapDisplaySize="130" iconSize="1.5" fadeNear="5000" fadeFar="5100" heightOffset="2.5"/>
      <MarkerCategory name="tw_blkf_mission_start_st15" DisplayName="Speaker of the Dead" iconFile="Data/TekkitsWorkshop/BLKF/tw_blkf_mission_start_st15.png" mapDisplaySize="130" iconSize="2.0" fadeNear="5000" fadeFar="5100" heightOffset="2.5"/>
      <MarkerCategory name="tw_blkf_mission_start_st16" DisplayName="Kellach's Attack" iconFile="Data/TekkitsWorkshop/BLKF/tw_blkf_mission_start_st16.png" mapDisplaySize="130" iconSize="2.5" fadeNear="5000" fadeFar="5100" heightOffset="2.5"/>
      <MarkerCategory name="tw_blkf_mission_start_st17" DisplayName="Setting the Stage" iconFile="Data/TekkitsWorkshop/BLKF/tw_blkf_mission_start_st17.png" mapDisplaySize="130" iconSize="2.5" fadeNear="5000" fadeFar="5100" heightOffset="2.5"/>
      <MarkerCategory name="tw_blkf_mission_start_st18" DisplayName="A Fragile Peace" iconFile="Data/TekkitsWorkshop/BLKF/tw_blkf_mission_start_st18.png" mapDisplaySize="130" iconSize="2.5" fadeNear="5000" fadeFar="5100" heightOffset="2.5"/>
      <MarkerCategory name="tw_blkf_mission_start_st19" DisplayName="Killer Instinct" iconFile="Data/TekkitsWorkshop/BLKF/tw_blkf_mission_start_st19.png" mapDisplaySize="130" iconSize="2.5" fadeNear="5000" fadeFar="5100" heightOffset="2.5"/>
      <MarkerCategory name="tw_blkf_mission_start_st20" DisplayName="Don't Shoot the Messenger" iconFile="Data/TekkitsWorkshop/BLKF/tw_blkf_mission_start_st20.png" mapDisplaySize="130" iconSize="2.5" fadeNear="5000" fadeFar="5100" heightOffset="2.5"/>
      <MarkerCategory name="tw_blkf_mission_start_st21" DisplayName="Quaestor's Siege" iconFile="Data/TekkitsWorkshop/BLKF/tw_blkf_mission_start_st21.png" mapDisplaySize="130" iconSize="2.5" fadeNear="5000" fadeFar="5100" heightOffset="2.5"/>
      <MarkerCategory name="tw_blkf_mission_start_st22" DisplayName="Rat-Tastrophe" iconFile="Data/TekkitsWorkshop/BLKF/tw_blkf_mission_start_st22.png" mapDisplaySize="130" iconSize="2.5" fadeNear="5000" fadeFar="5100" heightOffset="2.5"/>
      <MarkerCategory name="tw_blkf_mission_start_st23" DisplayName="Thieving from Thieves" iconFile="Data/TekkitsWorkshop/BLKF/tw_blkf_mission_start_st23.png" mapDisplaySize="130" iconSize="2.5" fadeNear="5000" fadeFar="5100" heightOffset="2.5"/>
      <MarkerCategory name="tw_blkf_mission_start_st24" DisplayName="Set to Blow" iconFile="Data/TekkitsWorkshop/BLKF/tw_blkf_mission_start_st24.png" mapDisplaySize="130" iconSize="1.5" fadeNear="5000" fadeFar="5100" heightOffset="2.5"/>
      <MarkerCategory name="tw_blkf_mission_start_st25" DisplayName="Forearmed is Forewarned" iconFile="Data/TekkitsWorkshop/BLKF/tw_blkf_mission_start_st25.png" mapDisplaySize="130" iconSize="2.5" fadeNear="5000" fadeFar="5100" heightOffset="2.5"/>
      <MarkerCategory name="tw_blkf_mission_start_st26" DisplayName="Suspicious Activity" iconFile="Data/TekkitsWorkshop/BLKF/tw_blkf_mission_start_st26.png" mapDisplaySize="130" iconSize="2.5" fadeNear="5000" fadeFar="5100" heightOffset="2.5"/>
      <MarkerCategory name="tw_blkf_mission_start_st27" DisplayName="The Battle of Claw Island" iconFile="Data/TekkitsWorkshop/BLKF/tw_blkf_mission_start_st27.png" mapDisplaySize="130" iconSize="2.5" fadeNear="5000" fadeFar="5100" heightOffset="2.5"/>
      <MarkerCategory name="tw_blkf_mission_start_st28" DisplayName="Return to Camp Resolve" iconFile="Data/TekkitsWorkshop/BLKF/tw_blkf_mission_start_st28.png" mapDisplaySize="130" iconSize="2.5" fadeNear="5000" fadeFar="5100" heightOffset="2.5"/>
      <MarkerCategory name="tw_blkf_mission_start_st29" DisplayName="Tracking the Aspect Masters" iconFile="Data/TekkitsWorkshop/BLKF/tw_blkf_mission_start_st29.png" mapDisplaySize="130" iconSize="2.5" fadeNear="5000" fadeFar="5100" heightOffset="2.5"/>
      <MarkerCategory name="tw_blkf_mission_start_st30" DisplayName="Into the Labyrinth" iconFile="Data/TekkitsWorkshop/BLKF/tw_blkf_mission_start_st30.png" mapDisplaySize="130" iconSize="2.5" fadeNear="5000" fadeFar="5100" heightOffset="2.5"/>
    </MarkerCategory>
    <MarkerCategory name="tw_blkf_mission_travel_teleports" DisplayName="Toggle Teleport Signs">
      <MarkerCategory name="tw_blkf_mission_travel_teleport_01" DisplayName="Arca Waypoint" iconFile="Data/TekkitsWorkshop/BLKF/tw_blkf_mission_travel_teleport_01.png" mapDisplaySize="90" iconSize="2.5" fadeNear="5000" fadeFar="5100" heightOffset="2.5"/>
      <MarkerCategory name="tw_blkf_mission_travel_teleport_02" DisplayName="Blood Hill Waypoint" iconFile="Data/TekkitsWorkshop/BLKF/tw_blkf_mission_travel_teleport_02.png" mapDisplaySize="90" iconSize="2.5" fadeNear="5000" fadeFar="5100" heightOffset="2.5"/>
      <MarkerCategory name="tw_blkf_mission_travel_teleport_03" DisplayName="Fields Waypoint" iconFile="Data/TekkitsWorkshop/BLKF/tw_blkf_mission_travel_teleport_03.png" mapDisplaySize="90" iconSize="2.5" fadeNear="5000" fadeFar="5100" heightOffset="2.5"/>
      <MarkerCategory name="tw_blkf_mission_travel_teleport_04" DisplayName="Fort Mariner Waypoint" iconFile="Data/TekkitsWorkshop/BLKF/tw_blkf_mission_travel_teleport_04.png" mapDisplaySize="90" iconSize="2.5" fadeNear="5000" fadeFar="5100" heightOffset="2.5"/>
      <MarkerCategory name="tw_blkf_mission_travel_teleport_05" DisplayName="Garrison Waypoint" iconFile="Data/TekkitsWorkshop/BLKF/tw_blkf_mission_travel_teleport_05.png" mapDisplaySize="90" iconSize="2.5" fadeNear="5000" fadeFar="5100" heightOffset="2.5"/>
      <MarkerCategory name="tw_blkf_mission_travel_teleport_06" DisplayName="Kessex Heaven Waypoint" iconFile="Data/TekkitsWorkshop/BLKF/tw_blkf_mission_travel_teleport_06.png" mapDisplaySize="90" iconSize="2.5" fadeNear="5000" fadeFar="5100" heightOffset="2.5"/>
      <MarkerCategory name="tw_blkf_mission_travel_teleport_07" DisplayName="Krytan Waypoint" iconFile="Data/TekkitsWorkshop/BLKF/tw_blkf_mission_travel_teleport_07.png" mapDisplaySize="90" iconSize="2.5" fadeNear="5000" fadeFar="5100" heightOffset="2.5"/>
      <MarkerCategory name="tw_blkf_mission_travel_teleport_08" DisplayName="Palace Waypoint" iconFile="Data/TekkitsWorkshop/BLKF/tw_blkf_mission_travel_teleport_08.png" mapDisplaySize="90" iconSize="2.5" fadeNear="5000" fadeFar="5100" heightOffset="2.5"/>
      <MarkerCategory name="tw_blkf_mission_travel_teleport_09" DisplayName="Rurikton Waypoint" iconFile="Data/TekkitsWorkshop/BLKF/tw_blkf_mission_travel_teleport_09.png" mapDisplaySize="90" iconSize="2.5" fadeNear="5000" fadeFar="5100" heightOffset="2.5"/>
      <MarkerCategory name="tw_blkf_mission_travel_teleport_10" DisplayName="Salma Waypoint" iconFile="Data/TekkitsWorkshop/BLKF/tw_blkf_mission_travel_teleport_10.png" mapDisplaySize="90" iconSize="2.5" fadeNear="5000" fadeFar="5100" heightOffset="2.5"/>
      <MarkerCategory name="tw_blkf_mission_travel_teleport_11" DisplayName="Shaemoor Waypoint" iconFile="Data/TekkitsWorkshop/BLKF/tw_blkf_mission_travel_teleport_11.png" mapDisplaySize="90" iconSize="2.5" fadeNear="5000" fadeFar="5100" heightOffset="2.5"/>
      <MarkerCategory name="tw_blkf_mission_travel_teleport_12" DisplayName="Sojourner's Waypoint" iconFile="Data/TekkitsWorkshop/BLKF/tw_blkf_mission_travel_teleport_12.png" mapDisplaySize="90" iconSize="2.5" fadeNear="5000" fadeFar="5100" heightOffset="2.5"/>
      <MarkerCategory name="tw_blkf_mission_travel_teleport_13" DisplayName="Trader's Forum Wypoint" iconFile="Data/TekkitsWorkshop/BLKF/tw_blkf_mission_travel_teleport_13.png" mapDisplaySize="90" iconSize="2.5" fadeNear="5000" fadeFar="5100" heightOffset="2.5"/>
      <MarkerCategory name="tw_blkf_mission_travel_teleport_14" DisplayName="Vigil Keep Waypoint" iconFile="Data/TekkitsWorkshop/BLKF/tw_blkf_mission_travel_teleport_14.png" mapDisplaySize="90" iconSize="2.5" fadeNear="5000" fadeFar="5100" heightOffset="2.5"/>
      <MarkerCategory name="tw_blkf_mission_travel_leave" DisplayName="Leave the Instance" iconFile="Data/TekkitsWorkshop/BLKF/tw_blkf_mission_travel_leave.png" mapDisplaySize="60" iconSize="2.0" fadeNear="5000" fadeFar="5100" heightOffset="2.5"/>
			<MarkerCategory name="tw_blkf_mission_travel_waypoint" DisplayName="Waypoints" mapDisplaySize="30" iconFile="Data/TekkitsWorkshop/MC/tw_mc_waypoint.png" iconSize="0.5" fadeNear="3500" fadeFar="3600" heightOffset="0.5" minSize="10"/>
    </MarkerCategory>  
  </MarkerCategory>
</MarkerCategory>
	<POIs>
		<POI MapID="1021" xpos="-70.8502" ypos="346.48" zpos="-343.484" type="tw_guides.tw_blkf.tw_blkf_icons.tw_blkf_icons_talk" GUID="K/SvLMdkq0Whzz2fQeBzsg=="/>
		<POI MapID="1021" xpos="-212.07" ypos="349.064" zpos="-375.671" type="tw_guides.tw_blkf.tw_blkf_icons.tw_blkf_icons_talk" GUID="aZHwFcR7z0206c1THXms6w=="/>
		<POI MapID="1021" xpos="-158.599" ypos="358.204" zpos="-254.659" type="tw_guides.tw_blkf.tw_blkf_icons.tw_blkf_icons_talk" GUID="sU0/ji8Q4UeFi86fgTm7Sg=="/>
		<POI MapID="1021" xpos="-349.63" ypos="338.55" zpos="-270.868" type="tw_guides.tw_blkf.tw_blkf_icons.tw_blkf_icons_talk" GUID="2YuMQWg9MUKtpj8MRkCKYw=="/>
		<POI MapID="138" xpos="-385.715" ypos="71.8469" zpos="588.999" type="tw_guides.tw_blkf.tw_blkf_mission_start_signs.tw_blkf_mission_start_st01" GUID="P7y3jNQBZ0CVSPGhxStqLg=="/>
		<POI MapID="138" xpos="-146.004" ypos="32.3178" zpos="170.87" type="tw_guides.tw_blkf.tw_blkf_icons.tw_blkf_icons_attack" GUID="mulsl0qAo0CztFlAWbOHUQ=="/>
		<POI MapID="15" xpos="-480.18" ypos="23.371" zpos="406.859" type="tw_guides.tw_blkf.tw_blkf_mission_start_signs.tw_blkf_mission_start_st02" GUID="ruvFU4G65UmopSzTcOKKrw=="/>
		<POI MapID="18" xpos="87.841" ypos="138.821" zpos="-265.204" type="tw_guides.tw_blkf.tw_blkf_mission_travel_teleports.tw_blkf_mission_travel_waypoint" GUID="1PcsxH91006CusZv0tum+w=="/>
		<POI MapID="18" xpos="80.6947" ypos="136.897" zpos="-35.3026" type="tw_guides.tw_blkf.tw_blkf_mission_travel_teleports.tw_blkf_mission_travel_waypoint" GUID="bPn14jQUXEmPKnigDs1tSA=="/>
		<POI MapID="18" xpos="203.43" ypos="79.9607" zpos="143.532" type="tw_guides.tw_blkf.tw_blkf_mission_start_signs.tw_blkf_mission_start_st02" GUID="OytFgS5BlUuyInPZ8jNpUw=="/>
		<POI MapID="226" xpos="204.043" ypos="78.0953" zpos="154.107" type="tw_guides.tw_blkf.tw_blkf_mission_start_signs.tw_blkf_mission_start_st02" GUID="n+rN9NifH0yODmjKrZzvEw=="/>
		<POI MapID="226" xpos="269.141" ypos="69.0723" zpos="250.357" type="tw_guides.tw_blkf.tw_blkf_icons.tw_blkf_icons_attack" GUID="0V4e3R5lK0OgKNSdUZPV8Q=="/>
		<POI MapID="226" xpos="281.099" ypos="76.0262" zpos="249.529" type="tw_guides.tw_blkf.tw_blkf_icons.tw_blkf_icons_attack" GUID="FtBm5egLFEOBlgcNYIFHgw=="/>
		<POI MapID="226" xpos="277.953" ypos="77.2657" zpos="265.477" type="tw_guides.tw_blkf.tw_blkf_icons.tw_blkf_icons_attack" GUID="wxZlokUiCUyvGHornpb8XA=="/>
		<POI MapID="226" xpos="270.938" ypos="85.4504" zpos="258.852" type="tw_guides.tw_blkf.tw_blkf_icons.tw_blkf_icons_attack" GUID="2tinsv32C0WYhlB+4DYIVQ=="/>
		<POI MapID="226" xpos="275.386" ypos="85.4465" zpos="246.162" type="tw_guides.tw_blkf.tw_blkf_icons.tw_blkf_icons_attack" GUID="kOwYhmjgh06427CeHRzfRQ=="/>
		<POI MapID="226" xpos="272.686" ypos="69.0718" zpos="243.916" type="tw_guides.tw_blkf.tw_blkf_mission_travel_teleports.tw_blkf_mission_travel_teleport_11" GUID="I2o3aqHcGkmjX/2LQ8vS/Q=="/>
		<POI MapID="15" xpos="-423.058" ypos="34.4166" zpos="439.646" type="tw_guides.tw_blkf.tw_blkf_mission_start_signs.tw_blkf_mission_start_st03" GUID="Aj4mXvPn20ixdBgdisfiAw=="/>
		<POI MapID="15" xpos="-684.263" ypos="24.1313" zpos="395.153" type="tw_guides.tw_blkf.tw_blkf_icons.tw_blkf_icons_talk" GUID="rLBKrXK76kysD4J7lnWz3w=="/>
		<POI MapID="15" xpos="-959.047" ypos="25.8596" zpos="254.882" type="tw_guides.tw_blkf.tw_blkf_mission_start_signs.tw_blkf_mission_start_st03" GUID="7z+6TV80aUS3xhrsUzzjCA=="/>
		<POI MapID="113" xpos="-957.869" ypos="25.9939" zpos="256.059" type="tw_guides.tw_blkf.tw_blkf_mission_start_signs.tw_blkf_mission_start_st03" GUID="mNfBuk0UVU2Xp6VN4SNJnw=="/>
		<POI MapID="113" xpos="-841.186" ypos="29.1183" zpos="32.2433" type="tw_guides.tw_blkf.tw_blkf_icons.tw_blkf_icons_attack" GUID="bQQJ9k7gmUOzyAMugKPw9g=="/>
		<POI MapID="113" xpos="-835.545" ypos="29.8376" zpos="41.204" type="tw_guides.tw_blkf.tw_blkf_icons.tw_blkf_icons_interact" GUID="0FdZr4AyAU+rcfgR1/bITA=="/>
		<POI MapID="113" xpos="-834.098" ypos="29.0764" zpos="37.0119" type="tw_guides.tw_blkf.tw_blkf_mission_travel_teleports.tw_blkf_mission_travel_teleport_03" GUID="B8lfZlyKiU+sL0Ocfeoohg=="/>
		<POI MapID="15" xpos="-682.907" ypos="24.1733" zpos="399.832" type="tw_guides.tw_blkf.tw_blkf_mission_travel_teleports.tw_blkf_mission_travel_teleport_10" GUID="rpIRSxb2mEWSo/Uw+m9tfg=="/>
		<POI MapID="18" xpos="202.191" ypos="79.7749" zpos="140.345" type="tw_guides.tw_blkf.tw_blkf_mission_start_signs.tw_blkf_mission_start_st03" GUID="elIelLREnEKRpYGmDFcWGg=="/>
		<POI MapID="327" xpos="205.325" ypos="77.9234" zpos="154.089" type="tw_guides.tw_blkf.tw_blkf_mission_start_signs.tw_blkf_mission_start_st03" GUID="k0WJyDPUoUuBmFRqGk2sXQ=="/>
		<POI MapID="327" xpos="263.659" ypos="77.8809" zpos="258.39" type="tw_guides.tw_blkf.tw_blkf_icons.tw_blkf_icons_talk" GUID="h8SzXCjTx0qDcpFMtFpc3w=="/>
		<POI MapID="327" xpos="270.108" ypos="69.0722" zpos="245.197" type="tw_guides.tw_blkf.tw_blkf_mission_travel_teleports.tw_blkf_mission_travel_teleport_11" GUID="X1RjHG4LE0ORRjJi/AlCLQ=="/>
		<POI MapID="15" xpos="-414.552" ypos="34.8428" zpos="441.692" type="tw_guides.tw_blkf.tw_blkf_mission_start_signs.tw_blkf_mission_start_st04" GUID="6Hz2IMBzNEWfKxlPH+lcDg=="/>
		<POI MapID="15" xpos="-77.5286" ypos="58.8818" zpos="594.394" type="tw_guides.tw_blkf.tw_blkf_mission_start_signs.tw_blkf_mission_start_st04" GUID="d1NRRsI+TkWQBgcmzfUf5A=="/>
		<POI MapID="61" xpos="-61.0344" ypos="57.8766" zpos="606.003" type="tw_guides.tw_blkf.tw_blkf_mission_start_signs.tw_blkf_mission_start_st04" GUID="SPaD/NSqEkmLy9/Y2uIQZA=="/>
		<POI MapID="61" xpos="-20.9289" ypos="47.8041" zpos="630.999" type="tw_guides.tw_blkf.tw_blkf_icons.tw_blkf_icons_attack" GUID="B7ztBpmZzkist1IHnQ6/UQ=="/>
		<POI MapID="61" xpos="-26.8412" ypos="30.0282" zpos="671.283" type="tw_guides.tw_blkf.tw_blkf_icons.tw_blkf_icons_interact" GUID="duIGOyedF0a6swhXcBZL4g=="/>
		<POI MapID="61" xpos="21.5864" ypos="2.62344" zpos="639.288" type="tw_guides.tw_blkf.tw_blkf_icons.tw_blkf_icons_interact" GUID="X3GiPim2REKdBQziH6fYhQ=="/>
		<POI MapID="61" xpos="40.7141" ypos="0.713773" zpos="705.012" type="tw_guides.tw_blkf.tw_blkf_icons.tw_blkf_icons_attack" GUID="y4W5mpc7gUe5MV/Uv8TFww=="/>
		<POI MapID="61" xpos="30.0644" ypos="0.485124" zpos="704.806" type="tw_guides.tw_blkf.tw_blkf_icons.tw_blkf_icons_interact" GUID="roIAXWf8k0iUqcXll85mvQ=="/>
		<POI MapID="61" xpos="13.9296" ypos="1.01296" zpos="702.244" type="tw_guides.tw_blkf.tw_blkf_icons.tw_blkf_icons_talk" GUID="fHKb3SHb10mSdyV1cG0/Dg=="/>
		<POI MapID="61" xpos="10.0474" ypos="1.01295" zpos="699.357" type="tw_guides.tw_blkf.tw_blkf_mission_travel_teleports.tw_blkf_mission_travel_teleport_08" GUID="DNmu+uvpIEe8oEpovDMatQ=="/>
		<POI MapID="18" xpos="101.534" ypos="135.016" zpos="-8.23535" type="tw_guides.tw_blkf.tw_blkf_mission_start_signs.tw_blkf_mission_start_st04" GUID="dJDTP/79V0W3oYJApd9ZVw=="/>
		<POI MapID="97" xpos="132.24" ypos="134.912" zpos="19.9288" type="tw_guides.tw_blkf.tw_blkf_mission_travel_teleports.tw_blkf_mission_travel_teleport_10" GUID="G47TnqtltECgFzCq1w772w=="/>
		<POI MapID="97" xpos="109.714" ypos="134.884" zpos="6.21932" type="tw_guides.tw_blkf.tw_blkf_mission_start_signs.tw_blkf_mission_start_st04" GUID="wqE+ojMFOUi/wYoRj9OotQ=="/>
		<POI MapID="97" xpos="130.674" ypos="135.626" zpos="23.1536" type="tw_guides.tw_blkf.tw_blkf_icons.tw_blkf_icons_talk" GUID="iZYhQdzvc06+L6MbCp8MnA=="/>
		<POI MapID="18" xpos="202.373" ypos="81.7522" zpos="140.053" type="tw_guides.tw_blkf.tw_blkf_mission_start_signs.tw_blkf_mission_start_st05" GUID="EGujKs5Fu0e9rcuG3twLog=="/>
		<POI MapID="37" xpos="203.989" ypos="76.8123" zpos="156.316" type="tw_guides.tw_blkf.tw_blkf_mission_start_signs.tw_blkf_mission_start_st05" GUID="8Ar2ol+EC02/Uj8/W07TBQ=="/>
		<POI MapID="37" xpos="222.017" ypos="76.312" zpos="155.471" type="tw_guides.tw_blkf.tw_blkf_icons.tw_blkf_icons_attack" GUID="47rdK6ogkku0RHfSTElLxQ=="/>
		<POI MapID="37" xpos="239.173" ypos="76.2999" zpos="174.232" type="tw_guides.tw_blkf.tw_blkf_icons.tw_blkf_icons_attack" GUID="LcpvflDRhki7qNmiYIBluA=="/>
		<POI MapID="37" xpos="226.352" ypos="83.275" zpos="154.604" type="tw_guides.tw_blkf.tw_blkf_icons.tw_blkf_icons_attack" GUID="/sdtZHGelEynM5pEB6TSYg=="/>
		<POI MapID="37" xpos="265.214" ypos="70.2327" zpos="314.514" type="tw_guides.tw_blkf.tw_blkf_icons.tw_blkf_icons_talk" GUID="yroNOMKG1EqnBm7VUpvCkQ=="/>
		<POI MapID="37" xpos="269.08" ypos="69.8137" zpos="316.814" type="tw_guides.tw_blkf.tw_blkf_mission_travel_teleports.tw_blkf_mission_travel_teleport_08" GUID="1VoI5T0Zs0ubsmE/ghSYsQ=="/>
		<POI MapID="18" xpos="101.205" ypos="137.01" zpos="-8.6878" type="tw_guides.tw_blkf.tw_blkf_mission_start_signs.tw_blkf_mission_start_st06" GUID="fgLlirb0UEylA8hQB7irBQ=="/>
		<POI MapID="120" xpos="103.961" ypos="135.042" zpos="1.20254" type="tw_guides.tw_blkf.tw_blkf_mission_start_signs.tw_blkf_mission_start_st06" GUID="IOBfyvAeyUKceRtMKyoy9A=="/>
		<POI MapID="120" xpos="127.424" ypos="134.913" zpos="21.8012" type="tw_guides.tw_blkf.tw_blkf_icons.tw_blkf_icons_talk" GUID="3hLJqeSNhE+WyDTMPCERQg=="/>
		<POI MapID="120" xpos="115.732" ypos="118.333" zpos="10.9311" type="tw_guides.tw_blkf.tw_blkf_icons.tw_blkf_icons_attack" GUID="SJRyHwIRfUCL4+FfvuLxDQ=="/>
		<POI MapID="120" xpos="112.715" ypos="118.331" zpos="9.42595" type="tw_guides.tw_blkf.tw_blkf_mission_travel_teleports.tw_blkf_mission_travel_leave" GUID="w5ElaQpNnUya+w0lYYVhgQ=="/>
		<POI MapID="18" xpos="95.3479" ypos="134.994" zpos="-8.12274" type="tw_guides.tw_blkf.tw_blkf_mission_start_signs.tw_blkf_mission_start_st07" GUID="Dt4VfZrzMEihesOtSOfrkg=="/>
		<POI MapID="18" xpos="65.2754" ypos="141.357" zpos="-85.372" type="tw_guides.tw_blkf.tw_blkf_mission_start_signs.tw_blkf_mission_start_st07" GUID="7cXdpKQHu0mjQaqIbxHiIg=="/>
		<POI MapID="163" xpos="63.5978" ypos="141.18" zpos="-88.1513" type="tw_guides.tw_blkf.tw_blkf_mission_start_signs.tw_blkf_mission_start_st07" GUID="dkMhNIu+U0qN77ga4A2o+w=="/>
		<POI MapID="163" xpos="68.9177" ypos="138.644" zpos="-123.051" type="tw_guides.tw_blkf.tw_blkf_icons.tw_blkf_icons_talk" GUID="2Di/ap8a4k2i9uCq9jffpA=="/>
		<POI MapID="163" xpos="65.6985" ypos="138.644" zpos="-121.549" type="tw_guides.tw_blkf.tw_blkf_icons.tw_blkf_icons_attack" GUID="gcmqiH3Xs0K54LUcTt91gQ=="/>
		<POI MapID="163" xpos="71.9986" ypos="138.645" zpos="-120.834" type="tw_guides.tw_blkf.tw_blkf_icons.tw_blkf_icons_attack" GUID="ytq8MpfRCEuKSkz8Ponvxw=="/>
		<POI MapID="163" xpos="62.0534" ypos="139.092" zpos="-107.005" type="tw_guides.tw_blkf.tw_blkf_icons.tw_blkf_icons_talk" GUID="4QCDX+WoBkK1crWkG9qY+w=="/>
		<POI MapID="163" xpos="61.8556" ypos="139.681" zpos="-103.722" type="tw_guides.tw_blkf.tw_blkf_mission_travel_teleports.tw_blkf_mission_travel_teleport_05" GUID="7Po/aBjTwkqYDTDue3XQQg=="/>
		<POI MapID="15" xpos="-190.365" ypos="28.5862" zpos="308.238" type="tw_guides.tw_blkf.tw_blkf_mission_start_signs.tw_blkf_mission_start_st08" GUID="Vd8SDZhKpUiACGQsADW6Hg=="/>
		<POI MapID="15" xpos="484.931" ypos="37.3163" zpos="413.177" type="tw_guides.tw_blkf.tw_blkf_mission_start_signs.tw_blkf_mission_start_st08" GUID="B7iJkVnFm02HjF9mp4c3mg=="/>
		<POI MapID="171" xpos="489.266" ypos="38.1787" zpos="417.458" type="tw_guides.tw_blkf.tw_blkf_mission_start_signs.tw_blkf_mission_start_st08" GUID="1Ym6j+xH8EqsdREh1EF9Ag=="/>
		<POI MapID="171" xpos="494.701" ypos="39.2828" zpos="423.514" type="tw_guides.tw_blkf.tw_blkf_icons.tw_blkf_icons_talk" GUID="xUMwP8rnekG1nMUvGGKT2Q=="/>
		<POI MapID="171" xpos="530.253" ypos="38.3304" zpos="456.749" type="tw_guides.tw_blkf.tw_blkf_icons.tw_blkf_icons_attack" GUID="EpdtYGGgC0Ke3LD2W/Ux0Q=="/>
		<POI MapID="171" xpos="539.299" ypos="37.7831" zpos="459.589" type="tw_guides.tw_blkf.tw_blkf_icons.tw_blkf_icons_attack" GUID="FEsXTlOuaUORrv/F2KNDZQ=="/>
		<POI MapID="171" xpos="543.047" ypos="45.9697" zpos="462.963" type="tw_guides.tw_blkf.tw_blkf_icons.tw_blkf_icons_attack" GUID="vrbAdOfklECt15KUhKpMRg=="/>
		<POI MapID="171" xpos="542.687" ypos="54.1507" zpos="456.277" type="tw_guides.tw_blkf.tw_blkf_icons.tw_blkf_icons_talk" GUID="2d3wYA/C8k2/1myl5bex8w=="/>
		<POI MapID="171" xpos="541.824" ypos="45.9699" zpos="468.033" type="tw_guides.tw_blkf.tw_blkf_icons.tw_blkf_icons_attack" GUID="XUf5XjNf7k6iwtGs/g3p1Q=="/>
		<POI MapID="171" xpos="554.548" ypos="37.784" zpos="462.494" type="tw_guides.tw_blkf.tw_blkf_icons.tw_blkf_icons_attack" GUID="cWT1xwJIXU6/RXs/IC9w+A=="/>
		<POI MapID="171" xpos="550.978" ypos="54.1651" zpos="472.06" type="tw_guides.tw_blkf.tw_blkf_icons.tw_blkf_icons_attack" GUID="QAvaBa2f90CO5EAsUiRs9A=="/>
		<POI MapID="171" xpos="557.228" ypos="37.7905" zpos="469.96" type="tw_guides.tw_blkf.tw_blkf_icons.tw_blkf_icons_interact" GUID="eYWzgHHXy0GfNR0DHGrvfQ=="/>
		<POI MapID="171" xpos="544.446" ypos="29.5965" zpos="458.391" type="tw_guides.tw_blkf.tw_blkf_icons.tw_blkf_icons_attack" GUID="W7iexyJN0Ei8fLGpwqU5Bw=="/>
		<POI MapID="171" xpos="541.372" ypos="29.5966" zpos="454.581" type="tw_guides.tw_blkf.tw_blkf_icons.tw_blkf_icons_interact" GUID="bxGKb037SEuDQ4NH7FzNjA=="/>
		<POI MapID="171" xpos="544.099" ypos="29.5965" zpos="452.488" type="tw_guides.tw_blkf.tw_blkf_mission_travel_teleports.tw_blkf_mission_travel_teleport_08" GUID="3JbO7HFmv0e39MRNgi6jyw=="/>
		<POI MapID="18" xpos="101.317" ypos="139.01" zpos="-8.42845" type="tw_guides.tw_blkf.tw_blkf_mission_start_signs.tw_blkf_mission_start_st08" GUID="DZ6iZCH+b0++Toxx1o1Smw=="/>
		<POI MapID="172" xpos="104.54" ypos="135.04" zpos="1.15711" type="tw_guides.tw_blkf.tw_blkf_mission_start_signs.tw_blkf_mission_start_st08" GUID="kGR+CHOjFEy83D1wuOx3uw=="/>
		<POI MapID="172" xpos="129.349" ypos="135.493" zpos="23.9654" type="tw_guides.tw_blkf.tw_blkf_icons.tw_blkf_icons_talk" GUID="OwdneccVPU6/2iIs8lbv5Q=="/>
		<POI MapID="172" xpos="131.147" ypos="134.912" zpos="20.187" type="tw_guides.tw_blkf.tw_blkf_mission_travel_teleports.tw_blkf_mission_travel_teleport_07" GUID="oolk9113Nkm8M4CkmAWLHQ=="/>
		<POI MapID="15" xpos="444.59" ypos="36.2649" zpos="136.639" type="tw_guides.tw_blkf.tw_blkf_mission_start_signs.tw_blkf_mission_start_st09" GUID="TTXWOINpvUyC+045rPU3+g=="/>
		<POI MapID="23" xpos="532.779" ypos="50.9315" zpos="565.615" type="tw_guides.tw_blkf.tw_blkf_mission_start_signs.tw_blkf_mission_start_st09" GUID="A58sWZd1VUqPUskREcmlKQ=="/>
		<POI MapID="364" xpos="535.614" ypos="50.2013" zpos="563.001" type="tw_guides.tw_blkf.tw_blkf_mission_start_signs.tw_blkf_mission_start_st09" GUID="GTpdX/3C3EawXo8dBQ847w=="/>
		<POI MapID="364" xpos="589.565" ypos="40.034" zpos="532.161" type="tw_guides.tw_blkf.tw_blkf_icons.tw_blkf_icons_talk" GUID="UdUa9TRq20WAAuq1AwkSIQ=="/>
		<POI MapID="364" xpos="666.607" ypos="39.3378" zpos="567.748" type="tw_guides.tw_blkf.tw_blkf_icons.tw_blkf_icons_attack" GUID="x6BPTCYRNkW/yCqg5kPbvg=="/>
		<POI MapID="364" xpos="720.035" ypos="41.9119" zpos="539.768" type="tw_guides.tw_blkf.tw_blkf_icons.tw_blkf_icons_attack" GUID="iOygSeJN4Eqis10LywhdBQ=="/>
		<POI MapID="364" xpos="727.98" ypos="41.531" zpos="534.819" type="tw_guides.tw_blkf.tw_blkf_mission_travel_teleports.tw_blkf_mission_travel_leave" GUID="z7KW37/n/0iNRXHoYiDmdw=="/>
		<POI MapID="23" xpos="543.006" ypos="48.4191" zpos="556.829" type="tw_guides.tw_blkf.tw_blkf_mission_start_signs.tw_blkf_mission_start_st10" GUID="bSLRDZdTvUeVrykkeMp0Ig=="/>
		<POI MapID="23" xpos="1074" ypos="33.0512" zpos="55.7959" type="tw_guides.tw_blkf.tw_blkf_mission_start_signs.tw_blkf_mission_start_st10" GUID="ZmE80lJJM06k9zNDLs4j6A=="/>
		<POI MapID="365" xpos="1075.09" ypos="33.1268" zpos="53.4262" type="tw_guides.tw_blkf.tw_blkf_mission_start_signs.tw_blkf_mission_start_st10" GUID="1gJH0IAOCkqWJ5Xh43Eg0w=="/>
		<POI MapID="365" xpos="1235.25" ypos="45.7127" zpos="-78.9821" type="tw_guides.tw_blkf.tw_blkf_icons.tw_blkf_icons_attack" GUID="GxRuUvu2T0qR0oGvYGa2YQ=="/>
		<POI MapID="365" xpos="1241.85" ypos="45.6766" zpos="-62.4054" type="tw_guides.tw_blkf.tw_blkf_icons.tw_blkf_icons_interact" GUID="qJyG3aRA2UeNxrvXKFsF8g=="/>
		<POI MapID="365" xpos="1240.2" ypos="45.9715" zpos="-58.2148" type="tw_guides.tw_blkf.tw_blkf_mission_travel_teleports.tw_blkf_mission_travel_teleport_08" GUID="yIyIDl7iQU2LsnIR1f9I3w=="/>
		<POI MapID="18" xpos="67.6256" ypos="136.332" zpos="6.63733" type="tw_guides.tw_blkf.tw_blkf_mission_start_signs.tw_blkf_mission_start_st11" GUID="2upULKQzq0uPNe+vM0XM6Q=="/>
		<POI MapID="190" xpos="71.3965" ypos="136.424" zpos="19.2027" type="tw_guides.tw_blkf.tw_blkf_mission_start_signs.tw_blkf_mission_start_st11" GUID="Du05GQ+Ai0i5HJ8fcgt6Iw=="/>
		<POI MapID="190" xpos="67.5071" ypos="137.657" zpos="56.1574" type="tw_guides.tw_blkf.tw_blkf_mission_travel_teleports.tw_blkf_mission_travel_teleport_12" GUID="9eMa3yN95kWxZIbnmSgcrg=="/>
		<POI MapID="23" xpos="610.884" ypos="39.369" zpos="496.987" type="tw_guides.tw_blkf.tw_blkf_mission_start_signs.tw_blkf_mission_start_st11" GUID="pTTz0YW8xUeq0IF2q01vyg=="/>
		<POI MapID="23" xpos="416.358" ypos="50.9824" zpos="65.2376" type="tw_guides.tw_blkf.tw_blkf_mission_travel_teleports.tw_blkf_mission_travel_waypoint" GUID="qMGt4i+gRU2pcrlSG05hYw=="/>
		<POI MapID="23" xpos="-322.495" ypos="23.1857" zpos="-500.742" type="tw_guides.tw_blkf.tw_blkf_mission_start_signs.tw_blkf_mission_start_st11" GUID="zb+6cEfAzkugVU1n3l1GyQ=="/>
		<POI MapID="191" xpos="-327.917" ypos="23.5541" zpos="-499.084" type="tw_guides.tw_blkf.tw_blkf_mission_start_signs.tw_blkf_mission_start_st11" GUID="OYrm07ndbUmoMUPzqdHOBQ=="/>
		<POI MapID="191" xpos="-350.426" ypos="8.71462" zpos="-418.889" type="tw_guides.tw_blkf.tw_blkf_icons.tw_blkf_icons_talk" GUID="SXdp0e2OtkuPp9T8hphsiA=="/>
		<POI MapID="191" xpos="-347.619" ypos="8.19017" zpos="-419.073" type="tw_guides.tw_blkf.tw_blkf_mission_travel_teleports.tw_blkf_mission_travel_leave" GUID="FTXF8JXupUSXh6eQlzw2NA=="/>
		<POI MapID="23" xpos="-320.266" ypos="23.084" zpos="-506.44" type="tw_guides.tw_blkf.tw_blkf_mission_start_signs.tw_blkf_mission_start_st12" GUID="jL/1eNkqYkm+it53cSxXrg=="/>
		<POI MapID="23" xpos="-868.848" ypos="0.798042" zpos="-506.493" type="tw_guides.tw_blkf.tw_blkf_mission_start_signs.tw_blkf_mission_start_st12" GUID="uenuIBeXyker3A1Koyg7xA=="/>
		<POI MapID="192" xpos="-868.62" ypos="0.626175" zpos="-505.589" type="tw_guides.tw_blkf.tw_blkf_mission_start_signs.tw_blkf_mission_start_st12" GUID="tqRr9ILTrkqQi+XSnCV1jA=="/>
		<POI MapID="192" xpos="-1124.65" ypos="3.34721" zpos="-524.41" type="tw_guides.tw_blkf.tw_blkf_icons.tw_blkf_icons_attack" GUID="DwLDq1Zspka5Yq/hyQCC5Q=="/>
		<POI MapID="192" xpos="-899.592" ypos="0.0060149" zpos="-526.614" type="tw_guides.tw_blkf.tw_blkf_mission_travel_teleports.tw_blkf_mission_travel_teleport_10" GUID="+eqsdHCb70eUy6UMcZLC1g=="/>
		<POI MapID="18" xpos="202.557" ypos="83.3519" zpos="139.966" type="tw_guides.tw_blkf.tw_blkf_mission_start_signs.tw_blkf_mission_start_st12" GUID="4PBlCSdzTkSmrSVJUIVKfQ=="/>
		<POI MapID="248" xpos="239.393" ypos="69.3952" zpos="277.211" type="tw_guides.tw_blkf.tw_blkf_icons.tw_blkf_icons_talk" GUID="hSFpqHhPiUuAQwE6C79ALw=="/>
		<POI MapID="248" xpos="239.393" ypos="69.3952" zpos="277.211" type="tw_guides.tw_blkf.tw_blkf_icons.tw_blkf_icons_dialogue03" GUID="tjYkHpeJc0usMB6SlMs3mw=="/>
		<POI MapID="23" xpos="413.038" ypos="50.9727" zpos="70.3072" type="tw_guides.tw_blkf.tw_blkf_mission_start_signs.tw_blkf_mission_start_st14" GUID="xgvC5A58oECacrE2BOytJA=="/>
		<POI MapID="23" xpos="201.537" ypos="46.3581" zpos="1.2194" type="tw_guides.tw_blkf.tw_blkf_mission_start_signs.tw_blkf_mission_start_st14" GUID="oCnzRel0zkKIVW2l2vackQ=="/>
		<POI MapID="195" xpos="209.389" ypos="49.4198" zpos="15.4709" type="tw_guides.tw_blkf.tw_blkf_mission_start_signs.tw_blkf_mission_start_st14" GUID="dKGqbai4qUeWvZBgnQHd6A=="/>
		<POI MapID="195" xpos="84.3288" ypos="4.38849" zpos="-79.4863" type="tw_guides.tw_blkf.tw_blkf_icons.tw_blkf_icons_talk" GUID="/I4kSxrULEah9R88eLqlAQ=="/>
		<POI MapID="195" xpos="78.7641" ypos="3.68802" zpos="-80.0122" type="tw_guides.tw_blkf.tw_blkf_mission_travel_teleports.tw_blkf_mission_travel_teleport_10" GUID="ey6E4hkbFUuLO1SVDPOydA=="/>
		<POI MapID="18" xpos="202.339" ypos="84.7724" zpos="140.316" type="tw_guides.tw_blkf.tw_blkf_mission_start_signs.tw_blkf_mission_start_st14" GUID="gs1aInWjyUm07+YPVIqfqQ=="/>
		<POI MapID="248" xpos="235.263" ypos="69.1102" zpos="279.572" type="tw_guides.tw_blkf.tw_blkf_mission_travel_teleports.tw_blkf_mission_travel_teleport_06" GUID="np/54Xy9C0WvPGO8qXG9bA=="/>
		<POI MapID="248" xpos="202.114" ypos="75.4864" zpos="161.006" type="tw_guides.tw_blkf.tw_blkf_mission_start_signs.tw_blkf_mission_start_st12" GUID="V1Gv1MvpHEyMsgW4Db0p0w=="/>
		<POI MapID="248" xpos="208.592" ypos="75.3991" zpos="160.692" type="tw_guides.tw_blkf.tw_blkf_mission_start_signs.tw_blkf_mission_start_st14" GUID="aVl5aD5fMUGCPSWywvG3IA=="/>
		<POI MapID="248" xpos="242.747" ypos="69.3752" zpos="268.369" type="tw_guides.tw_blkf.tw_blkf_icons.tw_blkf_icons_talk" GUID="JUgTUor2H0SYb6PCNoSzEA=="/>
		<POI MapID="248" xpos="242.747" ypos="69.3752" zpos="268.369" type="tw_guides.tw_blkf.tw_blkf_icons.tw_blkf_icons_dialogue04" GUID="p3VLLJ+h+06akY5PMHf7lQ=="/>
		<POI MapID="248" xpos="248.589" ypos="69.0162" zpos="266.256" type="tw_guides.tw_blkf.tw_blkf_mission_travel_teleports.tw_blkf_mission_travel_teleport_07" GUID="6w1KzH1Ys0u+lyuPqHL93g=="/>
		<POI MapID="15" xpos="453.649" ypos="36.5747" zpos="143.993" type="tw_guides.tw_blkf.tw_blkf_mission_start_signs.tw_blkf_mission_start_st15" GUID="/wOZT2dSlUOHImwbLDR/qQ=="/>
		<POI MapID="24" xpos="-1187.84" ypos="6.44118" zpos="375.563" type="tw_guides.tw_blkf.tw_blkf_mission_start_signs.tw_blkf_mission_start_st15" GUID="ltSoEI6kBEWaGouMRN28hA=="/>
		<POI MapID="24" xpos="-940.32" ypos="48.1515" zpos="512.702" type="tw_guides.tw_blkf.tw_blkf_mission_start_signs.tw_blkf_mission_start_st15" GUID="SxzJvPQLNUiYfyj7ZHY9cg=="/>
		<POI MapID="198" xpos="-941.029" ypos="48.1137" zpos="512.211" type="tw_guides.tw_blkf.tw_blkf_mission_start_signs.tw_blkf_mission_start_st15" GUID="Rhi9YCv8DEa6q23G6vYpuA=="/>
		<POI MapID="198" xpos="-886.472" ypos="51.0927" zpos="512.196" type="tw_guides.tw_blkf.tw_blkf_icons.tw_blkf_icons_talk" GUID="0348BRcXS02Noqg7MPPJjA=="/>
		<POI MapID="198" xpos="-882.124" ypos="31.1632" zpos="363.418" type="tw_guides.tw_blkf.tw_blkf_icons.tw_blkf_icons_attack" GUID="4mRK1w9ykUeq9uU0yuQraw=="/>
		<POI MapID="198" xpos="-856.819" ypos="28.8712" zpos="368.693" type="tw_guides.tw_blkf.tw_blkf_icons.tw_blkf_icons_attack" GUID="MqwY4zQKc0G3RVXbJCyItQ=="/>
		<POI MapID="198" xpos="-910.883" ypos="27.4621" zpos="352.534" type="tw_guides.tw_blkf.tw_blkf_icons.tw_blkf_icons_attack" GUID="Xhqax9KNE0CFmXL/qguKlA=="/>
		<POI MapID="198" xpos="-882.975" ypos="30.0085" zpos="369.041" type="tw_guides.tw_blkf.tw_blkf_icons.tw_blkf_icons_talk" GUID="vuJAIaJp/0uO7MhoSLUOPg=="/>
		<POI MapID="198" xpos="-890.537" ypos="30.0508" zpos="366.573" type="tw_guides.tw_blkf.tw_blkf_mission_travel_teleports.tw_blkf_mission_travel_teleport_10" GUID="lbwXEZsKB0avEYfQBqzoGQ=="/>
		<POI MapID="18" xpos="202.327" ypos="86.4634" zpos="140.199" type="tw_guides.tw_blkf.tw_blkf_mission_start_signs.tw_blkf_mission_start_st15" GUID="4I0Yzi/4aUSASBxjJn5XaA=="/>
		<POI MapID="248" xpos="205.029" ypos="75.4558" zpos="160.645" type="tw_guides.tw_blkf.tw_blkf_mission_start_signs.tw_blkf_mission_start_st15" GUID="ojdYcKlaIUqg+QOpV5UZfA=="/>
		<POI MapID="248" xpos="239.164" ypos="71.3756" zpos="277.471" type="tw_guides.tw_blkf.tw_blkf_icons.tw_blkf_icons_dialogue05" GUID="XOY/+TuE7EqBDkjSLxARhQ=="/>
		<POI MapID="248" xpos="244.999" ypos="69.5359" zpos="275.452" type="tw_guides.tw_blkf.tw_blkf_icons.tw_blkf_icons_talk" GUID="nPfo65LrhUuSan1aK3aVzA=="/>
		<POI MapID="248" xpos="230.723" ypos="69.1373" zpos="274.049" type="tw_guides.tw_blkf.tw_blkf_mission_travel_teleports.tw_blkf_mission_travel_teleport_08" GUID="xxkIEg8AvE2XJrJNZeAArQ=="/>
		<POI MapID="18" xpos="67.5716" ypos="138.333" zpos="6.62341" type="tw_guides.tw_blkf.tw_blkf_mission_start_signs.tw_blkf_mission_start_st16" GUID="6/OpcqFTyE6E42pLT2nruQ=="/>
		<POI MapID="201" xpos="67.2007" ypos="136.424" zpos="16.4398" type="tw_guides.tw_blkf.tw_blkf_mission_start_signs.tw_blkf_mission_start_st16" GUID="zc5s/r1glkG4kZYJitbzgw=="/>
		<POI MapID="201" xpos="67.3076" ypos="136.424" zpos="34.1482" type="tw_guides.tw_blkf.tw_blkf_icons.tw_blkf_icons_talk" GUID="knBreZqefkuYHd7PlIxCAQ=="/>
		<POI MapID="201" xpos="67.1358" ypos="139.251" zpos="63.3031" type="tw_guides.tw_blkf.tw_blkf_icons.tw_blkf_icons_talk" GUID="sHkMs6zwO0iJNmDInnNIoA=="/>
		<POI MapID="201" xpos="69.3604" ypos="136.428" zpos="36.6654" type="tw_guides.tw_blkf.tw_blkf_icons.tw_blkf_icons_attack" GUID="7nJy6611n0mUGJGGuNnMRg=="/>
		<POI MapID="201" xpos="74.7518" ypos="136.428" zpos="34.4839" type="tw_guides.tw_blkf.tw_blkf_mission_travel_teleports.tw_blkf_mission_travel_leave" GUID="xO5Ce0e89UW5+4KJ9BVPBA=="/>
		<POI MapID="18" xpos="64.029" ypos="136.403" zpos="-1.05153" type="tw_guides.tw_blkf.tw_blkf_mission_start_signs.tw_blkf_mission_start_st17" GUID="ND1cMR/Vx0K/LXLUJIuKqw=="/>
		<POI MapID="50" xpos="-152.337" ypos="23.3408" zpos="386.102" type="tw_guides.tw_blkf.tw_blkf_mission_start_signs.tw_blkf_mission_start_st17" GUID="OOmz/HX+VUeESRgixaf6bw=="/>
		<POI MapID="50" xpos="-98.1833" ypos="23.1745" zpos="305.648" type="tw_guides.tw_blkf.tw_blkf_mission_start_signs.tw_blkf_mission_start_st17" GUID="isKNaGf1WUuHYLGq/HwO9Q=="/>
		<POI MapID="633" xpos="-56.3033" ypos="4.28457" zpos="231.093" type="tw_guides.tw_blkf.tw_blkf_mission_start_signs.tw_blkf_mission_start_st17" GUID="B3bV78/TvU235p35tUbJgg=="/>
		<POI MapID="633" xpos="-16.9601" ypos="21.4867" zpos="128.36" type="tw_guides.tw_blkf.tw_blkf_icons.tw_blkf_icons_talk" GUID="rIgcDBKBcEShVRH2y1a+xA=="/>
		<POI MapID="633" xpos="-22.4901" ypos="21.484" zpos="122.14" type="tw_guides.tw_blkf.tw_blkf_mission_travel_teleports.tw_blkf_mission_travel_leave" GUID="rlA/0Zhn+0mlYu8OhWa0uA=="/>
		<POI MapID="50" xpos="-95.7779" ypos="23.1762" zpos="300.313" type="tw_guides.tw_blkf.tw_blkf_mission_start_signs.tw_blkf_mission_start_st18" GUID="ZW7UwwNJSUCqGmSfp9beDQ=="/>
		<POI MapID="50" xpos="162.856" ypos="30.0792" zpos="-106.571" type="tw_guides.tw_blkf.tw_blkf_mission_start_signs.tw_blkf_mission_start_st18" GUID="hneq8UJm10aOMc4YJSSJZA=="/>
		<POI MapID="489" xpos="110.625" ypos="47.4251" zpos="-97.549" type="tw_guides.tw_blkf.tw_blkf_mission_start_signs.tw_blkf_mission_start_st18" GUID="34v0P7GXw0CzuBXa1BqVJg=="/>
		<POI MapID="489" xpos="194.293" ypos="47.4387" zpos="-301.328" type="tw_guides.tw_blkf.tw_blkf_icons.tw_blkf_icons_talk" GUID="jNHuXX2QYkmWBL2vY/Etow=="/>
		<POI MapID="489" xpos="201.063" ypos="47.4766" zpos="-298.869" type="tw_guides.tw_blkf.tw_blkf_mission_travel_teleports.tw_blkf_mission_travel_teleport_10" GUID="uccxrjal0ECGD2xhDUi2ZA=="/>
		<POI MapID="18" xpos="226.812" ypos="79.7398" zpos="121.984" type="tw_guides.tw_blkf.tw_blkf_mission_start_signs.tw_blkf_mission_start_st18" GUID="ekW2wcHsD0SCQZD5wlWqxA=="/>
		<POI MapID="18" xpos="481.512" ypos="65.0359" zpos="-130.251" type="tw_guides.tw_blkf.tw_blkf_mission_start_signs.tw_blkf_mission_start_st18" GUID="kTHACE/x4ECf0rFRxPONig=="/>
		<POI MapID="490" xpos="-689.99" ypos="69.3083" zpos="-380.341" type="tw_guides.tw_blkf.tw_blkf_mission_start_signs.tw_blkf_mission_start_st18" GUID="enFXVWUHcUefDRMvMljaVg=="/>
		<POI MapID="490" xpos="-669.474" ypos="68.9331" zpos="-372.011" type="tw_guides.tw_blkf.tw_blkf_icons.tw_blkf_icons_talk" GUID="uL1/lqUacEa3Ec5iXXqENw=="/>
		<POI MapID="490" xpos="-570.484" ypos="59.6257" zpos="-450.506" type="tw_guides.tw_blkf.tw_blkf_icons.tw_blkf_icons_attack" GUID="A1QMRPpYDEyxSjrPw7tMVQ=="/>
		<POI MapID="490" xpos="-582.305" ypos="50.3434" zpos="-517.627" type="tw_guides.tw_blkf.tw_blkf_icons.tw_blkf_icons_attack" GUID="YcRGoJhyMEaj+7aRs+PbOw=="/>
		<POI MapID="490" xpos="-591.053" ypos="46.2722" zpos="-598.464" type="tw_guides.tw_blkf.tw_blkf_icons.tw_blkf_icons_attack" GUID="FSRvqxei2E6f5ktAtMMZYA=="/>
		<POI MapID="490" xpos="-595.181" ypos="46.1668" zpos="-602.143" type="tw_guides.tw_blkf.tw_blkf_mission_travel_teleports.tw_blkf_mission_travel_leave" GUID="e5xMG1UiqEOdtxKSiRiTcA=="/>
		<POI MapID="18" xpos="483.654" ypos="65.0328" zpos="-124.925" type="tw_guides.tw_blkf.tw_blkf_mission_start_signs.tw_blkf_mission_start_st19" GUID="ZAk85B2nIEWzgdcA/Eymtg=="/>
		<POI MapID="21" xpos="-691.227" ypos="69.1619" zpos="-380.537" type="tw_guides.tw_blkf.tw_blkf_mission_start_signs.tw_blkf_mission_start_st19" GUID="oj3vUz+XF0yN98GxoGOZkA=="/>
		<POI MapID="21" xpos="-358.191" ypos="2.00772" zpos="-28.7821" type="tw_guides.tw_blkf.tw_blkf_mission_start_signs.tw_blkf_mission_start_st19" GUID="gIgsrpq5dUWxe0uARgNKxw=="/>
		<POI MapID="488" xpos="-358.695" ypos="1.98942" zpos="-30.6878" type="tw_guides.tw_blkf.tw_blkf_mission_start_signs.tw_blkf_mission_start_st19" GUID="b3QymAQYF0iZmEcqT1x2Lg=="/>
		<POI MapID="488" xpos="-349.436" ypos="2.93332" zpos="-12.3981" type="tw_guides.tw_blkf.tw_blkf_icons.tw_blkf_icons_talk" GUID="rk/dJ4rUVEOwa93L3KvJvw=="/>
		<POI MapID="488" xpos="-188.799" ypos="6.64509" zpos="-7.4721" type="tw_guides.tw_blkf.tw_blkf_icons.tw_blkf_icons_attack" GUID="ayEVTuPnvUCYiNaueDTx8g=="/>
		<POI MapID="488" xpos="-168.702" ypos="5.96198" zpos="-13.4287" type="tw_guides.tw_blkf.tw_blkf_icons.tw_blkf_icons_talk" GUID="npAU/oytakK+pHyxZ46jZw=="/>
		<POI MapID="488" xpos="-162.881" ypos="6.64424" zpos="-15.8695" type="tw_guides.tw_blkf.tw_blkf_mission_travel_teleports.tw_blkf_mission_travel_leave" GUID="5LQD45PC80O4pNqZOXviGA=="/>
		<POI MapID="21" xpos="-356.357" ypos="2.2523" zpos="-33.9692" type="tw_guides.tw_blkf.tw_blkf_mission_start_signs.tw_blkf_mission_start_st20" GUID="Q3ujudssjEGTVqFOhBj7ow=="/>
		<POI MapID="21" xpos="-321.757" ypos="4.69556" zpos="-145.297" type="tw_guides.tw_blkf.tw_blkf_mission_start_signs.tw_blkf_mission_start_st20" GUID="sRduQnPoB0GFn+xh8V+WCg=="/>
		<POI MapID="492" xpos="-282.114" ypos="9.03461" zpos="64.3001" type="tw_guides.tw_blkf.tw_blkf_mission_start_signs.tw_blkf_mission_start_st20" GUID="gqBIC4sljEOKdFdZdL9LLQ=="/>
		<POI MapID="492" xpos="-273.728" ypos="10.9223" zpos="89.8088" type="tw_guides.tw_blkf.tw_blkf_icons.tw_blkf_icons_talk" GUID="5KhntZho5UidmVGvFo5Dlw=="/>
		<POI MapID="492" xpos="74.819" ypos="4.27165" zpos="143.116" type="tw_guides.tw_blkf.tw_blkf_icons.tw_blkf_icons_talk" GUID="2rROB4v93EKYa/4BBXNEmw=="/>
		<POI MapID="492" xpos="74.819" ypos="4.27165" zpos="143.116" type="tw_guides.tw_blkf.tw_blkf_icons.tw_blkf_icons_dialogue06" GUID="1l/UiQuaHE+TwROqPkoMzg=="/>
		<POI MapID="21" xpos="75.0421" ypos="4.317" zpos="141.773" type="tw_guides.tw_blkf.tw_blkf_mission_start_signs.tw_blkf_mission_start_st21" GUID="5+dpy9d8ZUOrwVTWty/3Lw=="/>
		<POI MapID="21" xpos="2.58127" ypos="20.7484" zpos="717.997" type="tw_guides.tw_blkf.tw_blkf_mission_start_signs.tw_blkf_mission_start_st21" GUID="Pj+AWnY8fkeKOauEWRUjFg=="/>
		<POI MapID="502" xpos="9.1782" ypos="21.0718" zpos="719.951" type="tw_guides.tw_blkf.tw_blkf_mission_start_signs.tw_blkf_mission_start_st21" GUID="ocKnnWhcwUG404NRldj7rg=="/>
		<POI MapID="502" xpos="212.348" ypos="17.9407" zpos="856.64" type="tw_guides.tw_blkf.tw_blkf_icons.tw_blkf_icons_attack" GUID="yxQ8F80NN0WiP6i4C0VxIg=="/>
		<POI MapID="502" xpos="192.648" ypos="18.8571" zpos="875.01" type="tw_guides.tw_blkf.tw_blkf_icons.tw_blkf_icons_attack" GUID="BvpAp7/bS0y8OLe+mRvN7Q=="/>
		<POI MapID="502" xpos="186.918" ypos="19.3158" zpos="875.698" type="tw_guides.tw_blkf.tw_blkf_mission_travel_teleports.tw_blkf_mission_travel_teleport_13" GUID="jjzENnPf9U6PXOdLncTFAg=="/>
		<POI MapID="50" xpos="-59.6508" ypos="21.0034" zpos="349.13" type="tw_guides.tw_blkf.tw_blkf_mission_start_signs.tw_blkf_mission_start_st21" GUID="jPF+5T0TAEGRQqpgMJdb6g=="/>
		<POI MapID="24" xpos="234.679" ypos="3.22841" zpos="-534.336" type="tw_guides.tw_blkf.tw_blkf_mission_start_signs.tw_blkf_mission_start_st21" GUID="eMFbbkcCkU6q/pYDbPxbew=="/>
		<POI MapID="24" xpos="762.822" ypos="78.971" zpos="457.416" type="tw_guides.tw_blkf.tw_blkf_icons.tw_blkf_icons_attack" GUID="DzZdKitj4UGUiQYGC9hnlA=="/>
		<POI MapID="24" xpos="707.913" ypos="66.5729" zpos="497.951" type="tw_guides.tw_blkf.tw_blkf_mission_start_signs.tw_blkf_mission_start_st21" GUID="8OrCUs5LPk+67ow08ZWRBA=="/>
		<POI MapID="685" xpos="707.409" ypos="66.574" zpos="492.203" type="tw_guides.tw_blkf.tw_blkf_mission_start_signs.tw_blkf_mission_start_st21" GUID="rDp1Qf8cQEKZt23Ofz/2aA=="/>
		<POI MapID="685" xpos="705.809" ypos="56.778" zpos="550.672" type="tw_guides.tw_blkf.tw_blkf_icons.tw_blkf_icons_talk" GUID="DFQaPXC0j0eoLLCLWT/TnA=="/>
		<POI MapID="685" xpos="705.809" ypos="56.778" zpos="550.672" type="tw_guides.tw_blkf.tw_blkf_icons.tw_blkf_icons_dialogue07" GUID="/uiXiR79lEelI0NOO7thpA=="/>
		<POI MapID="685" xpos="700.309" ypos="56.778" zpos="551.562" type="tw_guides.tw_blkf.tw_blkf_mission_travel_teleports.tw_blkf_mission_travel_teleport_02" GUID="zs9UZc3Prk6C8jd8iGtEIg=="/>
		<POI MapID="24" xpos="-674.232" ypos="51.3241" zpos="571.88" type="tw_guides.tw_blkf.tw_blkf_mission_start_signs.tw_blkf_mission_start_st22" GUID="Enmcel1RxUKpd+bwIiis4A=="/>
		<POI MapID="17" xpos="-378.948" ypos="94.4506" zpos="-756.969" type="tw_guides.tw_blkf.tw_blkf_mission_start_signs.tw_blkf_mission_start_st22" GUID="uMfOapIH/0ezMH2yImbrtQ=="/>
		<POI MapID="17" xpos="-779.326" ypos="39.8935" zpos="677.054" type="tw_guides.tw_blkf.tw_blkf_mission_start_signs.tw_blkf_mission_start_st22" GUID="Sc9P2q+NdEuZryrRnW0Ylg=="/>
		<POI MapID="672" xpos="-777.606" ypos="39.3315" zpos="678.349" type="tw_guides.tw_blkf.tw_blkf_mission_start_signs.tw_blkf_mission_start_st22" GUID="dIHCGVxu0Uuj+O0Zt5SH4g=="/>
		<POI MapID="672" xpos="-866.793" ypos="23.8641" zpos="756.62" type="tw_guides.tw_blkf.tw_blkf_icons.tw_blkf_icons_attack" GUID="15cx9gctnU2a9MHdQNerHQ=="/>
		<POI MapID="672" xpos="-862.822" ypos="23.8093" zpos="760.808" type="tw_guides.tw_blkf.tw_blkf_icons.tw_blkf_icons_talk" GUID="tMgVuXMsfUmus+EV5YAr7Q=="/>
		<POI MapID="672" xpos="-862.822" ypos="23.8093" zpos="760.808" type="tw_guides.tw_blkf.tw_blkf_icons.tw_blkf_icons_dialogue08" GUID="ETMTyw25H0C1j+OJchTEdQ=="/>
		<POI MapID="672" xpos="-855.801" ypos="24.0313" zpos="759.101" type="tw_guides.tw_blkf.tw_blkf_mission_travel_teleports.tw_blkf_mission_travel_leave" GUID="BOX0VExDZE63HPXsyjqImA=="/>
		<POI MapID="17" xpos="-771.164" ypos="37.6615" zpos="675.5" type="tw_guides.tw_blkf.tw_blkf_mission_start_signs.tw_blkf_mission_start_st23" GUID="ma/5ahzRt0+ImyzOjRBgoA=="/>
		<POI MapID="17" xpos="498.257" ypos="66.2185" zpos="380.375" type="tw_guides.tw_blkf.tw_blkf_mission_start_signs.tw_blkf_mission_start_st23" GUID="J/1nVAdTAkiWlaGQUTp+ww=="/>
		<POI MapID="684" xpos="497.65" ypos="65.9697" zpos="382.096" type="tw_guides.tw_blkf.tw_blkf_mission_start_signs.tw_blkf_mission_start_st24" GUID="tOGCcAGAckGVMgtY2uUd3A=="/>
		<POI MapID="684" xpos="648.268" ypos="102.651" zpos="586.803" type="tw_guides.tw_blkf.tw_blkf_icons.tw_blkf_icons_interact" GUID="+oNktOZHNkC6fvUc46YcBg=="/>
		<POI MapID="684" xpos="621.881" ypos="110.172" zpos="668.859" type="tw_guides.tw_blkf.tw_blkf_icons.tw_blkf_icons_interact" GUID="O2I6W6iEr0qiJ6kqZvsJ6Q=="/>
		<POI MapID="684" xpos="645.725" ypos="119.681" zpos="714.493" type="tw_guides.tw_blkf.tw_blkf_icons.tw_blkf_icons_interact" GUID="j73h1h+c2E6MUfeUe1w3mQ=="/>
		<POI MapID="684" xpos="512.537" ypos="73.0831" zpos="444.163" type="tw_guides.tw_blkf.tw_blkf_mission_travel_teleports.tw_blkf_mission_travel_teleport_01" GUID="IBy95+0vJEaF23cIPg9A8g=="/>
		<POI MapID="17" xpos="-779.087" ypos="41.7927" zpos="677.15" type="tw_guides.tw_blkf.tw_blkf_mission_start_signs.tw_blkf_mission_start_st24" GUID="kZGI+epMwUqJLTiug2bhbg=="/>
		<POI MapID="17" xpos="-761.604" ypos="38.1157" zpos="682.679" type="tw_guides.tw_blkf.tw_blkf_mission_start_signs.tw_blkf_mission_start_st24" GUID="OkUhx70MO0CzO87sWniE4g=="/>
		<POI MapID="691" xpos="-778.611" ypos="39.6078" zpos="677.546" type="tw_guides.tw_blkf.tw_blkf_mission_start_signs.tw_blkf_mission_start_st24" GUID="SglYxwu1DUqebFALRsznKg=="/>
		<POI MapID="691" xpos="-877.366" ypos="23.7057" zpos="754.033" type="tw_guides.tw_blkf.tw_blkf_icons.tw_blkf_icons_talk" GUID="IJsqEEw/z0eNasxvBzNgOA=="/>
		<POI MapID="691" xpos="-866.857" ypos="23.8571" zpos="759.31" type="tw_guides.tw_blkf.tw_blkf_icons.tw_blkf_icons_attack" GUID="zHWMf3M6L0u0U4cRG0n0DA=="/>
		<POI MapID="691" xpos="-805.443" ypos="45.762" zpos="674.396" type="tw_guides.tw_blkf.tw_blkf_icons.tw_blkf_icons_talk" GUID="6suAMF1mYkKNvEmVi2Pf0w=="/>
		<POI MapID="691" xpos="-801.346" ypos="45.3081" zpos="672.615" type="tw_guides.tw_blkf.tw_blkf_mission_travel_teleports.tw_blkf_mission_travel_teleport_14" GUID="5V+vrqFO+EmQfMwpxBjrEw=="/>
		<POI MapID="24" xpos="760.074" ypos="78.9758" zpos="461.979" type="tw_guides.tw_blkf.tw_blkf_mission_start_signs.tw_blkf_mission_start_st25" GUID="ZJGq/aq/gE6KzaXOPU1QxQ=="/>
		<POI MapID="24" xpos="708.239" ypos="68.5692" zpos="497.94" type="tw_guides.tw_blkf.tw_blkf_mission_start_signs.tw_blkf_mission_start_st25" GUID="kqWqd0oPF0mrm389Rjg1aQ=="/>
		<POI MapID="703" xpos="707.742" ypos="66.574" zpos="495.047" type="tw_guides.tw_blkf.tw_blkf_mission_start_signs.tw_blkf_mission_start_st25" GUID="/mj0e8D1DkyXS8qyc6zpsw=="/>
		<POI MapID="703" xpos="692.515" ypos="51.4258" zpos="575.616" type="tw_guides.tw_blkf.tw_blkf_icons.tw_blkf_icons_talk" GUID="8nV+ba6CF0OXhZjoIgQZnA=="/>
		<POI MapID="703" xpos="690.017" ypos="51.4256" zpos="580.416" type="tw_guides.tw_blkf.tw_blkf_mission_travel_teleports.tw_blkf_mission_travel_teleport_13" GUID="h4m4b6r5/kC2Cr9XTicOoQ=="/>
		<POI MapID="50" xpos="62.2632" ypos="21.682" zpos="263.143" type="tw_guides.tw_blkf.tw_blkf_mission_start_signs.tw_blkf_mission_start_st25" GUID="Ej+hh81sRECIwwAdzKIBww=="/>
		<POI MapID="50" xpos="-50.2191" ypos="20.9955" zpos="346.111" type="tw_guides.tw_blkf.tw_blkf_mission_start_signs.tw_blkf_mission_start_st25" GUID="/Kk9VybFekuQZv48G+gSzQ=="/>
		<POI MapID="702" xpos="16.4131" ypos="-0.727041" zpos="251.836" type="tw_guides.tw_blkf.tw_blkf_mission_start_signs.tw_blkf_mission_start_st25" GUID="iRWFiSPsKkmFdaSZahRlbw=="/>
		<POI MapID="702" xpos="-162.045" ypos="-111.55" zpos="275.273" type="tw_guides.tw_blkf.tw_blkf_icons.tw_blkf_icons_attack" GUID="GVyYIP7HKkSV/Cw4/DqlwA=="/>
		<POI MapID="702" xpos="-168.054" ypos="-117.355" zpos="276.905" type="tw_guides.tw_blkf.tw_blkf_mission_travel_teleports.tw_blkf_mission_travel_teleport_04" GUID="lZApTU2VTkiYM4vHJk7MRg=="/>
		<POI MapID="50" xpos="182.772" ypos="30.3117" zpos="-134.303" type="tw_guides.tw_blkf.tw_blkf_mission_start_signs.tw_blkf_mission_start_st27" GUID="VEhHqgxtSkiFLoRVwTcN8Q=="/>
		<POI MapID="50" xpos="-65.6568" ypos="1.25242" zpos="-185.28" type="tw_guides.tw_blkf.tw_blkf_mission_start_signs.tw_blkf_mission_start_st27" GUID="2/EOElve7k2XKUfPGhjShA=="/>
		<POI MapID="698" xpos="123.165" ypos="4.57695" zpos="233.746" type="tw_guides.tw_blkf.tw_blkf_mission_start_signs.tw_blkf_mission_start_st27" GUID="ox+SlEjnVUyP4LCyyHXVMA=="/>
		<POI MapID="698" xpos="-20.2181" ypos="20.482" zpos="111.345" type="tw_guides.tw_blkf.tw_blkf_icons.tw_blkf_icons_talk" GUID="QVMgkzkrQUeC6hN28A3kYA=="/>
		<POI MapID="698" xpos="-37.0529" ypos="29.4246" zpos="22.9217" type="tw_guides.tw_blkf.tw_blkf_icons.tw_blkf_icons_talk" GUID="FRhQGoaxVE2l0iTPeEziKA=="/>
		<POI MapID="698" xpos="-118.909" ypos="20.2041" zpos="-8.62006" type="tw_guides.tw_blkf.tw_blkf_icons.tw_blkf_icons_talk" GUID="xmSa2In6OUKX64v1szCv2Q=="/>
		<POI MapID="698" xpos="-160.099" ypos="12.6559" zpos="38.9218" type="tw_guides.tw_blkf.tw_blkf_icons.tw_blkf_icons_attack" GUID="wMv+rvzM0ECp9yE89Rn3JA=="/>
		<POI MapID="698" xpos="-121.851" ypos="29.4483" zpos="84.7192" type="tw_guides.tw_blkf.tw_blkf_icons.tw_blkf_icons_attack" GUID="gSC4KVNvOkaTUx5X2Y4CcA=="/>
		<POI MapID="698" xpos="-76.7363" ypos="29.3588" zpos="12.9717" type="tw_guides.tw_blkf.tw_blkf_icons.tw_blkf_icons_attack" GUID="yTlDqZ8m7kS/YRMlqDu+lA=="/>
		<POI MapID="698" xpos="-96.9967" ypos="29.4328" zpos="131.106" type="tw_guides.tw_blkf.tw_blkf_icons.tw_blkf_icons_attack" GUID="k6hCk8Q0jkuAm+oGvuH2Sw=="/>
		<POI MapID="698" xpos="-103.86" ypos="29.3598" zpos="31.4068" type="tw_guides.tw_blkf.tw_blkf_icons.tw_blkf_icons_attack" GUID="btb3pO/YK0uWI7hqZm7YjQ=="/>
		<POI MapID="698" xpos="-24.5413" ypos="29.4467" zpos="30.4643" type="tw_guides.tw_blkf.tw_blkf_icons.tw_blkf_icons_attack" GUID="wTW+iMgL1U+jobcj+t5AMQ=="/>
		<POI MapID="698" xpos="-7.71788" ypos="2.19177" zpos="-43.6001" type="tw_guides.tw_blkf.tw_blkf_icons.tw_blkf_icons_interact" GUID="ypl3Ba6jWEuutHAktEb2BA=="/>
		<POI MapID="698" xpos="-52.203" ypos="29.6558" zpos="15.9684" type="tw_guides.tw_blkf.tw_blkf_icons.tw_blkf_icons_interact" GUID="uvcVJig0fEeLsWxnivAHWg=="/>
		<POI MapID="698" xpos="-19.4963" ypos="54.4558" zpos="218.697" type="tw_guides.tw_blkf.tw_blkf_icons.tw_blkf_icons_interact" GUID="GL3//9lQ8UmesQ5GGkjYmw=="/>
		<POI MapID="698" xpos="-51.6688" ypos="22.0018" zpos="85.4649" type="tw_guides.tw_blkf.tw_blkf_icons.tw_blkf_icons_attack" GUID="kMARVSeKmkaj0BFjH0JuMQ=="/>
		<POI MapID="698" xpos="127.436" ypos="4.58003" zpos="229.614" type="tw_guides.tw_blkf.tw_blkf_mission_travel_teleports.tw_blkf_mission_travel_leave" GUID="ifGh37kLOEqmoVa62SFt1w=="/>
		<POI MapID="35" xpos="-477.029" ypos="47.2881" zpos="-731.084" type="tw_guides.tw_blkf.tw_blkf_mission_start_signs.tw_blkf_mission_start_st28" GUID="B3iQGkBMlUmsTR1L73CzaQ=="/>
		<POI MapID="35" xpos="-68.7199" ypos="31.5858" zpos="939.046" type="tw_guides.tw_blkf.tw_blkf_icons.tw_blkf_icons_portal" GUID="xu3SVnqpl0SkANPYxj8a1Q=="/>
		<POI MapID="54" xpos="280.593" ypos="75.2124" zpos="-693.757" type="tw_guides.tw_blkf.tw_blkf_mission_start_signs.tw_blkf_mission_start_st28" GUID="PDpNq6O7vEuQp1CL1L/bUQ=="/>
		<POI MapID="54" xpos="-958.661" ypos="44.3815" zpos="163.44" type="tw_guides.tw_blkf.tw_blkf_icons.tw_blkf_icons_portal" GUID="2ZGWLSsq3kC22tyyrzZGrQ=="/>
		<POI MapID="1015" xpos="595.717" ypos="414.801" zpos="-186.152" type="tw_guides.tw_blkf.tw_blkf_mission_start_signs.tw_blkf_mission_start_st28" GUID="g7MCaRcg4UiXbKYDaDhkKA=="/>
		<POI MapID="1015" xpos="498.161" ypos="413.265" zpos="-181.164" type="tw_guides.tw_blkf.tw_blkf_mission_start_signs.tw_blkf_mission_start_st28" GUID="FU41NdoVo0GJOcPv8sPCWA=="/>
		<POI MapID="1022" xpos="497.188" ypos="413.375" zpos="-182.519" type="tw_guides.tw_blkf.tw_blkf_mission_start_signs.tw_blkf_mission_start_st28" GUID="w3GzXlBQ3kO8K7F/Wf234g=="/>
		<POI MapID="1022" xpos="471.64" ypos="425.035" zpos="-193.648" type="tw_guides.tw_blkf.tw_blkf_icons.tw_blkf_icons_talk" GUID="oDj89dXpYE6WqPquQFwrcQ=="/>
		<POI MapID="1022" xpos="513.572" ypos="415.145" zpos="-138.412" type="tw_guides.tw_blkf.tw_blkf_icons.tw_blkf_icons_talk" GUID="xmTyqYuMuUWsUIH93N/nWw=="/>
		<POI MapID="1022" xpos="550.988" ypos="413.796" zpos="-222.694" type="tw_guides.tw_blkf.tw_blkf_icons.tw_blkf_icons_talk" GUID="ctLhPzQprEuNltAtP22HoA=="/>
		<POI MapID="1022" xpos="541.874" ypos="413.851" zpos="-209.78" type="tw_guides.tw_blkf.tw_blkf_icons.tw_blkf_icons_talk" GUID="f+C8G+zZ80+pk1n0ZRpxhw=="/>
		<POI MapID="1022" xpos="536.459" ypos="413.742" zpos="-209.412" type="tw_guides.tw_blkf.tw_blkf_mission_travel_teleports.tw_blkf_mission_travel_leave" GUID="pYH49bOFkECyfTLyiO/mGg=="/>
		<POI MapID="1015" xpos="496.847" ypos="413.581" zpos="-185.809" type="tw_guides.tw_blkf.tw_blkf_mission_start_signs.tw_blkf_mission_start_st29" GUID="t4m9UZUkb0aajo5V3ZxqDQ=="/>
		<POI MapID="1015" xpos="328.317" ypos="411.679" zpos="-318.484" type="tw_guides.tw_blkf.tw_blkf_icons.tw_blkf_icons_interact" GUID="nYWf0BhlF0m7tDDaNSIt0w=="/>
		<POI MapID="1015" xpos="279.541" ypos="412.555" zpos="-367.219" type="tw_guides.tw_blkf.tw_blkf_icons.tw_blkf_icons_interact" GUID="WNrRhHIyiUiDXFz9LgrgtA=="/>
		<POI MapID="1015" xpos="75.282" ypos="412.371" zpos="-314.994" type="tw_guides.tw_blkf.tw_blkf_icons.tw_blkf_icons_interact" GUID="eRmf1B3FjUWjAgNZQf8h1g=="/>
		<POI MapID="1015" xpos="150.971" ypos="412.294" zpos="-217.275" type="tw_guides.tw_blkf.tw_blkf_icons.tw_blkf_icons_interact" GUID="B/Ro1SADMUWqfddQPy1A5g=="/>
		<POI MapID="1015" xpos="187.734" ypos="413.722" zpos="-201.986" type="tw_guides.tw_blkf.tw_blkf_mission_start_signs.tw_blkf_mission_start_st29" GUID="qj+DTdaNl0yQH2sHsZhOFw=="/>
		<POI MapID="1023" xpos="174.561" ypos="360.698" zpos="-209.145" type="tw_guides.tw_blkf.tw_blkf_mission_start_signs.tw_blkf_mission_start_st29" GUID="eEFoR+r7jkCy/dEEgxhn3g=="/>
		<POI MapID="1023" xpos="180.632" ypos="360.168" zpos="-191.035" type="tw_guides.tw_blkf.tw_blkf_icons.tw_blkf_icons_interact" GUID="u1uzxonWP02tV0L1P5rB2Q=="/>
		<POI MapID="1023" xpos="175.516" ypos="367.832" zpos="-241.285" type="tw_guides.tw_blkf.tw_blkf_icons.tw_blkf_icons_talk" GUID="rlDSM0gPg0eY3txDKRb3Tw=="/>
		<POI MapID="1023" xpos="59.8664" ypos="358.693" zpos="-223.67" type="tw_guides.tw_blkf.tw_blkf_icons.tw_blkf_icons_attack" GUID="1MqMB679bEKNMQUM6d+X/w=="/>
		<POI MapID="1023" xpos="95.6156" ypos="360.65" zpos="-238.291" type="tw_guides.tw_blkf.tw_blkf_icons.tw_blkf_icons_attack" GUID="ZHCcI4+z006ugFen8jaDqA=="/>
		<POI MapID="1023" xpos="99.7494" ypos="361.106" zpos="-224.502" type="tw_guides.tw_blkf.tw_blkf_icons.tw_blkf_icons_attack" GUID="5gRTfL7+Eku2rzLA1dr7ng=="/>
		<POI MapID="1023" xpos="18.4315" ypos="346.444" zpos="-289.719" type="tw_guides.tw_blkf.tw_blkf_icons.tw_blkf_icons_attack" GUID="t2IFLrqrOEGTDqiU4zi0ZQ=="/>
		<POI MapID="1023" xpos="-3.74948" ypos="346.738" zpos="-278.239" type="tw_guides.tw_blkf.tw_blkf_icons.tw_blkf_icons_talk" GUID="G/WJR/TzCUm14zDNSlu0NQ=="/>
		<POI MapID="1023" xpos="2.72925" ypos="346.444" zpos="-273.103" type="tw_guides.tw_blkf.tw_blkf_icons.tw_blkf_icons_talk" GUID="IjJnxpXkgECWjKA3rCna/Q=="/>
		<POI MapID="1023" xpos="1.47583" ypos="346.444" zpos="-277.354" type="tw_guides.tw_blkf.tw_blkf_icons.tw_blkf_icons_talk" GUID="HNdf/RmbBEq2rlah1Mko3A=="/>
		<POI MapID="1023" xpos="4.46601" ypos="346.444" zpos="-267.574" type="tw_guides.tw_blkf.tw_blkf_mission_travel_teleports.tw_blkf_mission_travel_leave" GUID="rAnN36vY+UuOIqd064ULqA=="/>
		<POI MapID="1015" xpos="184.372" ypos="413.311" zpos="-207.998" type="tw_guides.tw_blkf.tw_blkf_mission_start_signs.tw_blkf_mission_start_st30" GUID="RC8CNeDCOUWnV5kDuKXvOQ=="/>
		<POI MapID="1015" xpos="-28.8981" ypos="412.901" zpos="-375.141" type="tw_guides.tw_blkf.tw_blkf_icons.tw_blkf_icons_portal" GUID="BMxGRJAP5U2FtS/BbZgcGw=="/>
		<POI MapID="1015" xpos="-47.3674" ypos="426.928" zpos="-385.122" type="tw_guides.tw_blkf.tw_blkf_icons.tw_blkf_icons_portal" GUID="p0k0x6btk06k1icT2LRxmw=="/>
		<POI MapID="1015" xpos="-12.4836" ypos="377.872" zpos="-353.783" type="tw_guides.tw_blkf.tw_blkf_mission_start_signs.tw_blkf_mission_start_st30" GUID="8zLAMuz/FEyyKtx/xFjjkA=="/>
		<POI MapID="1021" xpos="-39.5274" ypos="360.351" zpos="-328.256" type="tw_guides.tw_blkf.tw_blkf_mission_start_signs.tw_blkf_mission_start_st30" GUID="lMp4vK/fFUq4cJ+PXTQMkw=="/>
		<POI MapID="1021" xpos="-232.293" ypos="373.547" zpos="-339.604" type="tw_guides.tw_blkf.tw_blkf_icons.tw_blkf_icons_attack" GUID="F6b65Qcdh0uZv6B0KgTl2Q=="/>
		<POI MapID="1021" xpos="-243.078" ypos="373.989" zpos="-364.043" type="tw_guides.tw_blkf.tw_blkf_icons.tw_blkf_icons_talk" GUID="Rj7Ldl64WU2UpKy4fWOibA=="/>
		<POI MapID="15" xpos="-383.453" ypos="74.6424" zpos="600.115" type="tw_guides.tw_blkf.tw_blkf_icons.tw_blkf_icons_portal" GUID="7mAxMz1WAUWzNxopzEVS9Q=="/>
		<POI MapID="18" xpos="61.05" ypos="100.261" zpos="-511.068" type="tw_guides.tw_blkf.tw_blkf_mission_start_signs.tw_blkf_mission_start_st02" GUID="ghWwuLL8FEyt6BLVKh+NBQ=="/>
		<POI MapID="18" xpos="208.14" ypos="139.028" zpos="5.3266" type="tw_guides.tw_blkf.tw_blkf_icons.tw_blkf_icons_portal" GUID="rMKfftDv3kyEZn2/b5zvhA=="/>
		<POI MapID="18" xpos="264.493" ypos="79.7156" zpos="17.3591" type="tw_guides.tw_blkf.tw_blkf_icons.tw_blkf_icons_portal" GUID="5jRY4ZHRMkmQw9lt7squjQ=="/>
		<POI MapID="226" xpos="274.339" ypos="69.0742" zpos="260.462" type="tw_guides.tw_blkf.tw_blkf_icons.tw_blkf_icons_talk" GUID="Z4gvT87x2EWfkFCS1iV9IA=="/>
		<POI MapID="15" xpos="-647.935" ypos="22.0287" zpos="360.236" type="tw_guides.tw_blkf.tw_blkf_mission_start_signs.tw_blkf_mission_start_st03" GUID="x1H4VI1e9UG/pEnd7jo0kQ=="/>
		<POI MapID="97" xpos="130.846" ypos="134.912" zpos="23.2536" type="tw_guides.tw_blkf.tw_blkf_icons.tw_blkf_icons_dialogue01" GUID="pS0joGTwt0yTPafnT458FQ=="/>
		<POI MapID="18" xpos="220.915" ypos="79.8023" zpos="126.574" type="tw_guides.tw_blkf.tw_blkf_mission_travel_teleports.tw_blkf_mission_travel_waypoint" GUID="nEpkZhJDOUm3PPrK1ra93A=="/>
		<POI MapID="172" xpos="129.513" ypos="135.422" zpos="24.1233" type="tw_guides.tw_blkf.tw_blkf_icons.tw_blkf_icons_dialogue02" GUID="ZbRfWQmbCE6qFFUylKvhdw=="/>
		<POI MapID="15" xpos="354.904" ypos="6.15442" zpos="-668.528" type="tw_guides.tw_blkf.tw_blkf_icons.tw_blkf_icons_portal" GUID="BzxbxlHXyUuv2RZm1+/19A=="/>
		<POI MapID="23" xpos="611.497" ypos="38.4872" zpos="502.053" type="tw_guides.tw_blkf.tw_blkf_mission_travel_teleports.tw_blkf_mission_travel_waypoint" GUID="e5hyuzc8iEWR6Bt02L/AqQ=="/>
		<POI MapID="191" xpos="-350.271" ypos="8.19399" zpos="-419.451" type="tw_guides.tw_blkf.tw_blkf_icons.tw_blkf_icons_dialogue03" GUID="ig3hRdgajEOruGmC+cAQng=="/>
		<POI MapID="15" xpos="1014.55" ypos="30.441" zpos="195.477" type="tw_guides.tw_blkf.tw_blkf_icons.tw_blkf_icons_portal" GUID="oTJS9TBL6kGKCSo8Er531Q=="/>
		<POI MapID="18" xpos="124.598" ypos="145.385" zpos="-154.546" type="tw_guides.tw_blkf.tw_blkf_icons.tw_blkf_icons_portal" GUID="aaGwZNdanEeLE4ugSeVdPQ=="/>
		<POI MapID="633" xpos="-19.4575" ypos="21.5036" zpos="138.314" type="tw_guides.tw_blkf.tw_blkf_icons.tw_blkf_icons_talk" GUID="MDOlnWZvSUGQDx7pGGMnlA=="/>
		<POI MapID="50" xpos="185.769" ypos="30.2786" zpos="-129.251" type="tw_guides.tw_blkf.tw_blkf_mission_travel_teleports.tw_blkf_mission_travel_waypoint" GUID="G7GUR5uh6Ee/dsNqZwew8g=="/>
		<POI MapID="50" xpos="-53.9018" ypos="20.9881" zpos="351.729" type="tw_guides.tw_blkf.tw_blkf_mission_travel_teleports.tw_blkf_mission_travel_waypoint" GUID="fymNSNvrA02G2HaC36k8fg=="/>
		<POI MapID="18" xpos="488.902" ypos="67.0241" zpos="-128.871" type="tw_guides.tw_blkf.tw_blkf_icons.tw_blkf_icons_portal" GUID="O8yfN2PdzEmFIsVxojPXIg=="/>
		<POI MapID="15" xpos="-419.1" ypos="34.8048" zpos="440.25" type="tw_guides.tw_blkf.tw_blkf_mission_travel_teleports.tw_blkf_mission_travel_waypoint" GUID="oj3SiXSWeESABQLKguZ5Tw=="/>
		<POI MapID="15" xpos="-645.325" ypos="22.1393" zpos="360.12" type="tw_guides.tw_blkf.tw_blkf_mission_travel_teleports.tw_blkf_mission_travel_waypoint" GUID="tSHWqG2J0U2G0VTG5CrhMw=="/>
		<POI MapID="15" xpos="-195.748" ypos="28.5721" zpos="309.871" type="tw_guides.tw_blkf.tw_blkf_mission_travel_teleports.tw_blkf_mission_travel_waypoint" GUID="02uV7PoANE6Tjwl0Xpwkfg=="/>
		<POI MapID="15" xpos="447.9" ypos="36.4766" zpos="141.269" type="tw_guides.tw_blkf.tw_blkf_mission_travel_teleports.tw_blkf_mission_travel_waypoint" GUID="575vUCvozESHiX5J4Jh3oA=="/>
		<POI MapID="492" xpos="77.072" ypos="4.78292" zpos="136.435" type="tw_guides.tw_blkf.tw_blkf_mission_travel_teleports.tw_blkf_mission_travel_leave" GUID="3g8eqAnAf0ajH+T4hvsiCQ=="/>
		<POI MapID="50" xpos="-160.421" ypos="32.9665" zpos="439.695" type="tw_guides.tw_blkf.tw_blkf_icons.tw_blkf_icons_portal" GUID="ldDFEtnEF06gqLbZS8tn/g=="/>
		<POI MapID="24" xpos="-696.207" ypos="56.2507" zpos="592.735" type="tw_guides.tw_blkf.tw_blkf_icons.tw_blkf_icons_portal" GUID="f/CLPQLNIkegDcxCrKsqPA=="/>
		<POI MapID="17" xpos="-758.899" ypos="38.1599" zpos="684.506" type="tw_guides.tw_blkf.tw_blkf_mission_travel_teleports.tw_blkf_mission_travel_waypoint" GUID="+N5coJQj6EGEwQ0ToAzSpg=="/>
		<POI MapID="24" xpos="-670.759" ypos="50.5204" zpos="569.546" type="tw_guides.tw_blkf.tw_blkf_mission_travel_teleports.tw_blkf_mission_travel_waypoint" GUID="/qIQkrP3nUCJXABTV8Ay8w=="/>
		<POI MapID="672" xpos="-877.426" ypos="25.8781" zpos="745.932" type="tw_guides.tw_blkf.tw_blkf_icons.tw_blkf_icons_talk" GUID="EePMdhF3SEWcwinVdwVT+w=="/>
		<Trail type="tw_guides.tw_blkf.tw_blkf_mt_toggletrails.tw_blkf_mt01_1_toggletrail" GUID="ACASM+7HqUC84DnoPsSYdg==" fadeNear="5000" fadeFar="5100" trailData="Data/TekkitsWorkshop/BLKF/tw_blkf_mt01_1_toggletrail.trl" animSpeed="0" texture="Data/TekkitsWorkshop/General/tw_trail_mc.png"/>
		<Trail type="tw_guides.tw_blkf.tw_blkf_mt_toggletrails.tw_blkf_mt02_1_toggletrail" GUID="h3Qp3VasREiv/yMLg65TGw==" fadeNear="5000" fadeFar="5100" trailData="Data/TekkitsWorkshop/BLKF/tw_blkf_mt02_1_toggletrail.trl" animSpeed="0" texture="Data/TekkitsWorkshop/General/tw_trail_mc.png"/>
		<Trail type="tw_guides.tw_blkf.tw_blkf_mt_toggletrails.tw_blkf_mt03_1_toggletrail" GUID="ai441IZKlUeCGwRXPHn3Dw==" fadeNear="5000" fadeFar="5100" trailData="Data/TekkitsWorkshop/BLKF/tw_blkf_mt03_1_toggletrail.trl" animSpeed="0" texture="Data/TekkitsWorkshop/General/tw_trail_mc.png"/>
		<Trail type="tw_guides.tw_blkf.tw_blkf_mt_toggletrails.tw_blkf_mt03_2_toggletrail" GUID="jzM2w6On2kGWJvvDIUwDdA==" fadeNear="5000" fadeFar="5100" trailData="Data/TekkitsWorkshop/BLKF/tw_blkf_mt03_2_toggletrail.trl" animSpeed="0" texture="Data/TekkitsWorkshop/General/tw_trail_mc.png"/>
		<Trail type="tw_guides.tw_blkf.tw_blkf_mt_toggletrails.tw_blkf_mt04_1_toggletrail" GUID="LpRvPygxT0yX5lswdd5cXw==" fadeNear="5000" fadeFar="5100" trailData="Data/TekkitsWorkshop/BLKF/tw_blkf_mt04_1_toggletrail.trl" animSpeed="0" texture="Data/TekkitsWorkshop/General/tw_trail_mc.png"/>
		<Trail type="tw_guides.tw_blkf.tw_blkf_mt_toggletrails.tw_blkf_mt04_2_toggletrail" GUID="ybrPTYtSOkGp/0iHdXtHeA==" fadeNear="5000" fadeFar="5100" trailData="Data/TekkitsWorkshop/BLKF/tw_blkf_mt04_2_toggletrail.trl" animSpeed="0" texture="Data/TekkitsWorkshop/General/tw_trail_mc.png"/>
		<Trail type="tw_guides.tw_blkf.tw_blkf_mt_toggletrails.tw_blkf_mt05_1_toggletrail" GUID="Vp6kvprsmUmE0Ze4Ky7TIg==" fadeNear="5000" fadeFar="5100" trailData="Data/TekkitsWorkshop/BLKF/tw_blkf_mt05_1_toggletrail.trl" animSpeed="0" texture="Data/TekkitsWorkshop/General/tw_trail_mc.png"/>
		<Trail type="tw_guides.tw_blkf.tw_blkf_mt_toggletrails.tw_blkf_mt06_1_toggletrail" GUID="vigKa+Ik7kCJvdF5EGtQgw==" fadeNear="5000" fadeFar="5100" trailData="Data/TekkitsWorkshop/BLKF/tw_blkf_mt06_1_toggletrail.trl" animSpeed="0" texture="Data/TekkitsWorkshop/General/tw_trail_mc.png"/>
		<Trail type="tw_guides.tw_blkf.tw_blkf_mt_toggletrails.tw_blkf_mt07_1_toggletrail" GUID="f1qQQQ0MUEuUe9hR7HqUIg==" fadeNear="5000" fadeFar="5100" trailData="Data/TekkitsWorkshop/BLKF/tw_blkf_mt07_1_toggletrail.trl" animSpeed="0" texture="Data/TekkitsWorkshop/General/tw_trail_mc.png"/>
		<Trail type="tw_guides.tw_blkf.tw_blkf_mt_toggletrails.tw_blkf_mt08_1_toggletrail" GUID="TECffVQSN063W8q78SZ6uw==" fadeNear="5000" fadeFar="5100" trailData="Data/TekkitsWorkshop/BLKF/tw_blkf_mt08_1_toggletrail.trl" animSpeed="0" texture="Data/TekkitsWorkshop/General/tw_trail_mc.png"/>
		<Trail type="tw_guides.tw_blkf.tw_blkf_mt_toggletrails.tw_blkf_mt08_2_toggletrail" GUID="y/TU8PjEqEqzzwE9Y0S71Q==" fadeNear="5000" fadeFar="5100" trailData="Data/TekkitsWorkshop/BLKF/tw_blkf_mt08_2_toggletrail.trl" animSpeed="0" texture="Data/TekkitsWorkshop/General/tw_trail_mc.png"/>
		<Trail type="tw_guides.tw_blkf.tw_blkf_mt_toggletrails.tw_blkf_mt09_1_toggletrail" GUID="IQEOJ3zTHUOKZTNivBfJhQ==" fadeNear="5000" fadeFar="5100" trailData="Data/TekkitsWorkshop/BLKF/tw_blkf_mt09_1_toggletrail.trl" animSpeed="0" texture="Data/TekkitsWorkshop/General/tw_trail_mc.png"/>
		<Trail type="tw_guides.tw_blkf.tw_blkf_mt_toggletrails.tw_blkf_mt10_1_toggletrail" GUID="seBPWjGLx0KEcBgY7VIa4w==" fadeNear="5000" fadeFar="5100" trailData="Data/TekkitsWorkshop/BLKF/tw_blkf_mt10_1_toggletrail.trl" animSpeed="0" texture="Data/TekkitsWorkshop/General/tw_trail_mc.png"/>
		<Trail type="tw_guides.tw_blkf.tw_blkf_mt_toggletrails.tw_blkf_mt11_1_toggletrail" GUID="QoB+Z49F3EGfgnROtwGrvw==" fadeNear="5000" fadeFar="5100" trailData="Data/TekkitsWorkshop/BLKF/tw_blkf_mt11_1_toggletrail.trl" animSpeed="0" texture="Data/TekkitsWorkshop/General/tw_trail_mc.png"/>
		<Trail type="tw_guides.tw_blkf.tw_blkf_mt_toggletrails.tw_blkf_mt11_2_toggletrail" GUID="9Kx6CF4kX0i2KDOF0CqljA==" fadeNear="5000" fadeFar="5100" trailData="Data/TekkitsWorkshop/BLKF/tw_blkf_mt11_2_toggletrail.trl" animSpeed="0" texture="Data/TekkitsWorkshop/General/tw_trail_mc.png"/>
		<Trail type="tw_guides.tw_blkf.tw_blkf_mt_toggletrails.tw_blkf_mt12_1_toggletrail" GUID="ihhpM8sKZ0OLcUyOnx4egQ==" fadeNear="5000" fadeFar="5100" trailData="Data/TekkitsWorkshop/BLKF/tw_blkf_mt12_1_toggletrail.trl" animSpeed="0" texture="Data/TekkitsWorkshop/General/tw_trail_mc.png"/>
		<Trail type="tw_guides.tw_blkf.tw_blkf_mt_toggletrails.tw_blkf_mt12_2_toggletrail" GUID="DMKSrImfuEOInfPN1TMj4g==" fadeNear="5000" fadeFar="5100" trailData="Data/TekkitsWorkshop/BLKF/tw_blkf_mt12_2_toggletrail.trl" animSpeed="0" texture="Data/TekkitsWorkshop/General/tw_trail_mc.png"/>
		<Trail type="tw_guides.tw_blkf.tw_blkf_mt_toggletrails.tw_blkf_mt14_1_toggletrail" GUID="x0NtzoAVVk6Ep+CfolWN1w==" fadeNear="5000" fadeFar="5100" trailData="Data/TekkitsWorkshop/BLKF/tw_blkf_mt14_1_toggletrail.trl" animSpeed="0" texture="Data/TekkitsWorkshop/General/tw_trail_mc.png"/>
		<Trail type="tw_guides.tw_blkf.tw_blkf_mt_toggletrails.tw_blkf_mt14_2_toggletrail" GUID="yicS/n2ES0KxWKVvl/+0iQ==" fadeNear="5000" fadeFar="5100" trailData="Data/TekkitsWorkshop/BLKF/tw_blkf_mt14_2_toggletrail.trl" animSpeed="0" texture="Data/TekkitsWorkshop/General/tw_trail_mc.png"/>
		<Trail type="tw_guides.tw_blkf.tw_blkf_mt_toggletrails.tw_blkf_mt15_1_toggletrail" GUID="5DhuK91RtkO7g88ZdnH5Wg==" fadeNear="5000" fadeFar="5100" trailData="Data/TekkitsWorkshop/BLKF/tw_blkf_mt15_1_toggletrail.trl" animSpeed="0" texture="Data/TekkitsWorkshop/General/tw_trail_mc.png"/>
		<Trail type="tw_guides.tw_blkf.tw_blkf_mt_toggletrails.tw_blkf_mt15_2_toggletrail" GUID="8B5FYog2qEq5B2pXSB4UHA==" fadeNear="5000" fadeFar="5100" trailData="Data/TekkitsWorkshop/BLKF/tw_blkf_mt15_2_toggletrail.trl" animSpeed="0" texture="Data/TekkitsWorkshop/General/tw_trail_mc.png"/>
		<Trail type="tw_guides.tw_blkf.tw_blkf_mt_toggletrails.tw_blkf_mt16_1_toggletrail" GUID="O0/OL0b5RUq1KqvZMLoDGA==" fadeNear="5000" fadeFar="5100" trailData="Data/TekkitsWorkshop/BLKF/tw_blkf_mt16_1_toggletrail.trl" animSpeed="0" texture="Data/TekkitsWorkshop/General/tw_trail_mc.png"/>
		<Trail type="tw_guides.tw_blkf.tw_blkf_mt_toggletrails.tw_blkf_mt17_1_toggletrail" GUID="gub2PUtGtUuIeu5S6BjpOg==" fadeNear="5000" fadeFar="5100" trailData="Data/TekkitsWorkshop/BLKF/tw_blkf_mt17_1_toggletrail.trl" animSpeed="0" texture="Data/TekkitsWorkshop/General/tw_trail_mc.png"/>
		<Trail type="tw_guides.tw_blkf.tw_blkf_mt_toggletrails.tw_blkf_mt18_1_toggletrail" GUID="7TK0Ub2aM0Cw+8uGYxh2Rw==" fadeNear="5000" fadeFar="5100" trailData="Data/TekkitsWorkshop/BLKF/tw_blkf_mt18_1_toggletrail.trl" animSpeed="0" texture="Data/TekkitsWorkshop/General/tw_trail_mc.png"/>
		<Trail type="tw_guides.tw_blkf.tw_blkf_mt_toggletrails.tw_blkf_mt18_2_toggletrail" GUID="bXOTN9J2dE2AH8AAvAJHCQ==" fadeNear="5000" fadeFar="5100" trailData="Data/TekkitsWorkshop/BLKF/tw_blkf_mt18_2_toggletrail.trl" animSpeed="0" texture="Data/TekkitsWorkshop/General/tw_trail_mc.png"/>
		<Trail type="tw_guides.tw_blkf.tw_blkf_mt_toggletrails.tw_blkf_mt19_1_toggletrail" GUID="8Kl3rYCvOUqKby3EwRdy6A==" fadeNear="5000" fadeFar="5100" trailData="Data/TekkitsWorkshop/BLKF/tw_blkf_mt19_1_toggletrail.trl" animSpeed="0" texture="Data/TekkitsWorkshop/General/tw_trail_mc.png"/>
		<Trail type="tw_guides.tw_blkf.tw_blkf_mt_toggletrails.tw_blkf_mt20_1_toggletrail" GUID="SWRF5zyxfEazGnpBzKKeXw==" fadeNear="5000" fadeFar="5100" trailData="Data/TekkitsWorkshop/BLKF/tw_blkf_mt20_1_toggletrail.trl" animSpeed="0" texture="Data/TekkitsWorkshop/General/tw_trail_mc.png"/>
		<Trail type="tw_guides.tw_blkf.tw_blkf_mt_toggletrails.tw_blkf_mt21_1_toggletrail" GUID="c6G7ObpeRUWKtKqSM7sqvA==" fadeNear="5000" fadeFar="5100" trailData="Data/TekkitsWorkshop/BLKF/tw_blkf_mt21_1_toggletrail.trl" animSpeed="0" texture="Data/TekkitsWorkshop/General/tw_trail_mc.png"/>
		<Trail type="tw_guides.tw_blkf.tw_blkf_mt_toggletrails.tw_blkf_mt21_2_toggletrail" GUID="b6G2B4USaE2asc+CXIF+QA==" fadeNear="5000" fadeFar="5100" trailData="Data/TekkitsWorkshop/BLKF/tw_blkf_mt21_2_toggletrail.trl" animSpeed="0" texture="Data/TekkitsWorkshop/General/tw_trail_mc.png"/>
		<Trail type="tw_guides.tw_blkf.tw_blkf_mt_toggletrails.tw_blkf_mt22_1_toggletrail" GUID="oDBk3rvKY02XH+COnXOcXQ==" fadeNear="5000" fadeFar="5100" trailData="Data/TekkitsWorkshop/BLKF/tw_blkf_mt22_1_toggletrail.trl" animSpeed="0" texture="Data/TekkitsWorkshop/General/tw_trail_mc.png"/>
		<Trail type="tw_guides.tw_blkf.tw_blkf_mt_toggletrails.tw_blkf_mt23_1_toggletrail" GUID="bH7NPcghxUyLfmg6G/H9qA==" fadeNear="5000" fadeFar="5100" trailData="Data/TekkitsWorkshop/BLKF/tw_blkf_mt23_1_toggletrail.trl" animSpeed="0" texture="Data/TekkitsWorkshop/General/tw_trail_mc.png"/>
		<Trail type="tw_guides.tw_blkf.tw_blkf_mt_toggletrails.tw_blkf_mt24_1_toggletrail" GUID="c9QjX/1VqUqBOMhjoIPIYA==" fadeNear="5000" fadeFar="5100" trailData="Data/TekkitsWorkshop/BLKF/tw_blkf_mt24_1_toggletrail.trl" animSpeed="0" texture="Data/TekkitsWorkshop/General/tw_trail_mc.png"/>
		<Trail type="tw_guides.tw_blkf.tw_blkf_mt_toggletrails.tw_blkf_mt25_1_toggletrail" GUID="VBmLMkZ1wUagI8EJjYqLOg==" fadeNear="5000" fadeFar="5100" trailData="Data/TekkitsWorkshop/BLKF/tw_blkf_mt25_1_toggletrail.trl" animSpeed="0" texture="Data/TekkitsWorkshop/General/tw_trail_mc.png"/>
		<Trail type="tw_guides.tw_blkf.tw_blkf_mt_toggletrails.tw_blkf_mt26_1_toggletrail" GUID="wtj9kIShiEq5Bu75lvXeNw==" fadeNear="5000" fadeFar="5100" trailData="Data/TekkitsWorkshop/BLKF/tw_blkf_mt26_1_toggletrail.trl" animSpeed="0" texture="Data/TekkitsWorkshop/General/tw_trail_mc.png"/>
		<Trail type="tw_guides.tw_blkf.tw_blkf_mt_toggletrails.tw_blkf_mt27_1_toggletrail" GUID="KiekLNBR/kGTMlrLCK7sZg==" fadeNear="5000" fadeFar="5100" trailData="Data/TekkitsWorkshop/BLKF/tw_blkf_mt27_1_toggletrail.trl" animSpeed="0" texture="Data/TekkitsWorkshop/General/tw_trail_mc.png"/>
		<Trail type="tw_guides.tw_blkf.tw_blkf_mt_toggletrails.tw_blkf_mt28_1_toggletrail" GUID="wX/7/+vkdk2lNEh4wON3PA==" fadeNear="5000" fadeFar="5100" trailData="Data/TekkitsWorkshop/BLKF/tw_blkf_mt28_1_toggletrail.trl" animSpeed="0" texture="Data/TekkitsWorkshop/General/tw_trail_mc.png"/>
		<Trail type="tw_guides.tw_blkf.tw_blkf_mt_toggletrails.tw_blkf_mt29_1_toggletrail" GUID="T2M4g6DcxkqmIHRLogSOwQ==" fadeNear="5000" fadeFar="5100" trailData="Data/TekkitsWorkshop/BLKF/tw_blkf_mt29_1_toggletrail.trl" animSpeed="0" texture="Data/TekkitsWorkshop/General/tw_trail_mc.png"/>
		<Trail type="tw_guides.tw_blkf.tw_blkf_mt_toggletrails.tw_blkf_mt30_1_toggletrail" GUID="kICzAcr0LkuChnsBIBZinw==" fadeNear="5000" fadeFar="5100" trailData="Data/TekkitsWorkshop/BLKF/tw_blkf_mt30_1_toggletrail.trl" animSpeed="0" texture="Data/TekkitsWorkshop/General/tw_trail_mc.png"/>
		<Trail type="tw_guides.tw_blkf.tw_blkf_tt_toggletrails.tw_blkf_tt01_02_1_toggletrail" GUID="P3G3uiqOukqoeEi0KF2BJQ==" fadeNear="5000" fadeFar="5100" trailData="Data/TekkitsWorkshop/BLKF/tw_blkf_tt01_02_1_toggletrail.trl" animSpeed="0" texture="Data/TekkitsWorkshop/General/tw_trail_mc.png"/>
		<Trail type="tw_guides.tw_blkf.tw_blkf_tt_toggletrails.tw_blkf_tt01_02_2_toggletrail" GUID="EUYIxQM5d0elbg2Zj9W9Ug==" fadeNear="5000" fadeFar="5100" trailData="Data/TekkitsWorkshop/BLKF/tw_blkf_tt01_02_2_toggletrail.trl" animSpeed="0" texture="Data/TekkitsWorkshop/General/tw_trail_mc.png"/>
		<Trail type="tw_guides.tw_blkf.tw_blkf_tt_toggletrails.tw_blkf_tt02_03_1_toggletrail" GUID="g0GHiuZdPUWqZ7dYrOQtFQ==" fadeNear="5000" fadeFar="5100" trailData="Data/TekkitsWorkshop/BLKF/tw_blkf_tt02_03_1_toggletrail.trl" animSpeed="0" texture="Data/TekkitsWorkshop/General/tw_trail_mc.png"/>
		<Trail type="tw_guides.tw_blkf.tw_blkf_tt_toggletrails.tw_blkf_tt02_03_2_toggletrail" GUID="ubUccQ36MUKIEgbQ+sQaiw==" fadeNear="5000" fadeFar="5100" trailData="Data/TekkitsWorkshop/BLKF/tw_blkf_tt02_03_2_toggletrail.trl" animSpeed="0" texture="Data/TekkitsWorkshop/General/tw_trail_mc.png"/>
		<Trail type="tw_guides.tw_blkf.tw_blkf_tt_toggletrails.tw_blkf_tt03_04_1_toggletrail" GUID="FcZNlRAFDEW9Zv8LHvmoMQ==" fadeNear="5000" fadeFar="5100" trailData="Data/TekkitsWorkshop/BLKF/tw_blkf_tt03_04_1_toggletrail.trl" animSpeed="0" texture="Data/TekkitsWorkshop/General/tw_trail_mc.png"/>
		<Trail type="tw_guides.tw_blkf.tw_blkf_tt_toggletrails.tw_blkf_tt03_04_2_toggletrail" GUID="mvkw80xsv0aTRqbRDTKA8A==" fadeNear="5000" fadeFar="5100" trailData="Data/TekkitsWorkshop/BLKF/tw_blkf_tt03_04_2_toggletrail.trl" animSpeed="0" texture="Data/TekkitsWorkshop/General/tw_trail_mc.png"/>
		<Trail type="tw_guides.tw_blkf.tw_blkf_tt_toggletrails.tw_blkf_tt06_07_1_toggletrail" GUID="4l72tmNEtESFRtl8AOdwwQ==" fadeNear="5000" fadeFar="5100" trailData="Data/TekkitsWorkshop/BLKF/tw_blkf_tt06_07_1_toggletrail.trl" animSpeed="0" texture="Data/TekkitsWorkshop/General/tw_trail_mc.png"/>
		<Trail type="tw_guides.tw_blkf.tw_blkf_tt_toggletrails.tw_blkf_tt07_08_1_toggletrail" GUID="ltMc088fWEOkSQIpzmv6tQ==" fadeNear="5000" fadeFar="5100" trailData="Data/TekkitsWorkshop/BLKF/tw_blkf_tt07_08_1_toggletrail.trl" animSpeed="0" texture="Data/TekkitsWorkshop/General/tw_trail_mc.png"/>
		<Trail type="tw_guides.tw_blkf.tw_blkf_tt_toggletrails.tw_blkf_tt08_09_1_toggletrail" GUID="hHZJtfwyvUSLvjEL9yZyRQ==" fadeNear="5000" fadeFar="5100" trailData="Data/TekkitsWorkshop/BLKF/tw_blkf_tt08_09_1_toggletrail.trl" animSpeed="0" texture="Data/TekkitsWorkshop/General/tw_trail_mc.png"/>
		<Trail type="tw_guides.tw_blkf.tw_blkf_tt_toggletrails.tw_blkf_tt09_10_1_toggletrail" GUID="CfNJQsoFfEup+dU8XUbOiw==" fadeNear="5000" fadeFar="5100" trailData="Data/TekkitsWorkshop/BLKF/tw_blkf_tt09_10_1_toggletrail.trl" animSpeed="0" texture="Data/TekkitsWorkshop/General/tw_trail_mc.png"/>
		<Trail type="tw_guides.tw_blkf.tw_blkf_tt_toggletrails.tw_blkf_tt10_11_1_toggletrail" GUID="mFvl4+U3G0K468lo3GXYOw==" fadeNear="5000" fadeFar="5100" trailData="Data/TekkitsWorkshop/BLKF/tw_blkf_tt10_11_1_toggletrail.trl" animSpeed="0" texture="Data/TekkitsWorkshop/General/tw_trail_mc.png"/>
		<Trail type="tw_guides.tw_blkf.tw_blkf_tt_toggletrails.tw_blkf_tt10_11_2_toggletrail" GUID="2czvccMNqUiGJWspIhCMFg==" fadeNear="5000" fadeFar="5100" trailData="Data/TekkitsWorkshop/BLKF/tw_blkf_tt10_11_2_toggletrail.trl" animSpeed="0" texture="Data/TekkitsWorkshop/General/tw_trail_mc.png"/>
		<Trail type="tw_guides.tw_blkf.tw_blkf_tt_toggletrails.tw_blkf_tt11_12_1_toggletrail" GUID="scOC5Dn8PEykyr3b/7JCeQ==" fadeNear="5000" fadeFar="5100" trailData="Data/TekkitsWorkshop/BLKF/tw_blkf_tt11_12_1_toggletrail.trl" animSpeed="0" texture="Data/TekkitsWorkshop/General/tw_trail_mc.png"/>
		<Trail type="tw_guides.tw_blkf.tw_blkf_tt_toggletrails.tw_blkf_tt13_14_1_toggletrail" GUID="JLQKBVS5KUWFAEnvRO7r6Q==" fadeNear="5000" fadeFar="5100" trailData="Data/TekkitsWorkshop/BLKF/tw_blkf_tt13_14_1_toggletrail.trl" animSpeed="0" texture="Data/TekkitsWorkshop/General/tw_trail_mc.png"/>
		<Trail type="tw_guides.tw_blkf.tw_blkf_tt_toggletrails.tw_blkf_tt14_15_1_toggletrail" GUID="EubthlVNUUCF6mvYTjSmww==" fadeNear="5000" fadeFar="5100" trailData="Data/TekkitsWorkshop/BLKF/tw_blkf_tt14_15_1_toggletrail.trl" animSpeed="0" texture="Data/TekkitsWorkshop/General/tw_trail_mc.png"/>
		<Trail type="tw_guides.tw_blkf.tw_blkf_tt_toggletrails.tw_blkf_tt14_15_2_toggletrail" GUID="eE3ja38bs0Cekb6c1N/4xg==" fadeNear="5000" fadeFar="5100" trailData="Data/TekkitsWorkshop/BLKF/tw_blkf_tt14_15_2_toggletrail.trl" animSpeed="0" texture="Data/TekkitsWorkshop/General/tw_trail_mc.png"/>
		<Trail type="tw_guides.tw_blkf.tw_blkf_tt_toggletrails.tw_blkf_tt15_16_1_toggletrail" GUID="F6aNakEOtkSd8SJuEpZmpw==" fadeNear="5000" fadeFar="5100" trailData="Data/TekkitsWorkshop/BLKF/tw_blkf_tt15_16_1_toggletrail.trl" animSpeed="0" texture="Data/TekkitsWorkshop/General/tw_trail_mc.png"/>
		<Trail type="tw_guides.tw_blkf.tw_blkf_tt_toggletrails.tw_blkf_tt15_16_2_toggletrail" GUID="nW109YMzVUu9OE1c31FF7Q==" fadeNear="5000" fadeFar="5100" trailData="Data/TekkitsWorkshop/BLKF/tw_blkf_tt15_16_2_toggletrail.trl" animSpeed="0" texture="Data/TekkitsWorkshop/General/tw_trail_mc.png"/>
		<Trail type="tw_guides.tw_blkf.tw_blkf_tt_toggletrails.tw_blkf_tt17_18_1_toggletrail" GUID="z3yrXq+PM0Sr1henzelhEA==" fadeNear="5000" fadeFar="5100" trailData="Data/TekkitsWorkshop/BLKF/tw_blkf_tt17_18_1_toggletrail.trl" animSpeed="0" texture="Data/TekkitsWorkshop/General/tw_trail_mc.png"/>
		<Trail type="tw_guides.tw_blkf.tw_blkf_tt_toggletrails.tw_blkf_tt17_18_2_toggletrail" GUID="q4Pqmuh0cUGmh6J487ya5w==" fadeNear="5000" fadeFar="5100" trailData="Data/TekkitsWorkshop/BLKF/tw_blkf_tt17_18_2_toggletrail.trl" animSpeed="0" texture="Data/TekkitsWorkshop/General/tw_trail_mc.png"/>
		<Trail type="tw_guides.tw_blkf.tw_blkf_tt_toggletrails.tw_blkf_tt18_19_1_toggletrail" GUID="q+/ehlsxYkalgJdJ0zb4Yg==" fadeNear="5000" fadeFar="5100" trailData="Data/TekkitsWorkshop/BLKF/tw_blkf_tt18_19_1_toggletrail.trl" animSpeed="0" texture="Data/TekkitsWorkshop/General/tw_trail_mc.png"/>
		<Trail type="tw_guides.tw_blkf.tw_blkf_tt_toggletrails.tw_blkf_tt18_19_2_toggletrail" GUID="BiCW6IahlECyUiTfDFjAVw==" fadeNear="5000" fadeFar="5100" trailData="Data/TekkitsWorkshop/BLKF/tw_blkf_tt18_19_2_toggletrail.trl" animSpeed="0" texture="Data/TekkitsWorkshop/General/tw_trail_mc.png"/>
		<Trail type="tw_guides.tw_blkf.tw_blkf_tt_toggletrails.tw_blkf_tt19_20_1_toggletrail" GUID="FD77vHzBBEiufkKMWU/yKg==" fadeNear="5000" fadeFar="5100" trailData="Data/TekkitsWorkshop/BLKF/tw_blkf_tt19_20_1_toggletrail.trl" animSpeed="0" texture="Data/TekkitsWorkshop/General/tw_trail_mc.png"/>
		<Trail type="tw_guides.tw_blkf.tw_blkf_tt_toggletrails.tw_blkf_tt20_21_1_toggletrail" GUID="SV5Ndf1nZkC5PuPF86g5Mg==" fadeNear="5000" fadeFar="5100" trailData="Data/TekkitsWorkshop/BLKF/tw_blkf_tt20_21_1_toggletrail.trl" animSpeed="0" texture="Data/TekkitsWorkshop/General/tw_trail_mc.png"/>
		<Trail type="tw_guides.tw_blkf.tw_blkf_tt_toggletrails.tw_blkf_tt20_21_2_toggletrail" GUID="XrOwTpIFJ0G0IV4RJwo4Pw==" fadeNear="5000" fadeFar="5100" trailData="Data/TekkitsWorkshop/BLKF/tw_blkf_tt20_21_2_toggletrail.trl" animSpeed="0" texture="Data/TekkitsWorkshop/General/tw_trail_mc.png"/>
		<Trail type="tw_guides.tw_blkf.tw_blkf_tt_toggletrails.tw_blkf_tt20_21_3_toggletrail" GUID="i7XMWDbdbU+OTQxKz/dbWw==" fadeNear="5000" fadeFar="5100" trailData="Data/TekkitsWorkshop/BLKF/tw_blkf_tt20_21_3_toggletrail.trl" animSpeed="0" texture="Data/TekkitsWorkshop/General/tw_trail_mc.png"/>
		<Trail type="tw_guides.tw_blkf.tw_blkf_tt_toggletrails.tw_blkf_tt21_22_1_toggletrail" GUID="VdRa+F/dqEmu4YuHADcFIw==" fadeNear="5000" fadeFar="5100" trailData="Data/TekkitsWorkshop/BLKF/tw_blkf_tt21_22_1_toggletrail.trl" animSpeed="0" texture="Data/TekkitsWorkshop/General/tw_trail_mc.png"/>
		<Trail type="tw_guides.tw_blkf.tw_blkf_tt_toggletrails.tw_blkf_tt21_22_2_toggletrail" GUID="49XV3f0Ku0iBwGs717vMKg==" fadeNear="5000" fadeFar="5100" trailData="Data/TekkitsWorkshop/BLKF/tw_blkf_tt21_22_2_toggletrail.trl" animSpeed="0" texture="Data/TekkitsWorkshop/General/tw_trail_mc.png"/>
		<Trail type="tw_guides.tw_blkf.tw_blkf_tt_toggletrails.tw_blkf_tt22_23_1_toggletrail" GUID="pNNLMO/GyUKseiDmQz8qxg==" fadeNear="5000" fadeFar="5100" trailData="Data/TekkitsWorkshop/BLKF/tw_blkf_tt22_23_1_toggletrail.trl" animSpeed="0" texture="Data/TekkitsWorkshop/General/tw_trail_mc.png"/>
		<Trail type="tw_guides.tw_blkf.tw_blkf_tt_toggletrails.tw_blkf_tt23_24_1_toggletrail" GUID="su9ZzCJWDU+sfuJ0j51zYQ==" fadeNear="5000" fadeFar="5100" trailData="Data/TekkitsWorkshop/BLKF/tw_blkf_tt23_24_1_toggletrail.trl" animSpeed="0" texture="Data/TekkitsWorkshop/General/tw_trail_mc.png"/>
		<Trail type="tw_guides.tw_blkf.tw_blkf_tt_toggletrails.tw_blkf_tt24_25_1_toggletrail" GUID="uQ6kOqA+50KA7WMFZfV2GA==" fadeNear="5000" fadeFar="5100" trailData="Data/TekkitsWorkshop/BLKF/tw_blkf_tt24_25_1_toggletrail.trl" animSpeed="0" texture="Data/TekkitsWorkshop/General/tw_trail_mc.png"/>
		<Trail type="tw_guides.tw_blkf.tw_blkf_tt_toggletrails.tw_blkf_tt24_25_2_toggletrail" GUID="vpegUzPuMkeFh6HB2X/hRA==" fadeNear="5000" fadeFar="5100" trailData="Data/TekkitsWorkshop/BLKF/tw_blkf_tt24_25_2_toggletrail.trl" animSpeed="0" texture="Data/TekkitsWorkshop/General/tw_trail_mc.png"/>
		<Trail type="tw_guides.tw_blkf.tw_blkf_tt_toggletrails.tw_blkf_tt26_27_1_toggletrail" GUID="iGLDuU/gSk+QEwo1/SfF1A==" fadeNear="5000" fadeFar="5100" trailData="Data/TekkitsWorkshop/BLKF/tw_blkf_tt26_27_1_toggletrail.trl" animSpeed="0" texture="Data/TekkitsWorkshop/General/tw_trail_mc.png"/>
		<Trail type="tw_guides.tw_blkf.tw_blkf_tt_toggletrails.tw_blkf_tt27_28_1_toggletrail" GUID="ty9MJqqvXk6BAFXZxSPT8w==" fadeNear="5000" fadeFar="5100" trailData="Data/TekkitsWorkshop/BLKF/tw_blkf_tt27_28_1_toggletrail.trl" animSpeed="0" texture="Data/TekkitsWorkshop/General/tw_trail_mc.png"/>
		<Trail type="tw_guides.tw_blkf.tw_blkf_tt_toggletrails.tw_blkf_tt27_28_2_toggletrail" GUID="qYNW4Gj+Q0W6kOF3Y4gwSQ==" fadeNear="5000" fadeFar="5100" trailData="Data/TekkitsWorkshop/BLKF/tw_blkf_tt27_28_2_toggletrail.trl" animSpeed="0" texture="Data/TekkitsWorkshop/General/tw_trail_mc.png"/>
		<Trail type="tw_guides.tw_blkf.tw_blkf_tt_toggletrails.tw_blkf_tt27_28_3_toggletrail" GUID="FIQ4yfcFe06XayLbGc9Kfg==" fadeNear="5000" fadeFar="5100" trailData="Data/TekkitsWorkshop/BLKF/tw_blkf_tt27_28_3_toggletrail.trl" animSpeed="0" texture="Data/TekkitsWorkshop/General/tw_trail_mc.png"/>
		<Trail type="tw_guides.tw_blkf.tw_blkf_tt_toggletrails.tw_blkf_tt28_29_1_toggletrail" GUID="g/sRTXkSDUGBbUmhk1B0gQ==" fadeNear="5000" fadeFar="5100" trailData="Data/TekkitsWorkshop/BLKF/tw_blkf_tt28_29_1_toggletrail.trl" animSpeed="0" texture="Data/TekkitsWorkshop/General/tw_trail_mc.png"/>
		<Trail type="tw_guides.tw_blkf.tw_blkf_tt_toggletrails.tw_blkf_tt29_30_1_toggletrail" GUID="faLvEco/6UuxUkrguz9b9Q==" fadeNear="5000" fadeFar="5100" trailData="Data/TekkitsWorkshop/BLKF/tw_blkf_tt29_30_1_toggletrail.trl" animSpeed="0" texture="Data/TekkitsWorkshop/General/tw_trail_mc.png"/>
	</POIs>
</OverlayData>
