<OverlayData>
<MarkerCategory name="tw_guides" DisplayName="Tekkit's Guides">
  <MarkerCategory name="tw_collections_legendarytrinkets" DisplayName="Legendary Trinkets">
		<MarkerCategory name="tw_collections_legendarytrinkets_vision" DisplayName="Vision">
      <MarkerCategory name="separatorlv1" IsSeparator="1" DisplayName="&lt;-----[VISION I: AWAKENING]-----&gt;"/>
      <MarkerCategory name="tw_collections_legendarytrinkets_vision1_istan" DisplayName="Visions of Istan">
        <MarkerCategory name="tw_collections_legendarytrinkets_vision1_istan_vision1" DisplayName="Vision of Dragons: Aurene" iconFile="Data/TekkitsWorkshop/Collections/tw_collections_legendarytrinkets_vision1_vision1.png" mapDisplaySize="30" iconSize="0.5" heightOffset="0.2" minSize="10"/>
        <MarkerCategory name="tw_collections_legendarytrinkets_vision1_istan_vision2" DisplayName="Vision of Allies: Taimi" iconFile="Data/TekkitsWorkshop/Collections/tw_collections_legendarytrinkets_vision1_vision2.png" mapDisplaySize="30" iconSize="0.5" heightOffset="0.2" minSize="10"/>
        <MarkerCategory name="tw_collections_legendarytrinkets_vision1_istan_vision3" DisplayName="Vision of Landscapes: Domain of Istan" iconFile="Data/TekkitsWorkshop/Collections/tw_collections_legendarytrinkets_vision1_vision3.png" mapDisplaySize="30" iconSize="0.5" heightOffset="0.2" minSize="10"/>  
      </MarkerCategory>
      <MarkerCategory name="tw_collections_legendarytrinkets_vision1_sandsweptisles" DisplayName="Visions of Sandswept Isles">
        <MarkerCategory name="tw_collections_legendarytrinkets_vision1_sandsweptisles_vision1" DisplayName="Vision of Dragons: Aurene" iconFile="Data/TekkitsWorkshop/Collections/tw_collections_legendarytrinkets_vision1_vision1.png" mapDisplaySize="30" iconSize="0.5" heightOffset="0.2" minSize="10"/>
        <MarkerCategory name="tw_collections_legendarytrinkets_vision1_sandsweptisles_vision2" DisplayName="Vision of Allies: Rox" iconFile="Data/TekkitsWorkshop/Collections/tw_collections_legendarytrinkets_vision1_vision2.png" mapDisplaySize="30" iconSize="0.5" heightOffset="0.2" minSize="10"/>
        <MarkerCategory name="tw_collections_legendarytrinkets_vision1_sandsweptisles_vision3" DisplayName="Vision of Landscapes: Sandswept Isles" iconFile="Data/TekkitsWorkshop/Collections/tw_collections_legendarytrinkets_vision1_vision3.png" mapDisplaySize="30" iconSize="0.5" heightOffset="0.2" minSize="10"/>  
      </MarkerCategory>
      <MarkerCategory name="tw_collections_legendarytrinkets_vision1_kourna" DisplayName="Visions of Kourna">
        <MarkerCategory name="tw_collections_legendarytrinkets_vision1_kourna_vision1" DisplayName="Vision of Dragons: Aurene" iconFile="Data/TekkitsWorkshop/Collections/tw_collections_legendarytrinkets_vision1_vision1.png" mapDisplaySize="30" iconSize="0.5" heightOffset="0.2" minSize="10"/>
        <MarkerCategory name="tw_collections_legendarytrinkets_vision1_kourna_vision2" DisplayName="Vision of Allies: Blish" iconFile="Data/TekkitsWorkshop/Collections/tw_collections_legendarytrinkets_vision1_vision2.png" mapDisplaySize="30" iconSize="0.5" heightOffset="0.2" minSize="10"/>
        <MarkerCategory name="tw_collections_legendarytrinkets_vision1_kourna_vision3" DisplayName="Vision of Landscapes: Domain of Kourna" iconFile="Data/TekkitsWorkshop/Collections/tw_collections_legendarytrinkets_vision1_vision3.png" mapDisplaySize="30" iconSize="0.5" heightOffset="0.2" minSize="10"/>  
      </MarkerCategory>
      <MarkerCategory name="tw_collections_legendarytrinkets_vision1_jahai" DisplayName="Visions of Jahai">
        <MarkerCategory name="tw_collections_legendarytrinkets_vision1_jahai_vision1" DisplayName="Vision of Dragons: Aurene" iconFile="Data/TekkitsWorkshop/Collections/tw_collections_legendarytrinkets_vision1_vision1.png" mapDisplaySize="30" iconSize="0.5" heightOffset="0.2" minSize="10"/>
        <MarkerCategory name="tw_collections_legendarytrinkets_vision1_jahai_vision2" DisplayName="Vision of Allies: Braham" iconFile="Data/TekkitsWorkshop/Collections/tw_collections_legendarytrinkets_vision1_vision2.png" mapDisplaySize="30" iconSize="0.5" heightOffset="0.2" minSize="10"/>
        <MarkerCategory name="tw_collections_legendarytrinkets_vision1_jahai_vision3" DisplayName="Vision of Landscapes: Jahai Bluffs" iconFile="Data/TekkitsWorkshop/Collections/tw_collections_legendarytrinkets_vision1_vision3.png" mapDisplaySize="30" iconSize="0.5" heightOffset="0.2" minSize="10"/>
      </MarkerCategory>
      <MarkerCategory name="tw_collections_legendarytrinkets_vision1_thunderheadpeaks" DisplayName="Visions of Thunderhead Peaks">
        <MarkerCategory name="tw_collections_legendarytrinkets_vision1_thunderheadpeaks_vision1" DisplayName="Vision of Dragons: Aurene" iconFile="Data/TekkitsWorkshop/Collections/tw_collections_legendarytrinkets_vision1_vision1.png" mapDisplaySize="30" iconSize="0.5" heightOffset="0.2" minSize="10"/>
        <MarkerCategory name="tw_collections_legendarytrinkets_vision1_thunderheadpeaks_vision2" DisplayName="Vision of Allies: Caithe" iconFile="Data/TekkitsWorkshop/Collections/tw_collections_legendarytrinkets_vision1_vision2.png" mapDisplaySize="30" iconSize="0.5" heightOffset="0.2" minSize="10"/>
        <MarkerCategory name="tw_collections_legendarytrinkets_vision1_thunderheadpeaks_vision3" DisplayName="Vision of Landscapes: Thunderhead Peaks" iconFile="Data/TekkitsWorkshop/Collections/tw_collections_legendarytrinkets_vision1_vision3.png" mapDisplaySize="30" iconSize="0.5" heightOffset="0.2" minSize="10"/>
      </MarkerCategory>
      <MarkerCategory name="tw_collections_legendarytrinkets_vision1_dragonfall" DisplayName="Visions of Dragonfall">
        <MarkerCategory name="tw_collections_legendarytrinkets_vision1_dragonfall_vision1" DisplayName="Vision of Dragons: Aurene" iconFile="Data/TekkitsWorkshop/Collections/tw_collections_legendarytrinkets_vision1_vision1.png" mapDisplaySize="30" iconSize="0.5" heightOffset="0.2" minSize="10"/>
        <MarkerCategory name="tw_collections_legendarytrinkets_vision1_dragonfall_vision2" DisplayName="Vision of Allies: Zafirah" iconFile="Data/TekkitsWorkshop/Collections/tw_collections_legendarytrinkets_vision1_vision2.png" mapDisplaySize="30" iconSize="0.5" heightOffset="0.2" minSize="10"/>
        <MarkerCategory name="tw_collections_legendarytrinkets_vision1_dragonfall_vision3" DisplayName="Vision of Landscapes: Dragonfall" iconFile="Data/TekkitsWorkshop/Collections/tw_collections_legendarytrinkets_vision1_vision3.png" mapDisplaySize="30" iconSize="0.5" heightOffset="0.2" minSize="10"/>
      </MarkerCategory>
    </MarkerCategory>
  </MarkerCategory>
</MarkerCategory>
	<POIs>
		<POI MapID="1317" xpos="-959.24" ypos="11.1105" zpos="-268.813" type="tw_guides.tw_collections_legendarytrinkets.tw_collections_legendarytrinkets_vision.tw_collections_legendarytrinkets_vision1_dragonfall.tw_collections_legendarytrinkets_vision1_dragonfall_vision3" GUID="m5ma0XhaUkutakKR6MobVA=="/>
		<POI MapID="1317" xpos="723.359" ypos="106.039" zpos="678.23" type="tw_guides.tw_collections_legendarytrinkets.tw_collections_legendarytrinkets_vision.tw_collections_legendarytrinkets_vision1_dragonfall.tw_collections_legendarytrinkets_vision1_dragonfall_vision2" GUID="SQPJ6z+ZBUmyT67EjKdv1g=="/>
		<POI MapID="1317" xpos="784.704" ypos="213.453" zpos="672.92" type="tw_guides.tw_collections_legendarytrinkets.tw_collections_legendarytrinkets_vision.tw_collections_legendarytrinkets_vision1_dragonfall.tw_collections_legendarytrinkets_vision1_dragonfall_vision1" GUID="QuqbwP+38UqEMNDJYH5U/Q=="/>
		<POI MapID="1301" xpos="-919.119" ypos="39.8659" zpos="205.211" type="tw_guides.tw_collections_legendarytrinkets.tw_collections_legendarytrinkets_vision.tw_collections_legendarytrinkets_vision1_jahai.tw_collections_legendarytrinkets_vision1_jahai_vision2" GUID="/Yj8zxDDoUmz9KAKXca5OA=="/>
		<POI MapID="1301" xpos="-882.936" ypos="215.727" zpos="99.3256" type="tw_guides.tw_collections_legendarytrinkets.tw_collections_legendarytrinkets_vision.tw_collections_legendarytrinkets_vision1_jahai.tw_collections_legendarytrinkets_vision1_jahai_vision1" GUID="8PNNQIwcJke581mHIwUkQA=="/>
		<POI MapID="1301" xpos="160.224" ypos="299.2" zpos="109.339" type="tw_guides.tw_collections_legendarytrinkets.tw_collections_legendarytrinkets_vision.tw_collections_legendarytrinkets_vision1_jahai.tw_collections_legendarytrinkets_vision1_jahai_vision3" GUID="eoTIuETwcUS75SAfr0Wz8g=="/>
		<POI MapID="1263" xpos="-130.211" ypos="117.576" zpos="211.614" type="tw_guides.tw_collections_legendarytrinkets.tw_collections_legendarytrinkets_vision.tw_collections_legendarytrinkets_vision1_istan.tw_collections_legendarytrinkets_vision1_istan_vision1" GUID="Qjw/e50sS0e2WEDFPzsksg=="/>
		<POI MapID="1263" xpos="377.887" ypos="2.22858" zpos="428.278" type="tw_guides.tw_collections_legendarytrinkets.tw_collections_legendarytrinkets_vision.tw_collections_legendarytrinkets_vision1_istan.tw_collections_legendarytrinkets_vision1_istan_vision2" GUID="lrguR0EhJ0u1k5v0r5SVCA=="/>
		<POI MapID="1263" xpos="-811.835" ypos="219.656" zpos="645.435" type="tw_guides.tw_collections_legendarytrinkets.tw_collections_legendarytrinkets_vision.tw_collections_legendarytrinkets_vision1_istan.tw_collections_legendarytrinkets_vision1_istan_vision3" GUID="JVKBYvP+KUe6k/IF7dLz/g=="/>
		<POI MapID="1288" xpos="-589.429" ypos="33.0219" zpos="310.234" type="tw_guides.tw_collections_legendarytrinkets.tw_collections_legendarytrinkets_vision.tw_collections_legendarytrinkets_vision1_kourna.tw_collections_legendarytrinkets_vision1_kourna_vision2" GUID="hD+90rYpn06DM86kSnI0Rw=="/>
		<POI MapID="1288" xpos="-606.51" ypos="138.317" zpos="176.679" type="tw_guides.tw_collections_legendarytrinkets.tw_collections_legendarytrinkets_vision.tw_collections_legendarytrinkets_vision1_kourna.tw_collections_legendarytrinkets_vision1_kourna_vision1" GUID="n7cofryDsEm4VjH1iKOQBw=="/>
		<POI MapID="1288" xpos="-568.833" ypos="67.154" zpos="298.461" type="tw_guides.tw_collections_legendarytrinkets.tw_collections_legendarytrinkets_vision.tw_collections_legendarytrinkets_vision1_kourna.tw_collections_legendarytrinkets_vision1_kourna_vision1" GUID="zlUT9QJXx06pVffxU9J1Ng=="/>
		<POI MapID="1271" xpos="-138.343" ypos="118.137" zpos="729.93" type="tw_guides.tw_collections_legendarytrinkets.tw_collections_legendarytrinkets_vision.tw_collections_legendarytrinkets_vision1_sandsweptisles.tw_collections_legendarytrinkets_vision1_sandsweptisles_vision1" GUID="wurNtuO9V0W2C5Hl+HP7pQ=="/>
		<POI MapID="1271" xpos="-147.869" ypos="4.01478" zpos="728.424" type="tw_guides.tw_collections_legendarytrinkets.tw_collections_legendarytrinkets_vision.tw_collections_legendarytrinkets_vision1_sandsweptisles.tw_collections_legendarytrinkets_vision1_sandsweptisles_vision2" GUID="TR4bwQFhFkyIjtuYljQ7cQ=="/>
		<POI MapID="1271" xpos="-301.994" ypos="91.5915" zpos="576.747" type="tw_guides.tw_collections_legendarytrinkets.tw_collections_legendarytrinkets_vision.tw_collections_legendarytrinkets_vision1_sandsweptisles.tw_collections_legendarytrinkets_vision1_sandsweptisles_vision3" GUID="ClTPZT9zpESd37mookxaYA=="/>
		<POI MapID="1310" xpos="-548.436" ypos="198.889" zpos="1037.54" type="tw_guides.tw_collections_legendarytrinkets.tw_collections_legendarytrinkets_vision.tw_collections_legendarytrinkets_vision1_thunderheadpeaks.tw_collections_legendarytrinkets_vision1_thunderheadpeaks_vision1" GUID="hBVU42/+V0eNVO9nE5NQ4g=="/>
		<POI MapID="1310" xpos="463.173" ypos="363.571" zpos="593.644" type="tw_guides.tw_collections_legendarytrinkets.tw_collections_legendarytrinkets_vision.tw_collections_legendarytrinkets_vision1_thunderheadpeaks.tw_collections_legendarytrinkets_vision1_thunderheadpeaks_vision2" GUID="0uKZ9nIO2kixnkvO9TLeyg=="/>
		<POI MapID="1310" xpos="-367.204" ypos="381.206" zpos="110.577" type="tw_guides.tw_collections_legendarytrinkets.tw_collections_legendarytrinkets_vision.tw_collections_legendarytrinkets_vision1_thunderheadpeaks.tw_collections_legendarytrinkets_vision1_thunderheadpeaks_vision3" GUID="TQDa5tT1rUCPItBFzmKNUA=="/>
	</POIs>
</OverlayData>
