<OverlayData>
<MarkerCategory name="tw_guides" DisplayName="Tekkit's Guides">
	<MarkerCategory name="tw_festival_dragonbash" DisplayName="Dragon Bash">
		<MarkerCategory name="tw_festival_dragonbash_dragonpinatas" DisplayName="Dragon Pinatas (Zhaitaffy Farm)">
      <MarkerCategory name="tw_festival_dragonbash_dragonpinatas_toggletrail" DisplayName="Toggle Trail"/>
      <MarkerCategory name="tw_festival_dragonbash_dragonpinatas_signs" DisplayName="Toggle Signs">
        <MarkerCategory name="tw_festival_dragonbash_dragonpinatas_dragonpinata" DisplayName="Dragon Pinatas" mapDisplaySize="30" iconFile="Data/TekkitsWorkshop/Festival/DragonBash/tw_festival_dragonbash_dragonpinatas_dragonpinata.png" iconSize="0.5" fadeNear="5000" fadeFar="5100" heightOffset="0.5" behavior="6" minSize="10"/>
        <MarkerCategory name="tw_festival_dragonbash_dragonpinatas_startsign" DisplayName="Starting Sign" mapDisplaySize="130" iconFile="Data/TekkitsWorkshop/Festival/DragonBash/tw_festival_dragonbash_dragonpinatas_startsign.png" iconSize="2" fadeNear="5000" fadeFar="5100" heightOffset="2.5" minSize="50"/>
        <MarkerCategory name="tw_festival_dragonbash_dragonpinatas_finish" DisplayName="Finish Sign" mapDisplaySize="80" iconFile="Data/TekkitsWorkshop/General/tw_trail_finish_b.png" iconSize="1.2" fadeNear="5000" fadeFar="5100" heightOffset="2.5" minSize="50"/>
      </MarkerCategory>
    </MarkerCategory>
		<MarkerCategory name="tw_festival_dragonbash_fireworkslaunchers_fireworkslauncher" DisplayName="Firework Launchers" mapDisplaySize="30" iconFile="Data/TekkitsWorkshop/Festival/DragonBash/tw_festival_dragonbash_fireworkslaunchers_fireworkslauncher.png" iconSize="0.5" heightOffset="0.5" behavior="4" resetLength="120" minSize="10"/>
		<MarkerCategory name="tw_festival_dragonbash_race" DisplayName="Dragon Bash Rally">
      <MarkerCategory name="tw_festival_dragonbash_race_toggletrail" DisplayName="Toggle Trail"/>
      <MarkerCategory name="tw_festival_dragonbash_race_start" DisplayName="Toggle Starting Line" miniMapVisibility="0" mapVisibility="0" fadeNear="5000" fadeFar="5100" iconSize="5.0" heightOffset="3.0" iconFile="Data/TekkitsWorkshop/Festival/DragonBash/tw_festival_dragonbash_race_start.png"/>
      <MarkerCategory name="tw_festival_dragonbash_race_start_map" DisplayName="Toggle Map Starting Line" inGameVisibility="0" mapDisplaySize="80" iconFile="Data/TekkitsWorkshop/BeetleRaces/tw_br_startsign_map.png"/>
      <MarkerCategory name="tw_festival_dragonbash_race_checkpoint" DisplayName="Toggle Checkpoints" miniMapVisibility="0" mapVisibility="0" fadeNear="5000" fadeFar="5100" iconSize="5.0" heightOffset="4.0" iconFile="Data/TekkitsWorkshop/BeetleRaces/tw_br_checkpoint.png"/>
      <MarkerCategory name="tw_festival_dragonbash_race_recharger" DisplayName="Toggle Rechargers" miniMapVisibility="0" mapVisibility="0" fadeNear="5000" fadeFar="5100" iconSize="1.0" heightOffset="1.0" iconFile="Data/TekkitsWorkshop/BeetleRaces/tw_br_recharger.png"/>
      <MarkerCategory name="tw_festival_dragonbash_race_obstacle" DisplayName="Toggle Obstacles" miniMapVisibility="0" mapVisibility="0" fadeNear="5000" fadeFar="5100" iconSize="1.0" heightOffset="1.0" iconFile="Data/TekkitsWorkshop/BeetleRaces/tw_br_obstacle.png"/>
      <MarkerCategory name="tw_festival_dragonbash_race_finish" DisplayName="Toggle Finish Line" miniMapVisibility="0" mapVisibility="0" fadeNear="5000" fadeFar="5100" iconSize="5.0" heightOffset="3.5" iconFile="Data/TekkitsWorkshop/BeetleRaces/tw_br_finish.png"/>
    </MarkerCategory>
    <MarkerCategory name="tw_festival_dragonbash_pinatabashing" DisplayName="Pinata Bashing">
			<MarkerCategory name="tw_festival_dragonbash_pinatabashing_toggletrail" DisplayName="Toggle Trail"/>
			<MarkerCategory name="tw_festival_dragonbash_pinatabashing_signs" DisplayName="Toggle Signs">
				<MarkerCategory name="tw_festival_dragonbash_pinatabashing_startsign" DisplayName="Starting Sign" mapDisplaySize="130" iconFile="Data/TekkitsWorkshop/Festival/DragonBash/tw_festival_dragonbash_pinatabashing_startsign.png" iconSize="2" fadeNear="5000" fadeFar="5100" heightOffset="2.5" minSize="50"/>
				<MarkerCategory name="tw_festival_dragonbash_pinatabashing_finish" DisplayName="Finish Sign" mapDisplaySize="80" iconFile="Data/TekkitsWorkshop/General/tw_trail_finish_b.png" iconSize="1.2" fadeNear="5000" fadeFar="5100" heightOffset="2.5" minSize="50"/>
				<MarkerCategory name="tw_festival_dragonbash_pinatabashing_trail_bash" DisplayName="Pinata Bash Spot" mapDisplaySize="30" iconFile="Data/TekkitsWorkshop/Festival/DragonBash/tw_festival_dragonbash_pinatabashing_trail_bash.png" iconSize="1" fadeNear="5000" fadeFar="5100" heightOffset="2.5" minSize="10"/>
			</MarkerCategory>
		</MarkerCategory>
	</MarkerCategory>
</MarkerCategory>
	<POIs>
		<POI MapID="326" xpos="-138.878" ypos="291.958" zpos="112.172" type="tw_guides.tw_festival_dragonbash.tw_festival_dragonbash_dragonpinatas.tw_festival_dragonbash_dragonpinatas_signs.tw_festival_dragonbash_dragonpinatas_dragonpinata" GUID="nLDWHJ0LAkWl/mGb89bx8Q=="/>
		<POI MapID="326" xpos="-192.344" ypos="286.024" zpos="58.1003" type="tw_guides.tw_festival_dragonbash.tw_festival_dragonbash_dragonpinatas.tw_festival_dragonbash_dragonpinatas_signs.tw_festival_dragonbash_dragonpinatas_dragonpinata" GUID="KypIpiugqkKkRK1kUzND4Q=="/>
		<POI MapID="326" xpos="-157.373" ypos="289.394" zpos="49.4333" type="tw_guides.tw_festival_dragonbash.tw_festival_dragonbash_dragonpinatas.tw_festival_dragonbash_dragonpinatas_signs.tw_festival_dragonbash_dragonpinatas_dragonpinata" GUID="JGpvR+eo6ECNhVduWbneUg=="/>
		<POI MapID="326" xpos="-227.007" ypos="285.054" zpos="118.484" type="tw_guides.tw_festival_dragonbash.tw_festival_dragonbash_fireworkslaunchers_fireworkslauncher" GUID="cHRg0EsTEEC2YL3DG8tv8A=="/>
		<POI MapID="326" xpos="-221.117" ypos="289.78" zpos="139.391" type="tw_guides.tw_festival_dragonbash.tw_festival_dragonbash_fireworkslaunchers_fireworkslauncher" GUID="vbgVI7n7z0GeVNjPDg01rQ=="/>
		<POI MapID="326" xpos="-251.773" ypos="290.294" zpos="211.599" type="tw_guides.tw_festival_dragonbash.tw_festival_dragonbash_fireworkslaunchers_fireworkslauncher" GUID="OwDLVVQVuEe/Fr+cY+uZTg=="/>
		<POI MapID="326" xpos="-254.426" ypos="288.731" zpos="222.751" type="tw_guides.tw_festival_dragonbash.tw_festival_dragonbash_fireworkslaunchers_fireworkslauncher" GUID="D6Poh+78lkaVRgMSmAxw+w=="/>
		<POI MapID="326" xpos="-54.2545" ypos="313.39" zpos="-20.5239" type="tw_guides.tw_festival_dragonbash.tw_festival_dragonbash_dragonpinatas.tw_festival_dragonbash_dragonpinatas_signs.tw_festival_dragonbash_dragonpinatas_dragonpinata" GUID="nB7JhqBHKUuxpe6uDS/xZA=="/>
		<POI MapID="326" xpos="-46.2209" ypos="315.171" zpos="-48.7229" type="tw_guides.tw_festival_dragonbash.tw_festival_dragonbash_dragonpinatas.tw_festival_dragonbash_dragonpinatas_signs.tw_festival_dragonbash_dragonpinatas_dragonpinata" GUID="Iiw9Bn++DEK209JBp7WkQQ=="/>
		<POI MapID="326" xpos="19.9608" ypos="335.276" zpos="-125.378" type="tw_guides.tw_festival_dragonbash.tw_festival_dragonbash_dragonpinatas.tw_festival_dragonbash_dragonpinatas_signs.tw_festival_dragonbash_dragonpinatas_dragonpinata" GUID="LqB6EXhzGUCKkBfGjsBV0w=="/>
		<POI MapID="326" xpos="24.3945" ypos="335.167" zpos="-81.29" type="tw_guides.tw_festival_dragonbash.tw_festival_dragonbash_fireworkslaunchers_fireworkslauncher" GUID="XhLzMLLITUKNzb0TMyTSkw=="/>
		<POI MapID="326" xpos="61.5988" ypos="335.112" zpos="-78.9389" type="tw_guides.tw_festival_dragonbash.tw_festival_dragonbash_fireworkslaunchers_fireworkslauncher" GUID="FVt8HAi+h02P1aouSXthFw=="/>
		<POI MapID="326" xpos="93.0505" ypos="335.096" zpos="-80.6987" type="tw_guides.tw_festival_dragonbash.tw_festival_dragonbash_fireworkslaunchers_fireworkslauncher" GUID="YwJkqG/rSEmvAZC6qmUgJg=="/>
		<POI MapID="326" xpos="28.3035" ypos="335.246" zpos="-136.164" type="tw_guides.tw_festival_dragonbash.tw_festival_dragonbash_dragonpinatas.tw_festival_dragonbash_dragonpinatas_signs.tw_festival_dragonbash_dragonpinatas_dragonpinata" GUID="n0xyrI6l10iQPja1HBOrjQ=="/>
		<POI MapID="326" xpos="172.78" ypos="335.087" zpos="-118.776" type="tw_guides.tw_festival_dragonbash.tw_festival_dragonbash_fireworkslaunchers_fireworkslauncher" GUID="kaXvmgZ1d0ujl2+S7QiWrg=="/>
		<POI MapID="326" xpos="189.842" ypos="335.091" zpos="-130.226" type="tw_guides.tw_festival_dragonbash.tw_festival_dragonbash_fireworkslaunchers_fireworkslauncher" GUID="gci6Qzi+aEeFIafFQRm8XQ=="/>
		<POI MapID="326" xpos="201.709" ypos="335.101" zpos="-143.439" type="tw_guides.tw_festival_dragonbash.tw_festival_dragonbash_fireworkslaunchers_fireworkslauncher" GUID="/Rco3hntykmHPcFkupE8Rg=="/>
		<POI MapID="326" xpos="231.15" ypos="335.161" zpos="-190.69" type="tw_guides.tw_festival_dragonbash.tw_festival_dragonbash_fireworkslaunchers_fireworkslauncher" GUID="8E/c5mGQRUS3mLvSyW/O1Q=="/>
		<POI MapID="326" xpos="244.926" ypos="332.772" zpos="-233.957" type="tw_guides.tw_festival_dragonbash.tw_festival_dragonbash_fireworkslaunchers_fireworkslauncher" GUID="mUCvzsxyu0empc0WK/iyZQ=="/>
		<POI MapID="326" xpos="321.153" ypos="326.883" zpos="-289.053" type="tw_guides.tw_festival_dragonbash.tw_festival_dragonbash_dragonpinatas.tw_festival_dragonbash_dragonpinatas_signs.tw_festival_dragonbash_dragonpinatas_dragonpinata" GUID="VgJerpjlfU6LS3oUep2y9A=="/>
		<POI MapID="326" xpos="331.508" ypos="326.38" zpos="-285.193" type="tw_guides.tw_festival_dragonbash.tw_festival_dragonbash_dragonpinatas.tw_festival_dragonbash_dragonpinatas_signs.tw_festival_dragonbash_dragonpinatas_dragonpinata" GUID="6WET5QdaDEiJPr2tRYCa6A=="/>
		<POI MapID="326" xpos="389.581" ypos="310.556" zpos="-234.316" type="tw_guides.tw_festival_dragonbash.tw_festival_dragonbash_dragonpinatas.tw_festival_dragonbash_dragonpinatas_signs.tw_festival_dragonbash_dragonpinatas_dragonpinata" GUID="mFfubp0x1E2n9o9B6Qv/ug=="/>
		<POI MapID="326" xpos="463.212" ypos="309.456" zpos="-203.628" type="tw_guides.tw_festival_dragonbash.tw_festival_dragonbash_fireworkslaunchers_fireworkslauncher" GUID="WuJz6FNfbkeT0MefBztWcA=="/>
		<POI MapID="326" xpos="467.103" ypos="307.092" zpos="-172.192" type="tw_guides.tw_festival_dragonbash.tw_festival_dragonbash_fireworkslaunchers_fireworkslauncher" GUID="CYCQm+nnLU+OG8GQ4yVrHA=="/>
		<POI MapID="326" xpos="458.369" ypos="278.6" zpos="-27.6705" type="tw_guides.tw_festival_dragonbash.tw_festival_dragonbash_fireworkslaunchers_fireworkslauncher" GUID="jPujlpj3MkW6IAuKR1oKpw=="/>
		<POI MapID="326" xpos="463.474" ypos="278.472" zpos="-13.6533" type="tw_guides.tw_festival_dragonbash.tw_festival_dragonbash_fireworkslaunchers_fireworkslauncher" GUID="bIa7gP0INkaBn56ve7rOmg=="/>
		<POI MapID="326" xpos="540.292" ypos="282.159" zpos="-50.9834" type="tw_guides.tw_festival_dragonbash.tw_festival_dragonbash_dragonpinatas.tw_festival_dragonbash_dragonpinatas_signs.tw_festival_dragonbash_dragonpinatas_dragonpinata" GUID="0mgalpA6kUuCnubLge2v3w=="/>
		<POI MapID="326" xpos="553.684" ypos="274.612" zpos="-28.1223" type="tw_guides.tw_festival_dragonbash.tw_festival_dragonbash_dragonpinatas.tw_festival_dragonbash_dragonpinatas_signs.tw_festival_dragonbash_dragonpinatas_dragonpinata" GUID="hO4RpJ5hK0CmhNlijN5DuQ=="/>
		<POI MapID="326" xpos="533.97" ypos="257.057" zpos="17.0325" type="tw_guides.tw_festival_dragonbash.tw_festival_dragonbash_fireworkslaunchers_fireworkslauncher" GUID="5Kd9iuUTXUmiwLsmj0sR0Q=="/>
		<POI MapID="326" xpos="539.717" ypos="255.071" zpos="42.7145" type="tw_guides.tw_festival_dragonbash.tw_festival_dragonbash_fireworkslaunchers_fireworkslauncher" GUID="TaNJmlC9P0+0+f6RXUHwqg=="/>
		<POI MapID="326" xpos="518.815" ypos="253.831" zpos="54.9961" type="tw_guides.tw_festival_dragonbash.tw_festival_dragonbash_dragonpinatas.tw_festival_dragonbash_dragonpinatas_signs.tw_festival_dragonbash_dragonpinatas_dragonpinata" GUID="iaYU1BeXyEOt1TjEuqAQ/g=="/>
		<POI MapID="326" xpos="632.362" ypos="245.381" zpos="130.731" type="tw_guides.tw_festival_dragonbash.tw_festival_dragonbash_dragonpinatas.tw_festival_dragonbash_dragonpinatas_signs.tw_festival_dragonbash_dragonpinatas_dragonpinata" GUID="JFsWk4ZpM0qYio0remJNFA=="/>
		<POI MapID="326" xpos="640.016" ypos="244.439" zpos="147.072" type="tw_guides.tw_festival_dragonbash.tw_festival_dragonbash_dragonpinatas.tw_festival_dragonbash_dragonpinatas_signs.tw_festival_dragonbash_dragonpinatas_dragonpinata" GUID="0KMAiiIEAkmkq3vBJ7GI6w=="/>
		<POI MapID="326" xpos="349.16" ypos="250.714" zpos="479.68" type="tw_guides.tw_festival_dragonbash.tw_festival_dragonbash_dragonpinatas.tw_festival_dragonbash_dragonpinatas_signs.tw_festival_dragonbash_dragonpinatas_dragonpinata" GUID="RJ9CVi04lEWZiAAOAQqqwg=="/>
		<POI MapID="326" xpos="338.612" ypos="250.942" zpos="475.148" type="tw_guides.tw_festival_dragonbash.tw_festival_dragonbash_dragonpinatas.tw_festival_dragonbash_dragonpinatas_signs.tw_festival_dragonbash_dragonpinatas_dragonpinata" GUID="P1N9gwMNB0qnOVb+0ykiUA=="/>
		<POI MapID="326" xpos="416.537" ypos="217.329" zpos="184.899" type="tw_guides.tw_festival_dragonbash.tw_festival_dragonbash_fireworkslaunchers_fireworkslauncher" GUID="GZiupZhvnUe9OQGaOWw4ZA=="/>
		<POI MapID="326" xpos="435.328" ypos="219.235" zpos="150.361" type="tw_guides.tw_festival_dragonbash.tw_festival_dragonbash_fireworkslaunchers_fireworkslauncher" GUID="i4bO+a1Rf0y1KQwuhgz+Ug=="/>
		<POI MapID="326" xpos="291.75" ypos="234.003" zpos="163.681" type="tw_guides.tw_festival_dragonbash.tw_festival_dragonbash_dragonpinatas.tw_festival_dragonbash_dragonpinatas_signs.tw_festival_dragonbash_dragonpinatas_dragonpinata" GUID="MDL5pWBNBkKBUXGLuC9LzQ=="/>
		<POI MapID="326" xpos="264.591" ypos="265.762" zpos="242.044" type="tw_guides.tw_festival_dragonbash.tw_festival_dragonbash_fireworkslaunchers_fireworkslauncher" GUID="4wUrsvcml0S3YGBEtyMMOA=="/>
		<POI MapID="326" xpos="224.423" ypos="265.326" zpos="240.636" type="tw_guides.tw_festival_dragonbash.tw_festival_dragonbash_fireworkslaunchers_fireworkslauncher" GUID="AMRMKWg57USjePeNVwPs5w=="/>
		<POI MapID="326" xpos="190.766" ypos="233.416" zpos="148.57" type="tw_guides.tw_festival_dragonbash.tw_festival_dragonbash_dragonpinatas.tw_festival_dragonbash_dragonpinatas_signs.tw_festival_dragonbash_dragonpinatas_dragonpinata" GUID="489jWniODUS9keeAPBamcw=="/>
		<POI MapID="326" xpos="173.947" ypos="233.242" zpos="47.5979" type="tw_guides.tw_festival_dragonbash.tw_festival_dragonbash_dragonpinatas.tw_festival_dragonbash_dragonpinatas_signs.tw_festival_dragonbash_dragonpinatas_dragonpinata" GUID="KtdyX7Zko0SLPwQ5t8wLfQ=="/>
		<POI MapID="326" xpos="193.035" ypos="232.352" zpos="14.3138" type="tw_guides.tw_festival_dragonbash.tw_festival_dragonbash_dragonpinatas.tw_festival_dragonbash_dragonpinatas_signs.tw_festival_dragonbash_dragonpinatas_dragonpinata" GUID="haia+U5MHUCdnX/G1yCvOA=="/>
		<POI MapID="326" xpos="221.333" ypos="232.338" zpos="-1.48156" type="tw_guides.tw_festival_dragonbash.tw_festival_dragonbash_dragonpinatas.tw_festival_dragonbash_dragonpinatas_signs.tw_festival_dragonbash_dragonpinatas_dragonpinata" GUID="NWy+PhoOZEq22hzHGm1MFw=="/>
		<POI MapID="326" xpos="264.491" ypos="233.031" zpos="0.621753" type="tw_guides.tw_festival_dragonbash.tw_festival_dragonbash_dragonpinatas.tw_festival_dragonbash_dragonpinatas_signs.tw_festival_dragonbash_dragonpinatas_dragonpinata" GUID="Uqye/BDu3USWp4WpWCXFsw=="/>
		<POI MapID="326" xpos="337.132" ypos="233.053" zpos="72.1109" type="tw_guides.tw_festival_dragonbash.tw_festival_dragonbash_dragonpinatas.tw_festival_dragonbash_dragonpinatas_signs.tw_festival_dragonbash_dragonpinatas_dragonpinata" GUID="Kw7g2QV+kUiYuTOmZRmBCg=="/>
		<POI MapID="326" xpos="402.272" ypos="250.307" zpos="-51.9395" type="tw_guides.tw_festival_dragonbash.tw_festival_dragonbash_fireworkslaunchers_fireworkslauncher" GUID="EBV2t2suMkCOuZgAOmgrwg=="/>
		<POI MapID="326" xpos="378.324" ypos="251.362" zpos="-69.6705" type="tw_guides.tw_festival_dragonbash.tw_festival_dragonbash_fireworkslaunchers_fireworkslauncher" GUID="5PT5bszUcU+IwPXcb+OcNQ=="/>
		<POI MapID="326" xpos="366.848" ypos="296.74" zpos="-159.481" type="tw_guides.tw_festival_dragonbash.tw_festival_dragonbash_dragonpinatas.tw_festival_dragonbash_dragonpinatas_signs.tw_festival_dragonbash_dragonpinatas_dragonpinata" GUID="6EwI6qvSNUmRxkbxkgIcSw=="/>
		<POI MapID="326" xpos="363.191" ypos="296.6" zpos="-178.739" type="tw_guides.tw_festival_dragonbash.tw_festival_dragonbash_dragonpinatas.tw_festival_dragonbash_dragonpinatas_signs.tw_festival_dragonbash_dragonpinatas_dragonpinata" GUID="dDyl7tQyjkOR7oc2fMEZCQ=="/>
		<POI MapID="326" xpos="160.061" ypos="277.442" zpos="-113.928" type="tw_guides.tw_festival_dragonbash.tw_festival_dragonbash_dragonpinatas.tw_festival_dragonbash_dragonpinatas_signs.tw_festival_dragonbash_dragonpinatas_dragonpinata" GUID="EXQHvgAVOUCMERf6Xn7sjA=="/>
		<POI MapID="326" xpos="135.924" ypos="277.442" zpos="-88.0695" type="tw_guides.tw_festival_dragonbash.tw_festival_dragonbash_dragonpinatas.tw_festival_dragonbash_dragonpinatas_signs.tw_festival_dragonbash_dragonpinatas_dragonpinata" GUID="mfUTmukqDUeLTwRyRqcUvg=="/>
		<POI MapID="326" xpos="82.3986" ypos="301.969" zpos="-190.124" type="tw_guides.tw_festival_dragonbash.tw_festival_dragonbash_dragonpinatas.tw_festival_dragonbash_dragonpinatas_signs.tw_festival_dragonbash_dragonpinatas_dragonpinata" GUID="aFRATZXcgUeUAVMATmlaIA=="/>
		<POI MapID="326" xpos="106.664" ypos="301.969" zpos="-202.951" type="tw_guides.tw_festival_dragonbash.tw_festival_dragonbash_dragonpinatas.tw_festival_dragonbash_dragonpinatas_signs.tw_festival_dragonbash_dragonpinatas_dragonpinata" GUID="46RG/9t82Eyf/MiZaU/15g=="/>
		<POI MapID="326" xpos="47.067" ypos="301.971" zpos="-9.85298" type="tw_guides.tw_festival_dragonbash.tw_festival_dragonbash_fireworkslaunchers_fireworkslauncher" GUID="nb+PXBrX0UWGVRrOhiVrlw=="/>
		<POI MapID="326" xpos="162.197" ypos="301.969" zpos="-31.5057" type="tw_guides.tw_festival_dragonbash.tw_festival_dragonbash_fireworkslaunchers_fireworkslauncher" GUID="rMXlVXJj3kmV/8XnXwSkRw=="/>
		<POI MapID="326" xpos="159.315" ypos="301.98" zpos="-51.5492" type="tw_guides.tw_festival_dragonbash.tw_festival_dragonbash_race.tw_festival_dragonbash_race_start" GUID="PDMhcxoFYUi0f7EdUydQTA=="/>
		<POI MapID="326" xpos="69.8066" ypos="301.931" zpos="-32.4159" type="tw_guides.tw_festival_dragonbash.tw_festival_dragonbash_race.tw_festival_dragonbash_race_checkpoint" GUID="6JqMUiqUN0a0nNSTkkRUaQ=="/>
		<POI MapID="326" xpos="-14.742" ypos="304.784" zpos="-12.6908" type="tw_guides.tw_festival_dragonbash.tw_festival_dragonbash_race.tw_festival_dragonbash_race_checkpoint" GUID="nM6Zf+dyn0KZf2dfILu4Kw=="/>
		<POI MapID="326" xpos="-79.5088" ypos="306.705" zpos="45.4681" type="tw_guides.tw_festival_dragonbash.tw_festival_dragonbash_race.tw_festival_dragonbash_race_checkpoint" GUID="TyB5Ab33Nkean21MYkCFJw=="/>
		<POI MapID="326" xpos="-133.012" ypos="293.675" zpos="74.6995" type="tw_guides.tw_festival_dragonbash.tw_festival_dragonbash_race.tw_festival_dragonbash_race_checkpoint" GUID="Nl6oK+3sUEyg7zw7h86C4Q=="/>
		<POI MapID="326" xpos="-213.832" ypos="287.065" zpos="68.7126" type="tw_guides.tw_festival_dragonbash.tw_festival_dragonbash_race.tw_festival_dragonbash_race_checkpoint" GUID="I9WmpEfZsEqip5ddrOm70g=="/>
		<POI MapID="326" xpos="-302.105" ypos="276.866" zpos="53.8912" type="tw_guides.tw_festival_dragonbash.tw_festival_dragonbash_race.tw_festival_dragonbash_race_checkpoint" GUID="xatdPRDG+kyNMGITlxAN5Q=="/>
		<POI MapID="326" xpos="-318.993" ypos="273.697" zpos="59.608" type="tw_guides.tw_festival_dragonbash.tw_festival_dragonbash_race.tw_festival_dragonbash_race_checkpoint" GUID="StXxbCw9hU+84eSGVxPeSA=="/>
		<POI MapID="326" xpos="-315.005" ypos="270.45" zpos="71.3657" type="tw_guides.tw_festival_dragonbash.tw_festival_dragonbash_race.tw_festival_dragonbash_race_checkpoint" GUID="fspXbeame0iemu40qFXh3w=="/>
		<POI MapID="326" xpos="-258.083" ypos="268.393" zpos="86.2058" type="tw_guides.tw_festival_dragonbash.tw_festival_dragonbash_race.tw_festival_dragonbash_race_checkpoint" GUID="ss50Dgpj402tuRuLRNrxJg=="/>
		<POI MapID="326" xpos="-241.062" ypos="268.4" zpos="164.572" type="tw_guides.tw_festival_dragonbash.tw_festival_dragonbash_race.tw_festival_dragonbash_race_checkpoint" GUID="wyGjBrqQ/E++Zfn3YhDFHg=="/>
		<POI MapID="326" xpos="-175.021" ypos="271.955" zpos="199.537" type="tw_guides.tw_festival_dragonbash.tw_festival_dragonbash_race.tw_festival_dragonbash_race_checkpoint" GUID="yvGTImpreUKS2kreK3APfQ=="/>
		<POI MapID="326" xpos="-83.5681" ypos="268.563" zpos="261.342" type="tw_guides.tw_festival_dragonbash.tw_festival_dragonbash_race.tw_festival_dragonbash_race_checkpoint" GUID="wO39RuYb0UCg+Ex9TaGdXQ=="/>
		<POI MapID="326" xpos="-51.255" ypos="262.945" zpos="315.957" type="tw_guides.tw_festival_dragonbash.tw_festival_dragonbash_race.tw_festival_dragonbash_race_checkpoint" GUID="W8dzTXiq802zTQ5Qu3U3zA=="/>
		<POI MapID="326" xpos="-26.9652" ypos="247.44" zpos="356.172" type="tw_guides.tw_festival_dragonbash.tw_festival_dragonbash_race.tw_festival_dragonbash_race_checkpoint" GUID="tHSeYIZ+Ak6SJdd7BSbE6A=="/>
		<POI MapID="326" xpos="4.89815" ypos="239.409" zpos="387.667" type="tw_guides.tw_festival_dragonbash.tw_festival_dragonbash_race.tw_festival_dragonbash_race_checkpoint" GUID="rZjuDz7V/UynAs/wdu3KeQ=="/>
		<POI MapID="326" xpos="53.3629" ypos="241.595" zpos="381.344" type="tw_guides.tw_festival_dragonbash.tw_festival_dragonbash_race.tw_festival_dragonbash_race_checkpoint" GUID="P97pzzZnCk6F/IV8+38/4Q=="/>
		<POI MapID="326" xpos="79.797" ypos="244.563" zpos="365.503" type="tw_guides.tw_festival_dragonbash.tw_festival_dragonbash_race.tw_festival_dragonbash_race_checkpoint" GUID="M6RnqD6pqkyFDJZf8+9sow=="/>
		<POI MapID="326" xpos="124.757" ypos="267.794" zpos="311.768" type="tw_guides.tw_festival_dragonbash.tw_festival_dragonbash_race.tw_festival_dragonbash_race_checkpoint" GUID="MTyn8pES10Wmiy4UPAYMFA=="/>
		<POI MapID="326" xpos="134.157" ypos="237.204" zpos="216.592" type="tw_guides.tw_festival_dragonbash.tw_festival_dragonbash_race.tw_festival_dragonbash_race_checkpoint" GUID="Axvxzn3tsEKq/NcH2gQD6g=="/>
		<POI MapID="326" xpos="155.625" ypos="232.419" zpos="175.782" type="tw_guides.tw_festival_dragonbash.tw_festival_dragonbash_race.tw_festival_dragonbash_race_checkpoint" GUID="5U6N8PlbJ0aW9zegmgA55g=="/>
		<POI MapID="326" xpos="209.086" ypos="233.682" zpos="152.216" type="tw_guides.tw_festival_dragonbash.tw_festival_dragonbash_race.tw_festival_dragonbash_race_checkpoint" GUID="hUQ42Zy6BkKMHhY+CLt3Tw=="/>
		<POI MapID="326" xpos="272.653" ypos="234.612" zpos="163.159" type="tw_guides.tw_festival_dragonbash.tw_festival_dragonbash_race.tw_festival_dragonbash_race_checkpoint" GUID="IwBHGIpQ8UWdxGp1VoejXw=="/>
		<POI MapID="326" xpos="331.562" ypos="231.101" zpos="169.01" type="tw_guides.tw_festival_dragonbash.tw_festival_dragonbash_race.tw_festival_dragonbash_race_checkpoint" GUID="fWWjc5sVWESnbpa/M0to7w=="/>
		<POI MapID="326" xpos="385.713" ypos="215.394" zpos="214.492" type="tw_guides.tw_festival_dragonbash.tw_festival_dragonbash_race.tw_festival_dragonbash_race_checkpoint" GUID="lMy640aXnEiC/7lzd5mXTw=="/>
		<POI MapID="326" xpos="397.451" ypos="217.112" zpos="271.427" type="tw_guides.tw_festival_dragonbash.tw_festival_dragonbash_race.tw_festival_dragonbash_race_checkpoint" GUID="C5IS49VoG0aWB8G3IY5qRA=="/>
		<POI MapID="326" xpos="412.632" ypos="213.572" zpos="323.877" type="tw_guides.tw_festival_dragonbash.tw_festival_dragonbash_race.tw_festival_dragonbash_race_checkpoint" GUID="+wzm5dylbEeBBZ1PZwpsuw=="/>
		<POI MapID="326" xpos="457.132" ypos="208.827" zpos="354.478" type="tw_guides.tw_festival_dragonbash.tw_festival_dragonbash_race.tw_festival_dragonbash_race_checkpoint" GUID="iYeuxUiHsUy109uJCYwZjg=="/>
		<POI MapID="326" xpos="498.381" ypos="214.714" zpos="347.934" type="tw_guides.tw_festival_dragonbash.tw_festival_dragonbash_race.tw_festival_dragonbash_race_checkpoint" GUID="Z0xeKPlPN06GQq+180njAw=="/>
		<POI MapID="326" xpos="556.446" ypos="220.357" zpos="332.402" type="tw_guides.tw_festival_dragonbash.tw_festival_dragonbash_race.tw_festival_dragonbash_race_checkpoint" GUID="9O4qlesmY0Gie5sBLIAeNA=="/>
		<POI MapID="326" xpos="597.371" ypos="220.35" zpos="297.885" type="tw_guides.tw_festival_dragonbash.tw_festival_dragonbash_race.tw_festival_dragonbash_race_checkpoint" GUID="vR0o8iOrYk21TbwAIUW2+g=="/>
		<POI MapID="326" xpos="621.183" ypos="219.326" zpos="278.154" type="tw_guides.tw_festival_dragonbash.tw_festival_dragonbash_race.tw_festival_dragonbash_race_checkpoint" GUID="I89O4Ryz/Eyftnqy5yyqEA=="/>
		<POI MapID="326" xpos="620.538" ypos="237.997" zpos="185.439" type="tw_guides.tw_festival_dragonbash.tw_festival_dragonbash_race.tw_festival_dragonbash_race_checkpoint" GUID="jV0H0o1aHEyJ6PYgi4p/WA=="/>
		<POI MapID="326" xpos="607.233" ypos="246.186" zpos="128.611" type="tw_guides.tw_festival_dragonbash.tw_festival_dragonbash_race.tw_festival_dragonbash_race_checkpoint" GUID="nbPWO2cu7ESjPnnsLotIZQ=="/>
		<POI MapID="326" xpos="559.233" ypos="252.864" zpos="93.6991" type="tw_guides.tw_festival_dragonbash.tw_festival_dragonbash_race.tw_festival_dragonbash_race_checkpoint" GUID="pUoCKmPZgkOec0RHlmJgNw=="/>
		<POI MapID="326" xpos="539.784" ypos="254.026" zpos="67.5721" type="tw_guides.tw_festival_dragonbash.tw_festival_dragonbash_race.tw_festival_dragonbash_race_checkpoint" GUID="1hu/bgsRbECThYBUReHytQ=="/>
		<POI MapID="326" xpos="546.965" ypos="256.517" zpos="36.3773" type="tw_guides.tw_festival_dragonbash.tw_festival_dragonbash_race.tw_festival_dragonbash_race_checkpoint" GUID="E7f9CXEhEkaP7Nj1Uv2How=="/>
		<POI MapID="326" xpos="530.982" ypos="259.119" zpos="6.60658" type="tw_guides.tw_festival_dragonbash.tw_festival_dragonbash_race.tw_festival_dragonbash_race_checkpoint" GUID="zkfxslxi50eptegnWlWQrA=="/>
		<POI MapID="326" xpos="504.048" ypos="283.252" zpos="-40.4317" type="tw_guides.tw_festival_dragonbash.tw_festival_dragonbash_race.tw_festival_dragonbash_race_checkpoint" GUID="cC0XJh2zxEypfjcNiW0smw=="/>
		<POI MapID="326" xpos="482.839" ypos="297.848" zpos="-78.7011" type="tw_guides.tw_festival_dragonbash.tw_festival_dragonbash_race.tw_festival_dragonbash_race_checkpoint" GUID="QOYLY9xroUe0dj9DJSOd8Q=="/>
		<POI MapID="326" xpos="483.297" ypos="310.296" zpos="-141.288" type="tw_guides.tw_festival_dragonbash.tw_festival_dragonbash_race.tw_festival_dragonbash_race_checkpoint" GUID="krrjSkj9RUOT6wn5O3eBgA=="/>
		<POI MapID="326" xpos="477.902" ypos="309.072" zpos="-188.674" type="tw_guides.tw_festival_dragonbash.tw_festival_dragonbash_race.tw_festival_dragonbash_race_checkpoint" GUID="nnC+GGSUfkuhiCKaaAKDHw=="/>
		<POI MapID="326" xpos="466.237" ypos="307.845" zpos="-201.048" type="tw_guides.tw_festival_dragonbash.tw_festival_dragonbash_race.tw_festival_dragonbash_race_checkpoint" GUID="b8QuuDYXiEOJp93+GidwNA=="/>
		<POI MapID="326" xpos="416.534" ypos="310.079" zpos="-220.587" type="tw_guides.tw_festival_dragonbash.tw_festival_dragonbash_race.tw_festival_dragonbash_race_checkpoint" GUID="cHD8X6Sd5Uy7k8Rn79At5A=="/>
		<POI MapID="326" xpos="367.35" ypos="302.046" zpos="-207.08" type="tw_guides.tw_festival_dragonbash.tw_festival_dragonbash_race.tw_festival_dragonbash_race_checkpoint" GUID="sd3/4uyUDEKgQ+TZyS2WNQ=="/>
		<POI MapID="326" xpos="317.778" ypos="301.072" zpos="-202.473" type="tw_guides.tw_festival_dragonbash.tw_festival_dragonbash_race.tw_festival_dragonbash_race_checkpoint" GUID="/TpTSLE8iUiKLWT579xrDw=="/>
		<POI MapID="326" xpos="288.17" ypos="301.969" zpos="-158.055" type="tw_guides.tw_festival_dragonbash.tw_festival_dragonbash_race.tw_festival_dragonbash_race_checkpoint" GUID="idu49NBHD0uLbxeb2H7CYA=="/>
		<POI MapID="326" xpos="237.991" ypos="301.931" zpos="-113.178" type="tw_guides.tw_festival_dragonbash.tw_festival_dragonbash_race.tw_festival_dragonbash_race_checkpoint" GUID="9BljkfHysU2oT36Yf0ebtQ=="/>
		<POI MapID="326" xpos="165.777" ypos="302.214" zpos="-65.5942" type="tw_guides.tw_festival_dragonbash.tw_festival_dragonbash_race.tw_festival_dragonbash_race_finish" GUID="7OxmhWgiM0qqcn0SzfSYIQ=="/>
		<POI MapID="326" xpos="65.5587" ypos="302.037" zpos="-47.9978" type="tw_guides.tw_festival_dragonbash.tw_festival_dragonbash_race.tw_festival_dragonbash_race_checkpoint" GUID="bJxFzOwJA0yCUrgdZyRAGg=="/>
		<POI MapID="326" xpos="-30.1196" ypos="307.32" zpos="-27.2826" type="tw_guides.tw_festival_dragonbash.tw_festival_dragonbash_race.tw_festival_dragonbash_race_checkpoint" GUID="/d447qykTk+aIR8Jt7VrWA=="/>
		<POI MapID="326" xpos="-87.628" ypos="306.1" zpos="29.9595" type="tw_guides.tw_festival_dragonbash.tw_festival_dragonbash_race.tw_festival_dragonbash_race_checkpoint" GUID="8kCjUOzVi0WCILoIy/Q9Xg=="/>
		<POI MapID="326" xpos="-132.057" ypos="294.568" zpos="59.1104" type="tw_guides.tw_festival_dragonbash.tw_festival_dragonbash_race.tw_festival_dragonbash_race_checkpoint" GUID="XuiAGcI5Dkikupza6QuyQA=="/>
		<POI MapID="326" xpos="-211.431" ypos="286.768" zpos="52.6926" type="tw_guides.tw_festival_dragonbash.tw_festival_dragonbash_race.tw_festival_dragonbash_race_checkpoint" GUID="e/XNQH6pskiazfxX09XO1Q=="/>
		<POI MapID="326" xpos="-315.373" ypos="278.991" zpos="37.8476" type="tw_guides.tw_festival_dragonbash.tw_festival_dragonbash_race.tw_festival_dragonbash_race_checkpoint" GUID="UWrQlSXbtUi5iJHoKA7yrg=="/>
		<POI MapID="326" xpos="-334.673" ypos="272.763" zpos="63.6811" type="tw_guides.tw_festival_dragonbash.tw_festival_dragonbash_race.tw_festival_dragonbash_race_checkpoint" GUID="LV3Zw8HJwkiAQxDyOkbjAw=="/>
		<POI MapID="326" xpos="-319.197" ypos="268.402" zpos="86.873" type="tw_guides.tw_festival_dragonbash.tw_festival_dragonbash_race.tw_festival_dragonbash_race_checkpoint" GUID="4Y/OXOVoJk6hisPit0/SBw=="/>
		<POI MapID="326" xpos="-274.309" ypos="268.478" zpos="89.1475" type="tw_guides.tw_festival_dragonbash.tw_festival_dragonbash_race.tw_festival_dragonbash_race_checkpoint" GUID="psml9Pp4DEOPY1DGHuyQ2A=="/>
		<POI MapID="326" xpos="-249.137" ypos="268.448" zpos="180.5" type="tw_guides.tw_festival_dragonbash.tw_festival_dragonbash_race.tw_festival_dragonbash_race_checkpoint" GUID="gb/eTi6QiEuZOfYI+INUsw=="/>
		<POI MapID="326" xpos="-190.787" ypos="272.549" zpos="214.979" type="tw_guides.tw_festival_dragonbash.tw_festival_dragonbash_race.tw_festival_dragonbash_race_checkpoint" GUID="IBJsFKHDbU6Atutw83ClDQ=="/>
		<POI MapID="326" xpos="-99.1874" ypos="268.8" zpos="273.605" type="tw_guides.tw_festival_dragonbash.tw_festival_dragonbash_race.tw_festival_dragonbash_race_checkpoint" GUID="ngTyY3R5aEa5/1j4mxgD2w=="/>
		<POI MapID="326" xpos="-65.0946" ypos="262.226" zpos="322.942" type="tw_guides.tw_festival_dragonbash.tw_festival_dragonbash_race.tw_festival_dragonbash_race_checkpoint" GUID="avqKPCrKcEOkye+5DzTD2Q=="/>
		<POI MapID="326" xpos="-39.592" ypos="249.058" zpos="371.14" type="tw_guides.tw_festival_dragonbash.tw_festival_dragonbash_race.tw_festival_dragonbash_race_checkpoint" GUID="ll2St+7YyEGy8Ernn7m3sg=="/>
		<POI MapID="326" xpos="4.592" ypos="239.842" zpos="403.708" type="tw_guides.tw_festival_dragonbash.tw_festival_dragonbash_race.tw_festival_dragonbash_race_checkpoint" GUID="zZYrDBmWiE6SkZTadyZGeg=="/>
		<POI MapID="326" xpos="60.737" ypos="241.172" zpos="392.862" type="tw_guides.tw_festival_dragonbash.tw_festival_dragonbash_race.tw_festival_dragonbash_race_checkpoint" GUID="N1e3LzcSW06JqR5NXS7wcA=="/>
		<POI MapID="326" xpos="88.3923" ypos="245.288" zpos="374.662" type="tw_guides.tw_festival_dragonbash.tw_festival_dragonbash_race.tw_festival_dragonbash_race_checkpoint" GUID="9ugszjFpdke17S4PMy2ruA=="/>
		<POI MapID="326" xpos="133.841" ypos="268.153" zpos="313.688" type="tw_guides.tw_festival_dragonbash.tw_festival_dragonbash_race.tw_festival_dragonbash_race_checkpoint" GUID="hcgvy/+X20OoKdUK4L2b/A=="/>
		<POI MapID="326" xpos="148.733" ypos="242.797" zpos="222.917" type="tw_guides.tw_festival_dragonbash.tw_festival_dragonbash_race.tw_festival_dragonbash_race_checkpoint" GUID="f857XwFuuEWwcBSfDCQYsg=="/>
		<POI MapID="326" xpos="167.011" ypos="236.787" zpos="191.129" type="tw_guides.tw_festival_dragonbash.tw_festival_dragonbash_race.tw_festival_dragonbash_race_checkpoint" GUID="bYZHBWkky0aXGa0RAWGuQg=="/>
		<POI MapID="326" xpos="207.711" ypos="236.012" zpos="169.529" type="tw_guides.tw_festival_dragonbash.tw_festival_dragonbash_race.tw_festival_dragonbash_race_checkpoint" GUID="CKsfffpNok+vT+c37rm0rA=="/>
		<POI MapID="326" xpos="272.002" ypos="239.959" zpos="179.314" type="tw_guides.tw_festival_dragonbash.tw_festival_dragonbash_race.tw_festival_dragonbash_race_checkpoint" GUID="BIKC3Xs5/kyO0qxPcDQ+Bg=="/>
		<POI MapID="326" xpos="319.783" ypos="235.577" zpos="183.778" type="tw_guides.tw_festival_dragonbash.tw_festival_dragonbash_race.tw_festival_dragonbash_race_checkpoint" GUID="+o5jX6yi/U+XTbc/kNsdVQ=="/>
		<POI MapID="326" xpos="370.297" ypos="218.823" zpos="217.975" type="tw_guides.tw_festival_dragonbash.tw_festival_dragonbash_race.tw_festival_dragonbash_race_checkpoint" GUID="7c0VCrueYUm6dIZU1ePTZw=="/>
		<POI MapID="326" xpos="381.691" ypos="216.583" zpos="273.659" type="tw_guides.tw_festival_dragonbash.tw_festival_dragonbash_race.tw_festival_dragonbash_race_checkpoint" GUID="2m0/UNfnrU+SRs57oLHitQ=="/>
		<POI MapID="326" xpos="402.02" ypos="212.976" zpos="333.656" type="tw_guides.tw_festival_dragonbash.tw_festival_dragonbash_race.tw_festival_dragonbash_race_checkpoint" GUID="s5RWMfdn7k+IelOMZhsb4Q=="/>
		<POI MapID="326" xpos="457.884" ypos="207.117" zpos="370.298" type="tw_guides.tw_festival_dragonbash.tw_festival_dragonbash_race.tw_festival_dragonbash_race_checkpoint" GUID="LWLL77S/q0W5+Vi/0dX9jA=="/>
		<POI MapID="326" xpos="503.42" ypos="214.668" zpos="363.359" type="tw_guides.tw_festival_dragonbash.tw_festival_dragonbash_race.tw_festival_dragonbash_race_checkpoint" GUID="wdhhdC/BGUSfzShQ3JXOHg=="/>
		<POI MapID="326" xpos="565.338" ypos="220.562" zpos="342.965" type="tw_guides.tw_festival_dragonbash.tw_festival_dragonbash_race.tw_festival_dragonbash_race_checkpoint" GUID="HYVvz7i5fkGLkWODxgN3mw=="/>
		<POI MapID="326" xpos="610.438" ypos="219.081" zpos="312.983" type="tw_guides.tw_festival_dragonbash.tw_festival_dragonbash_race.tw_festival_dragonbash_race_checkpoint" GUID="nmS8VuW4n0yONrht662v7w=="/>
		<POI MapID="326" xpos="637.318" ypos="218.926" zpos="278.212" type="tw_guides.tw_festival_dragonbash.tw_festival_dragonbash_race.tw_festival_dragonbash_race_checkpoint" GUID="a5zQTsatPEmFrn+G4R/H/A=="/>
		<POI MapID="326" xpos="634.537" ypos="239.115" zpos="181.469" type="tw_guides.tw_festival_dragonbash.tw_festival_dragonbash_race.tw_festival_dragonbash_race_checkpoint" GUID="AjVfVL6CEEu4QArXswpKSQ=="/>
		<POI MapID="326" xpos="617.901" ypos="246.132" zpos="116.709" type="tw_guides.tw_festival_dragonbash.tw_festival_dragonbash_race.tw_festival_dragonbash_race_checkpoint" GUID="KtzGQMaekkyNgH1fvj82yw=="/>
		<POI MapID="326" xpos="570.509" ypos="254.446" zpos="83.2701" type="tw_guides.tw_festival_dragonbash.tw_festival_dragonbash_race.tw_festival_dragonbash_race_checkpoint" GUID="OQTjY5fs1UG2LjcLRPNhsw=="/>
		<POI MapID="326" xpos="555.882" ypos="255.466" zpos="70.7748" type="tw_guides.tw_festival_dragonbash.tw_festival_dragonbash_race.tw_festival_dragonbash_race_checkpoint" GUID="SGhhibtro06kS8Io35OZOQ=="/>
		<POI MapID="326" xpos="562.349" ypos="258.1" zpos="27.7229" type="tw_guides.tw_festival_dragonbash.tw_festival_dragonbash_race.tw_festival_dragonbash_race_checkpoint" GUID="OeDBhg7jy0CrQrE/nd6+Rw=="/>
		<POI MapID="326" xpos="546.211" ypos="261.442" zpos="-0.836326" type="tw_guides.tw_festival_dragonbash.tw_festival_dragonbash_race.tw_festival_dragonbash_race_checkpoint" GUID="O7FQaUGsbUWoPXKpGSzDmQ=="/>
		<POI MapID="326" xpos="518.404" ypos="285.009" zpos="-50.1297" type="tw_guides.tw_festival_dragonbash.tw_festival_dragonbash_race.tw_festival_dragonbash_race_checkpoint" GUID="+oWmebp6nkaQBllgL4VA2w=="/>
		<POI MapID="326" xpos="498.416" ypos="298.087" zpos="-78.4781" type="tw_guides.tw_festival_dragonbash.tw_festival_dragonbash_race.tw_festival_dragonbash_race_checkpoint" GUID="JBYT2kWAXkuW+lwirGu20w=="/>
		<POI MapID="326" xpos="499.086" ypos="311.298" zpos="-142.164" type="tw_guides.tw_festival_dragonbash.tw_festival_dragonbash_race.tw_festival_dragonbash_race_checkpoint" GUID="KqNw+RmtfkOMnJDV8EogTA=="/>
		<POI MapID="326" xpos="491.904" ypos="313.57" zpos="-202.293" type="tw_guides.tw_festival_dragonbash.tw_festival_dragonbash_race.tw_festival_dragonbash_race_checkpoint" GUID="g7PjD1eWgkGFzLCFpoaL7g=="/>
		<POI MapID="326" xpos="470.806" ypos="312.639" zpos="-215.362" type="tw_guides.tw_festival_dragonbash.tw_festival_dragonbash_race.tw_festival_dragonbash_race_checkpoint" GUID="kalw8ezqCUS7AgQWvrbsSw=="/>
		<POI MapID="326" xpos="412.685" ypos="312.789" zpos="-236.264" type="tw_guides.tw_festival_dragonbash.tw_festival_dragonbash_race.tw_festival_dragonbash_race_checkpoint" GUID="ETjdHlcMCUmCryK+zhk+4g=="/>
		<POI MapID="326" xpos="365.572" ypos="305.618" zpos="-222.742" type="tw_guides.tw_festival_dragonbash.tw_festival_dragonbash_race.tw_festival_dragonbash_race_checkpoint" GUID="/81wyfU+g0OusznZmAgW/Q=="/>
		<POI MapID="326" xpos="302.776" ypos="304.401" zpos="-212.541" type="tw_guides.tw_festival_dragonbash.tw_festival_dragonbash_race.tw_festival_dragonbash_race_checkpoint" GUID="EWmne/zuwEmZLru4PFb9KQ=="/>
		<POI MapID="326" xpos="277.335" ypos="301.969" zpos="-170.756" type="tw_guides.tw_festival_dragonbash.tw_festival_dragonbash_race.tw_festival_dragonbash_race_checkpoint" GUID="Q14tArQyoU27OQS7OtZweg=="/>
		<POI MapID="326" xpos="224.623" ypos="302.028" zpos="-128.901" type="tw_guides.tw_festival_dragonbash.tw_festival_dragonbash_race.tw_festival_dragonbash_race_checkpoint" GUID="SuHkWjqFL0WQ66juEOBU2w=="/>
		<POI MapID="326" xpos="157.393" ypos="302.18" zpos="-81.2445" type="tw_guides.tw_festival_dragonbash.tw_festival_dragonbash_race.tw_festival_dragonbash_race_finish" GUID="bGZ6fzko20udup1bx+zfJw=="/>
		<POI MapID="326" xpos="97.5618" ypos="301.972" zpos="-10.0818" type="tw_guides.tw_festival_dragonbash.tw_festival_dragonbash_fireworkslaunchers_fireworkslauncher" GUID="jW1zsrRP2EatKQsOWzPWZw=="/>
		<POI MapID="326" xpos="-83.3244" ypos="307.348" zpos="22.2062" type="tw_guides.tw_festival_dragonbash.tw_festival_dragonbash_race.tw_festival_dragonbash_race_obstacle" GUID="7d6PSBEf/UmTw/0qHd3KXA=="/>
		<POI MapID="326" xpos="-88.3639" ypos="307.192" zpos="27.063" type="tw_guides.tw_festival_dragonbash.tw_festival_dragonbash_race.tw_festival_dragonbash_race_obstacle" GUID="G9MiX18490O2BeW6f9PzXQ=="/>
		<POI MapID="326" xpos="0.145899" ypos="303.253" zpos="-11.4942" type="tw_guides.tw_festival_dragonbash.tw_festival_dragonbash_race.tw_festival_dragonbash_race_obstacle" GUID="jnWjTPku6ky+eqM+e+rZKg=="/>
		<POI MapID="326" xpos="-173.534" ypos="272.061" zpos="232.809" type="tw_guides.tw_festival_dragonbash.tw_festival_dragonbash_race.tw_festival_dragonbash_race_obstacle" GUID="DDoS+BovT0SuHr2nTJjF1w=="/>
		<POI MapID="326" xpos="-160.006" ypos="271.425" zpos="214.637" type="tw_guides.tw_festival_dragonbash.tw_festival_dragonbash_race.tw_festival_dragonbash_race_obstacle" GUID="s0MOhwOT9kGLJWAm1zxeNA=="/>
		<POI MapID="326" xpos="-158.148" ypos="271.806" zpos="244.171" type="tw_guides.tw_festival_dragonbash.tw_festival_dragonbash_race.tw_festival_dragonbash_race_obstacle" GUID="Ewy5wKKNh06ZcedPPzGvdQ=="/>
		<POI MapID="326" xpos="-139.384" ypos="269.169" zpos="234.688" type="tw_guides.tw_festival_dragonbash.tw_festival_dragonbash_race.tw_festival_dragonbash_race_obstacle" GUID="TXggeOFq/ES0PUNUo66vAQ=="/>
		<POI MapID="326" xpos="-108.968" ypos="268.4" zpos="258.397" type="tw_guides.tw_festival_dragonbash.tw_festival_dragonbash_race.tw_festival_dragonbash_race_obstacle" GUID="kR4d0srVXEOWvW+kGbj6Ow=="/>
		<POI MapID="326" xpos="-89.7143" ypos="269.839" zpos="283.517" type="tw_guides.tw_festival_dragonbash.tw_festival_dragonbash_race.tw_festival_dragonbash_race_obstacle" GUID="bt+3fWJDR0WGNS0e0bjRVg=="/>
		<POI MapID="326" xpos="-86.7399" ypos="268.614" zpos="283.924" type="tw_guides.tw_festival_dragonbash.tw_festival_dragonbash_race.tw_festival_dragonbash_race_obstacle" GUID="8wqU8rdkgkybMpTGgVNNfw=="/>
		<POI MapID="326" xpos="-68.2151" ypos="265.607" zpos="317.179" type="tw_guides.tw_festival_dragonbash.tw_festival_dragonbash_race.tw_festival_dragonbash_race_obstacle" GUID="6aTyfOWtOkO+wn7txQX3Rg=="/>
		<POI MapID="326" xpos="-19.2236" ypos="245.544" zpos="379.893" type="tw_guides.tw_festival_dragonbash.tw_festival_dragonbash_race.tw_festival_dragonbash_race_recharger" GUID="HI1kKJPdzkySrnK4XBKa2g=="/>
		<POI MapID="326" xpos="5.42558" ypos="240.016" zpos="408.543" type="tw_guides.tw_festival_dragonbash.tw_festival_dragonbash_race.tw_festival_dragonbash_race_obstacle" GUID="dNr6WXlwgkqPAyqOui4Pvw=="/>
		<POI MapID="326" xpos="32.1241" ypos="239.723" zpos="385.023" type="tw_guides.tw_festival_dragonbash.tw_festival_dragonbash_race.tw_festival_dragonbash_race_obstacle" GUID="gK2Cwb99i0CcvqB/6NmWvw=="/>
		<POI MapID="326" xpos="35.916" ypos="239.237" zpos="389.443" type="tw_guides.tw_festival_dragonbash.tw_festival_dragonbash_race.tw_festival_dragonbash_race_obstacle" GUID="qzQqzZXvCUOxAAiSzy20fg=="/>
		<POI MapID="326" xpos="50.5685" ypos="239.439" zpos="401.169" type="tw_guides.tw_festival_dragonbash.tw_festival_dragonbash_race.tw_festival_dragonbash_race_obstacle" GUID="GzmciYaSd0iK3+5+ruMIjA=="/>
		<POI MapID="326" xpos="59.3851" ypos="240.94" zpos="394.966" type="tw_guides.tw_festival_dragonbash.tw_festival_dragonbash_race.tw_festival_dragonbash_race_obstacle" GUID="/QRoKDHj10GQSYiy6zomdw=="/>
		<POI MapID="326" xpos="141.089" ypos="231.884" zpos="186.456" type="tw_guides.tw_festival_dragonbash.tw_festival_dragonbash_race.tw_festival_dragonbash_race_obstacle" GUID="a9lsbhPTZU6Q5zNOKY/AYw=="/>
		<POI MapID="326" xpos="196.711" ypos="237.238" zpos="168.917" type="tw_guides.tw_festival_dragonbash.tw_festival_dragonbash_race.tw_festival_dragonbash_race_obstacle" GUID="SvSg83IGMUWB8p2qDZJXUQ=="/>
		<POI MapID="326" xpos="197.803" ypos="238.492" zpos="172.845" type="tw_guides.tw_festival_dragonbash.tw_festival_dragonbash_race.tw_festival_dragonbash_race_obstacle" GUID="j7J0w65t8UifJyMydbWoHA=="/>
		<POI MapID="326" xpos="197.387" ypos="239.465" zpos="176.479" type="tw_guides.tw_festival_dragonbash.tw_festival_dragonbash_race.tw_festival_dragonbash_race_obstacle" GUID="1U3b3GJ7GkWIQoOYjcI+Uw=="/>
		<POI MapID="326" xpos="195.47" ypos="240.277" zpos="180.397" type="tw_guides.tw_festival_dragonbash.tw_festival_dragonbash_race.tw_festival_dragonbash_race_obstacle" GUID="hZM6680MbkutG6YnaLRPRg=="/>
		<POI MapID="326" xpos="221.468" ypos="233.352" zpos="152.767" type="tw_guides.tw_festival_dragonbash.tw_festival_dragonbash_race.tw_festival_dragonbash_race_obstacle" GUID="3Axa+FJTck20aDEk0HqsfA=="/>
		<POI MapID="326" xpos="255.455" ypos="232.962" zpos="155.883" type="tw_guides.tw_festival_dragonbash.tw_festival_dragonbash_race.tw_festival_dragonbash_race_obstacle" GUID="XRPSd+irPEeDCSvKwapo6w=="/>
		<POI MapID="326" xpos="252.479" ypos="232.963" zpos="152.565" type="tw_guides.tw_festival_dragonbash.tw_festival_dragonbash_race.tw_festival_dragonbash_race_obstacle" GUID="6yJx9Ge2wUWhdxAia3JTig=="/>
		<POI MapID="326" xpos="225.684" ypos="233.029" zpos="149.51" type="tw_guides.tw_festival_dragonbash.tw_festival_dragonbash_race.tw_festival_dragonbash_race_obstacle" GUID="+Tw+r44bV0W9jKAtKdnnrA=="/>
		<POI MapID="326" xpos="262.765" ypos="238.707" zpos="179.24" type="tw_guides.tw_festival_dragonbash.tw_festival_dragonbash_race.tw_festival_dragonbash_race_obstacle" GUID="O8gfcfZ+YkicadxHxUoZWQ=="/>
		<POI MapID="326" xpos="264.006" ypos="239.598" zpos="182.515" type="tw_guides.tw_festival_dragonbash.tw_festival_dragonbash_race.tw_festival_dragonbash_race_obstacle" GUID="1lw8WDY0EEG3jLxOwslRIQ=="/>
		<POI MapID="326" xpos="263.606" ypos="240.555" zpos="186.006" type="tw_guides.tw_festival_dragonbash.tw_festival_dragonbash_race.tw_festival_dragonbash_race_obstacle" GUID="2dnBV07Jy0mYPVtXLPXH3Q=="/>
		<POI MapID="326" xpos="263.234" ypos="241.44" zpos="189.268" type="tw_guides.tw_festival_dragonbash.tw_festival_dragonbash_race.tw_festival_dragonbash_race_obstacle" GUID="F960YrGfpkudSeI4uiHWWA=="/>
		<POI MapID="326" xpos="289.589" ypos="233.526" zpos="161.614" type="tw_guides.tw_festival_dragonbash.tw_festival_dragonbash_race.tw_festival_dragonbash_race_obstacle" GUID="TjrI2gKZE0m13YCg2bHn2g=="/>
		<POI MapID="326" xpos="309.871" ypos="234.12" zpos="159.061" type="tw_guides.tw_festival_dragonbash.tw_festival_dragonbash_race.tw_festival_dragonbash_race_obstacle" GUID="cnp2gur5F02Z6eWF4+iOzA=="/>
		<POI MapID="326" xpos="312.086" ypos="233.997" zpos="156.209" type="tw_guides.tw_festival_dragonbash.tw_festival_dragonbash_race.tw_festival_dragonbash_race_obstacle" GUID="Lp9YTWZrB0qz8gLttYE6sw=="/>
		<POI MapID="326" xpos="313.021" ypos="233.942" zpos="153.491" type="tw_guides.tw_festival_dragonbash.tw_festival_dragonbash_race.tw_festival_dragonbash_race_obstacle" GUID="SPpll9diuEuCcOrJOYMavw=="/>
		<POI MapID="326" xpos="313.875" ypos="233.914" zpos="150.132" type="tw_guides.tw_festival_dragonbash.tw_festival_dragonbash_race.tw_festival_dragonbash_race_obstacle" GUID="dI62WGl24USLG/ySCQplTg=="/>
		<POI MapID="326" xpos="371.286" ypos="220.09" zpos="228.486" type="tw_guides.tw_festival_dragonbash.tw_festival_dragonbash_race.tw_festival_dragonbash_race_obstacle" GUID="VQ3KqDQOdkCMr5J6cC0MBA=="/>
		<POI MapID="326" xpos="405.325" ypos="216.936" zpos="248.607" type="tw_guides.tw_festival_dragonbash.tw_festival_dragonbash_race.tw_festival_dragonbash_race_obstacle" GUID="u3W0VuMK7UWUGRbWhWp+6Q=="/>
		<POI MapID="326" xpos="461.512" ypos="209.605" zpos="348.379" type="tw_guides.tw_festival_dragonbash.tw_festival_dragonbash_race.tw_festival_dragonbash_race_obstacle" GUID="PCI9TpVOxEW7EdKcIcMo5A=="/>
		<POI MapID="326" xpos="462.055" ypos="209.564" zpos="351.115" type="tw_guides.tw_festival_dragonbash.tw_festival_dragonbash_race.tw_festival_dragonbash_race_obstacle" GUID="82gyShKEB02056kjWcyFYA=="/>
		<POI MapID="326" xpos="455.064" ypos="207.322" zpos="373.128" type="tw_guides.tw_festival_dragonbash.tw_festival_dragonbash_race.tw_festival_dragonbash_race_obstacle" GUID="XAZ0V/LnM0CDTVB/tQ3X6g=="/>
		<POI MapID="326" xpos="451.956" ypos="208.535" zpos="375.489" type="tw_guides.tw_festival_dragonbash.tw_festival_dragonbash_race.tw_festival_dragonbash_race_obstacle" GUID="Is39QiMcAESuaA0CgQL2NQ=="/>
		<POI MapID="326" xpos="473.389" ypos="209.685" zpos="351.284" type="tw_guides.tw_festival_dragonbash.tw_festival_dragonbash_race.tw_festival_dragonbash_race_obstacle" GUID="BK8rDAycCUyNtGjgcc5UPA=="/>
		<POI MapID="326" xpos="478.909" ypos="210.341" zpos="350.828" type="tw_guides.tw_festival_dragonbash.tw_festival_dragonbash_race.tw_festival_dragonbash_race_obstacle" GUID="V6sD8y9OcEileOa94Dog3w=="/>
		<POI MapID="326" xpos="565.117" ypos="220.535" zpos="345.421" type="tw_guides.tw_festival_dragonbash.tw_festival_dragonbash_race.tw_festival_dragonbash_race_obstacle" GUID="MMuNfycv9kqKsBdjhblw9Q=="/>
		<POI MapID="326" xpos="568.632" ypos="221.075" zpos="347.851" type="tw_guides.tw_festival_dragonbash.tw_festival_dragonbash_race.tw_festival_dragonbash_race_obstacle" GUID="TvLjbCEnEEKy4OFZkqK0Xg=="/>
		<POI MapID="326" xpos="573.522" ypos="221.341" zpos="350.07" type="tw_guides.tw_festival_dragonbash.tw_festival_dragonbash_race.tw_festival_dragonbash_race_obstacle" GUID="fb0r2zUuj0+XLQ0+SmyjmQ=="/>
		<POI MapID="326" xpos="581.294" ypos="220.427" zpos="329.435" type="tw_guides.tw_festival_dragonbash.tw_festival_dragonbash_race.tw_festival_dragonbash_race_obstacle" GUID="2y3NQqLQ2UOvlsq2epoGaw=="/>
		<POI MapID="326" xpos="594.897" ypos="219.243" zpos="325.906" type="tw_guides.tw_festival_dragonbash.tw_festival_dragonbash_race.tw_festival_dragonbash_race_obstacle" GUID="8xIdc8nV30e+jihiIM+TdQ=="/>
		<POI MapID="326" xpos="598.594" ypos="219.545" zpos="328.153" type="tw_guides.tw_festival_dragonbash.tw_festival_dragonbash_race.tw_festival_dragonbash_race_obstacle" GUID="+C2XWma4FEmZud93dnaWPg=="/>
		<POI MapID="326" xpos="618.755" ypos="218.761" zpos="298.205" type="tw_guides.tw_festival_dragonbash.tw_festival_dragonbash_race.tw_festival_dragonbash_race_recharger" GUID="tGUy7z3It0KrY0Gda1UDjA=="/>
		<POI MapID="326" xpos="612.638" ypos="220.255" zpos="279.596" type="tw_guides.tw_festival_dragonbash.tw_festival_dragonbash_race.tw_festival_dragonbash_race_obstacle" GUID="MoYZn3yQXUet7k5s0gXeyQ=="/>
		<POI MapID="326" xpos="607.861" ypos="220.193" zpos="283.712" type="tw_guides.tw_festival_dragonbash.tw_festival_dragonbash_race.tw_festival_dragonbash_race_obstacle" GUID="6/XZqzZgX0q0TBwHWOF6Kg=="/>
		<POI MapID="326" xpos="640.412" ypos="219.956" zpos="268.296" type="tw_guides.tw_festival_dragonbash.tw_festival_dragonbash_race.tw_festival_dragonbash_race_obstacle" GUID="hB0f8OSL6U2yCosfjo0JZg=="/>
		<POI MapID="326" xpos="636.646" ypos="220.324" zpos="264.375" type="tw_guides.tw_festival_dragonbash.tw_festival_dragonbash_race.tw_festival_dragonbash_race_obstacle" GUID="ZRUMiIBO0EedbylgPP8FXA=="/>
		<POI MapID="326" xpos="618.258" ypos="219.789" zpos="243.297" type="tw_guides.tw_festival_dragonbash.tw_festival_dragonbash_race.tw_festival_dragonbash_race_obstacle" GUID="A+JFrysUZ0++UQB/ZUfDKg=="/>
		<POI MapID="326" xpos="622.376" ypos="220.874" zpos="241.677" type="tw_guides.tw_festival_dragonbash.tw_festival_dragonbash_race.tw_festival_dragonbash_race_obstacle" GUID="UJ7Ll1KdwUOsLMcCmALCHA=="/>
		<POI MapID="326" xpos="642.698" ypos="225.163" zpos="237.093" type="tw_guides.tw_festival_dragonbash.tw_festival_dragonbash_race.tw_festival_dragonbash_race_obstacle" GUID="1A4/5iGQmkqm4//sp3wJUw=="/>
		<POI MapID="326" xpos="618.608" ypos="239.521" zpos="182.181" type="tw_guides.tw_festival_dragonbash.tw_festival_dragonbash_race.tw_festival_dragonbash_race_obstacle" GUID="xZePQJ3TV0W84sFq+z62qw=="/>
		<POI MapID="326" xpos="636.647" ypos="239.556" zpos="183.95" type="tw_guides.tw_festival_dragonbash.tw_festival_dragonbash_race.tw_festival_dragonbash_race_obstacle" GUID="rMjiz1RbwkWfW2FEkdnuCA=="/>
		<POI MapID="326" xpos="616.274" ypos="242.685" zpos="167.14" type="tw_guides.tw_festival_dragonbash.tw_festival_dragonbash_race.tw_festival_dragonbash_race_obstacle" GUID="a48En9juZUeWC+yCYkIg/w=="/>
		<POI MapID="326" xpos="614.746" ypos="243.638" zpos="154.954" type="tw_guides.tw_festival_dragonbash.tw_festival_dragonbash_race.tw_festival_dragonbash_race_obstacle" GUID="gwqvNhGPdU2XEsGUqmE8wQ=="/>
		<POI MapID="326" xpos="614.404" ypos="245.146" zpos="142.262" type="tw_guides.tw_festival_dragonbash.tw_festival_dragonbash_race.tw_festival_dragonbash_race_obstacle" GUID="t82MbJ5bakS/wGsuorv4lw=="/>
		<POI MapID="326" xpos="595.661" ypos="247.451" zpos="115.908" type="tw_guides.tw_festival_dragonbash.tw_festival_dragonbash_race.tw_festival_dragonbash_race_obstacle" GUID="SU9GC4J9ZUuo2Yne64LgAA=="/>
		<POI MapID="326" xpos="603.711" ypos="247.827" zpos="105.249" type="tw_guides.tw_festival_dragonbash.tw_festival_dragonbash_race.tw_festival_dragonbash_race_obstacle" GUID="OTu6ayIs8UKF7+bwQNT2gQ=="/>
		<POI MapID="326" xpos="590.982" ypos="249.574" zpos="98.4322" type="tw_guides.tw_festival_dragonbash.tw_festival_dragonbash_race.tw_festival_dragonbash_race_obstacle" GUID="UBkE734tGkOT+HE+zDxr5w=="/>
		<POI MapID="326" xpos="586.706" ypos="248.939" zpos="106.103" type="tw_guides.tw_festival_dragonbash.tw_festival_dragonbash_race.tw_festival_dragonbash_race_obstacle" GUID="dZLIXV+rC0uSZkkPKVGITg=="/>
		<POI MapID="326" xpos="577.263" ypos="251.641" zpos="89.2354" type="tw_guides.tw_festival_dragonbash.tw_festival_dragonbash_race.tw_festival_dragonbash_race_obstacle" GUID="lwMhsaCp/ke7vVxP2iWcaQ=="/>
		<POI MapID="326" xpos="573.658" ypos="251.04" zpos="98.6076" type="tw_guides.tw_festival_dragonbash.tw_festival_dragonbash_race.tw_festival_dragonbash_race_obstacle" GUID="K/9S6+/ixEWJkkvBkgEuTQ=="/>
		<POI MapID="326" xpos="546.243" ypos="254.617" zpos="91.149" type="tw_guides.tw_festival_dragonbash.tw_festival_dragonbash_race.tw_festival_dragonbash_race_obstacle" GUID="qeAAEIzxPU2KJGJMsZ5eHw=="/>
		<POI MapID="326" xpos="548.813" ypos="255.338" zpos="51.3326" type="tw_guides.tw_festival_dragonbash.tw_festival_dragonbash_race.tw_festival_dragonbash_race_recharger" GUID="H48LK+w4M0aRg00hoGELqQ=="/>
		<POI MapID="326" xpos="538.17" ypos="254.778" zpos="50.7379" type="tw_guides.tw_festival_dragonbash.tw_festival_dragonbash_race.tw_festival_dragonbash_race_obstacle" GUID="emtWwyUVTUCkYqSFlAlo3Q=="/>
		<POI MapID="326" xpos="535.814" ypos="254.571" zpos="46.8007" type="tw_guides.tw_festival_dragonbash.tw_festival_dragonbash_race.tw_festival_dragonbash_race_obstacle" GUID="4NsNCBORi0Gk2XbZQ9gQkw=="/>
		<POI MapID="326" xpos="538.61" ypos="254.856" zpos="46.0805" type="tw_guides.tw_festival_dragonbash.tw_festival_dragonbash_race.tw_festival_dragonbash_race_obstacle" GUID="n7DY35olWkeUah09DDJs+A=="/>
		<POI MapID="326" xpos="522.026" ypos="253.617" zpos="50.2104" type="tw_guides.tw_festival_dragonbash.tw_festival_dragonbash_race.tw_festival_dragonbash_race_obstacle" GUID="3F2UiWwT7EaBFgj/WRsbCw=="/>
		<POI MapID="326" xpos="532.27" ypos="254.006" zpos="46.4828" type="tw_guides.tw_festival_dragonbash.tw_festival_dragonbash_race.tw_festival_dragonbash_race_obstacle" GUID="/610Ow3ES0CKNE7lOILRcg=="/>
		<POI MapID="326" xpos="529.083" ypos="253.764" zpos="47.8297" type="tw_guides.tw_festival_dragonbash.tw_festival_dragonbash_race.tw_festival_dragonbash_race_obstacle" GUID="rD48znwJjkuQ+l3Av0E6yw=="/>
		<POI MapID="326" xpos="525.955" ypos="253.693" zpos="49.3362" type="tw_guides.tw_festival_dragonbash.tw_festival_dragonbash_race.tw_festival_dragonbash_race_obstacle" GUID="ZP3iG3jUhEyUaceJsBOBqA=="/>
		<POI MapID="326" xpos="542.134" ypos="257.255" zpos="22.2004" type="tw_guides.tw_festival_dragonbash.tw_festival_dragonbash_race.tw_festival_dragonbash_race_obstacle" GUID="FYs1CtBRCUm1gQrjN1/8lg=="/>
		<POI MapID="326" xpos="548.602" ypos="261.821" zpos="-3.6257" type="tw_guides.tw_festival_dragonbash.tw_festival_dragonbash_race.tw_festival_dragonbash_race_obstacle" GUID="RQS+OCd08ESBHTPqesMLYw=="/>
		<POI MapID="326" xpos="541.657" ypos="271.54" zpos="-22.9428" type="tw_guides.tw_festival_dragonbash.tw_festival_dragonbash_race.tw_festival_dragonbash_race_obstacle" GUID="DK+ykNG3ZkmTGowu9DlzDg=="/>
		<POI MapID="326" xpos="499.947" ypos="290.091" zpos="-59.9795" type="tw_guides.tw_festival_dragonbash.tw_festival_dragonbash_race.tw_festival_dragonbash_race_recharger" GUID="YbZJUBIzzEiOuo3MkYrk8w=="/>
		<POI MapID="326" xpos="501.812" ypos="297.787" zpos="-78.0441" type="tw_guides.tw_festival_dragonbash.tw_festival_dragonbash_race.tw_festival_dragonbash_race_obstacle" GUID="nltcI7JuXESUDGr5thbXqA=="/>
		<POI MapID="326" xpos="478.762" ypos="293.733" zpos="-70.2953" type="tw_guides.tw_festival_dragonbash.tw_festival_dragonbash_race.tw_festival_dragonbash_race_obstacle" GUID="5L5m0YIEf06qm6ClrALw9A=="/>
		<POI MapID="326" xpos="474.077" ypos="296.224" zpos="-76.6812" type="tw_guides.tw_festival_dragonbash.tw_festival_dragonbash_race.tw_festival_dragonbash_race_obstacle" GUID="S7SLH1Q7MkWITKoDuA4Abg=="/>
		<POI MapID="326" xpos="510.339" ypos="300.11" zpos="-84.1557" type="tw_guides.tw_festival_dragonbash.tw_festival_dragonbash_race.tw_festival_dragonbash_race_obstacle" GUID="tYWQ10B+x0utKKFbHkLbDg=="/>
		<POI MapID="326" xpos="505.225" ypos="302.781" zpos="-95.4161" type="tw_guides.tw_festival_dragonbash.tw_festival_dragonbash_race.tw_festival_dragonbash_race_obstacle" GUID="kW2AZK1Oo0aiQcGTeDqvnA=="/>
		<POI MapID="326" xpos="480.78" ypos="301.488" zpos="-95.6182" type="tw_guides.tw_festival_dragonbash.tw_festival_dragonbash_race.tw_festival_dragonbash_race_obstacle" GUID="7tMZeh0tC0S7cQEwM9VP/Q=="/>
		<POI MapID="326" xpos="477.259" ypos="301.082" zpos="-95.7803" type="tw_guides.tw_festival_dragonbash.tw_festival_dragonbash_race.tw_festival_dragonbash_race_obstacle" GUID="Ii147ghb/kaUEbW1YtYpvQ=="/>
		<POI MapID="326" xpos="473.715" ypos="300.646" zpos="-96.0974" type="tw_guides.tw_festival_dragonbash.tw_festival_dragonbash_race.tw_festival_dragonbash_race_obstacle" GUID="NhEmJanN4k+ELXTCy6r0kg=="/>
		<POI MapID="326" xpos="497.952" ypos="306.455" zpos="-113.181" type="tw_guides.tw_festival_dragonbash.tw_festival_dragonbash_race.tw_festival_dragonbash_race_obstacle" GUID="cNHu7N2HDUm4l5rCQWl47Q=="/>
		<POI MapID="326" xpos="498.517" ypos="308.969" zpos="-128.069" type="tw_guides.tw_festival_dragonbash.tw_festival_dragonbash_race.tw_festival_dragonbash_race_obstacle" GUID="7+botIwJsES9cmDJRZxQBQ=="/>
		<POI MapID="326" xpos="484.611" ypos="309.497" zpos="-136.226" type="tw_guides.tw_festival_dragonbash.tw_festival_dragonbash_race.tw_festival_dragonbash_race_obstacle" GUID="ixgqpVFGAU29qynGTPINZg=="/>
		<POI MapID="326" xpos="485.37" ypos="311.004" zpos="-148.345" type="tw_guides.tw_festival_dragonbash.tw_festival_dragonbash_race.tw_festival_dragonbash_race_obstacle" GUID="E8tRn9Mk5k6o5pXCrHqr5g=="/>
		<POI MapID="326" xpos="477.085" ypos="308.3" zpos="-178.143" type="tw_guides.tw_festival_dragonbash.tw_festival_dragonbash_race.tw_festival_dragonbash_race_obstacle" GUID="yvZn/D98mkmNxBSqgQKeAg=="/>
		<POI MapID="326" xpos="474.021" ypos="307.574" zpos="-177.166" type="tw_guides.tw_festival_dragonbash.tw_festival_dragonbash_race.tw_festival_dragonbash_race_obstacle" GUID="QiD9VTUqqUSZVkAmZxdKpA=="/>
		<POI MapID="326" xpos="470.996" ypos="307.286" zpos="-176.51" type="tw_guides.tw_festival_dragonbash.tw_festival_dragonbash_race.tw_festival_dragonbash_race_obstacle" GUID="c3OEL/G+ZUyz5FbYPmvE/Q=="/>
		<POI MapID="326" xpos="497.324" ypos="312.237" zpos="-172.457" type="tw_guides.tw_festival_dragonbash.tw_festival_dragonbash_race.tw_festival_dragonbash_race_obstacle" GUID="1gdIQJvrA0KBuUDZOKM6mQ=="/>
		<POI MapID="326" xpos="474.386" ypos="308.458" zpos="-199.766" type="tw_guides.tw_festival_dragonbash.tw_festival_dragonbash_race.tw_festival_dragonbash_race_obstacle" GUID="z55VZmD4TEqZSW0F67E/9Q=="/>
		<POI MapID="326" xpos="470.444" ypos="307.688" zpos="-199.492" type="tw_guides.tw_festival_dragonbash.tw_festival_dragonbash_race.tw_festival_dragonbash_race_obstacle" GUID="GAeSb0lC90ighhVNKWnyEw=="/>
		<POI MapID="326" xpos="466.261" ypos="307.366" zpos="-198.879" type="tw_guides.tw_festival_dragonbash.tw_festival_dragonbash_race.tw_festival_dragonbash_race_obstacle" GUID="8mnJZYY71U2KYjBgkPXlDg=="/>
		<POI MapID="326" xpos="461.953" ypos="307.075" zpos="-198.397" type="tw_guides.tw_festival_dragonbash.tw_festival_dragonbash_race.tw_festival_dragonbash_race_obstacle" GUID="UtuWCb975E25Oq4tr9feJQ=="/>
		<POI MapID="326" xpos="469.505" ypos="313.968" zpos="-220.525" type="tw_guides.tw_festival_dragonbash.tw_festival_dragonbash_race.tw_festival_dragonbash_race_obstacle" GUID="wnd+t3pmuk6sFQUn2VD+OA=="/>
		<POI MapID="326" xpos="391.222" ypos="310.617" zpos="-236.336" type="tw_guides.tw_festival_dragonbash.tw_festival_dragonbash_race.tw_festival_dragonbash_race_obstacle" GUID="Jn9b3odnrU60rn9pKIHgdw=="/>
		<POI MapID="326" xpos="389.217" ypos="310.568" zpos="-233.994" type="tw_guides.tw_festival_dragonbash.tw_festival_dragonbash_race.tw_festival_dragonbash_race_obstacle" GUID="td0HVqWfp0+h+nu6TZtHwg=="/>
		<POI MapID="326" xpos="309.969" ypos="302.136" zpos="-197.013" type="tw_guides.tw_festival_dragonbash.tw_festival_dragonbash_race.tw_festival_dragonbash_race_obstacle" GUID="r2itlhaH8EikmUYIRUD7yg=="/>
		<POI MapID="326" xpos="312.454" ypos="301.804" zpos="-195.775" type="tw_guides.tw_festival_dragonbash.tw_festival_dragonbash_race.tw_festival_dragonbash_race_obstacle" GUID="fYyW26DWXEyPXFDtWKlgwA=="/>
		<POI MapID="326" xpos="290.888" ypos="302.816" zpos="-205.601" type="tw_guides.tw_festival_dragonbash.tw_festival_dragonbash_race.tw_festival_dragonbash_race_obstacle" GUID="uukD6sW0BUKrVLXA1uGo2g=="/>
		<POI MapID="326" xpos="281.627" ypos="301.982" zpos="-181.772" type="tw_guides.tw_festival_dragonbash.tw_festival_dragonbash_race.tw_festival_dragonbash_race_obstacle" GUID="ikziacjPPkaK1rXz4Ca1uw=="/>
		<POI MapID="326" xpos="270.793" ypos="301.969" zpos="-138.208" type="tw_guides.tw_festival_dragonbash.tw_festival_dragonbash_race.tw_festival_dragonbash_race_obstacle" GUID="xHUZsYkBkUG+FdTQe+moCw=="/>
		<POI MapID="326" xpos="262.737" ypos="301.969" zpos="-137.634" type="tw_guides.tw_festival_dragonbash.tw_festival_dragonbash_race.tw_festival_dragonbash_race_obstacle" GUID="VUu35sv+pUyTyWWQY8HYjA=="/>
		<POI MapID="326" xpos="207.222" ypos="301.969" zpos="-57.0794" type="tw_guides.tw_festival_dragonbash.tw_festival_dragonbash_fireworkslaunchers_fireworkslauncher" GUID="TTUFoh9uDUKpmSoLyylmiQ=="/>
		<POI MapID="326" xpos="140.69" ypos="334.469" zpos="-114.035" type="tw_guides.tw_festival_dragonbash.tw_festival_dragonbash_pinatabashing.tw_festival_dragonbash_pinatabashing_signs.tw_festival_dragonbash_pinatabashing_trail_bash" GUID="Nmws8o/AWUqbxe2c2MAb1A=="/>
		<POI MapID="326" xpos="185.084" ypos="335.41" zpos="-153.807" type="tw_guides.tw_festival_dragonbash.tw_festival_dragonbash_pinatabashing.tw_festival_dragonbash_pinatabashing_signs.tw_festival_dragonbash_pinatabashing_trail_bash" GUID="Wx8P5dh47kmGjJ+AXbQJOQ=="/>
		<POI MapID="326" xpos="204.594" ypos="335.431" zpos="-182.382" type="tw_guides.tw_festival_dragonbash.tw_festival_dragonbash_pinatabashing.tw_festival_dragonbash_pinatabashing_signs.tw_festival_dragonbash_pinatabashing_trail_bash" GUID="QW/lkTilaECNEavvAf3rrg=="/>
		<POI MapID="326" xpos="175.664" ypos="335.484" zpos="-195.642" type="tw_guides.tw_festival_dragonbash.tw_festival_dragonbash_pinatabashing.tw_festival_dragonbash_pinatabashing_signs.tw_festival_dragonbash_pinatabashing_trail_bash" GUID="vjev9miMZ0mSwQbOB5GHMw=="/>
		<POI MapID="326" xpos="80.6979" ypos="335.414" zpos="-100.315" type="tw_guides.tw_festival_dragonbash.tw_festival_dragonbash_pinatabashing.tw_festival_dragonbash_pinatabashing_signs.tw_festival_dragonbash_pinatabashing_trail_bash" GUID="iP0LRejM8ECsUPSFJd5Rzg=="/>
		<POI MapID="326" xpos="55.7461" ypos="335.46" zpos="-116.169" type="tw_guides.tw_festival_dragonbash.tw_festival_dragonbash_pinatabashing.tw_festival_dragonbash_pinatabashing_signs.tw_festival_dragonbash_pinatabashing_trail_bash" GUID="eg2TFzIWi0G1vVOojTXb0Q=="/>
		<POI MapID="326" xpos="40.5144" ypos="335.445" zpos="-102.568" type="tw_guides.tw_festival_dragonbash.tw_festival_dragonbash_pinatabashing.tw_festival_dragonbash_pinatabashing_signs.tw_festival_dragonbash_pinatabashing_trail_bash" GUID="A6CiKZLLnkuPjevK9RlgrQ=="/>
		<POI MapID="326" xpos="42.651" ypos="268.075" zpos="60.9257" type="tw_guides.tw_festival_dragonbash.tw_festival_dragonbash_pinatabashing.tw_festival_dragonbash_pinatabashing_signs.tw_festival_dragonbash_pinatabashing_trail_bash" GUID="Uu0PO6NGBkiJRKjZDe/K/g=="/>
		<POI MapID="326" xpos="53.6086" ypos="249.615" zpos="144.997" type="tw_guides.tw_festival_dragonbash.tw_festival_dragonbash_pinatabashing.tw_festival_dragonbash_pinatabashing_signs.tw_festival_dragonbash_pinatabashing_trail_bash" GUID="OF7lZ4NFbUyH8pPdKE4sdw=="/>
		<POI MapID="326" xpos="31.7053" ypos="249.56" zpos="128.378" type="tw_guides.tw_festival_dragonbash.tw_festival_dragonbash_pinatabashing.tw_festival_dragonbash_pinatabashing_signs.tw_festival_dragonbash_pinatabashing_trail_bash" GUID="KDe6+xVIF0KEZrKxje0rUQ=="/>
		<POI MapID="326" xpos="29.5058" ypos="249.56" zpos="154.264" type="tw_guides.tw_festival_dragonbash.tw_festival_dragonbash_pinatabashing.tw_festival_dragonbash_pinatabashing_signs.tw_festival_dragonbash_pinatabashing_trail_bash" GUID="CITU1oW1OESKHG9Xg1XWCA=="/>
		<POI MapID="326" xpos="174.171" ypos="235.835" zpos="177.189" type="tw_guides.tw_festival_dragonbash.tw_festival_dragonbash_pinatabashing.tw_festival_dragonbash_pinatabashing_signs.tw_festival_dragonbash_pinatabashing_trail_bash" GUID="0rhZBpwpnEe/n3sVTg4o7w=="/>
		<POI MapID="326" xpos="234.972" ypos="264.968" zpos="250.45" type="tw_guides.tw_festival_dragonbash.tw_festival_dragonbash_pinatabashing.tw_festival_dragonbash_pinatabashing_signs.tw_festival_dragonbash_pinatabashing_trail_bash" GUID="/BXOQaSojUu/Uub9vulzUA=="/>
		<POI MapID="326" xpos="233.366" ypos="265.921" zpos="278.06" type="tw_guides.tw_festival_dragonbash.tw_festival_dragonbash_pinatabashing.tw_festival_dragonbash_pinatabashing_signs.tw_festival_dragonbash_pinatabashing_trail_bash" GUID="WAm7YHmq9Eabj2dyfldDuA=="/>
		<POI MapID="326" xpos="258.391" ypos="265.921" zpos="276.29" type="tw_guides.tw_festival_dragonbash.tw_festival_dragonbash_pinatabashing.tw_festival_dragonbash_pinatabashing_signs.tw_festival_dragonbash_pinatabashing_trail_bash" GUID="EX8SbRWYy020Kw82llXPNw=="/>
		<POI MapID="326" xpos="318.012" ypos="233.992" zpos="169.706" type="tw_guides.tw_festival_dragonbash.tw_festival_dragonbash_pinatabashing.tw_festival_dragonbash_pinatabashing_signs.tw_festival_dragonbash_pinatabashing_trail_bash" GUID="NF1JyWh/skKl5puPrulTZg=="/>
		<POI MapID="326" xpos="446.27" ypos="218.309" zpos="163.6" type="tw_guides.tw_festival_dragonbash.tw_festival_dragonbash_pinatabashing.tw_festival_dragonbash_pinatabashing_signs.tw_festival_dragonbash_pinatabashing_trail_bash" GUID="JSJw88B3skae1mecFH7zpw=="/>
		<POI MapID="326" xpos="457.47" ypos="218.473" zpos="191.993" type="tw_guides.tw_festival_dragonbash.tw_festival_dragonbash_pinatabashing.tw_festival_dragonbash_pinatabashing_signs.tw_festival_dragonbash_pinatabashing_trail_bash" GUID="18/A1AnBtkqy09IAbBUYyA=="/>
		<POI MapID="326" xpos="482.376" ypos="218.473" zpos="183.168" type="tw_guides.tw_festival_dragonbash.tw_festival_dragonbash_pinatabashing.tw_festival_dragonbash_pinatabashing_signs.tw_festival_dragonbash_pinatabashing_trail_bash" GUID="ODpUTLRZNEGh8QYNNySQ0Q=="/>
		<POI MapID="326" xpos="484.839" ypos="218.901" zpos="182.058" type="tw_guides.tw_festival_dragonbash.tw_festival_dragonbash_pinatabashing.tw_festival_dragonbash_pinatabashing_signs.tw_festival_dragonbash_pinatabashing_finish" GUID="yFpXsQrpN0u1wMdsi2N10A=="/>
		<POI MapID="326" xpos="134.597" ypos="334.445" zpos="-115.467" type="tw_guides.tw_festival_dragonbash.tw_festival_dragonbash_pinatabashing.tw_festival_dragonbash_pinatabashing_signs.tw_festival_dragonbash_pinatabashing_startsign" GUID="zHdai1Yh1EqhXNjegcrrhw=="/>
		<POI MapID="326" xpos="477.73" ypos="309.218" zpos="-194.987" type="tw_guides.tw_festival_dragonbash.tw_festival_dragonbash_dragonpinatas.tw_festival_dragonbash_dragonpinatas_signs.tw_festival_dragonbash_dragonpinatas_startsign" GUID="AZhCBXuqYUa9b8Pi7CD9Qw=="/>
		<POI MapID="326" xpos="196.306" ypos="335.437" zpos="-221.047" type="tw_guides.tw_festival_dragonbash.tw_festival_dragonbash_dragonpinatas.tw_festival_dragonbash_dragonpinatas_signs.tw_festival_dragonbash_dragonpinatas_dragonpinata" GUID="SRj0jAfqw027xo7XfsqLLQ=="/>
		<POI MapID="326" xpos="182.609" ypos="335.244" zpos="-220.025" type="tw_guides.tw_festival_dragonbash.tw_festival_dragonbash_dragonpinatas.tw_festival_dragonbash_dragonpinatas_signs.tw_festival_dragonbash_dragonpinatas_dragonpinata" GUID="lNIe9czplk+fDIYJwT0xvA=="/>
		<POI MapID="326" xpos="-175.487" ypos="287.241" zpos="122.453" type="tw_guides.tw_festival_dragonbash.tw_festival_dragonbash_dragonpinatas.tw_festival_dragonbash_dragonpinatas_signs.tw_festival_dragonbash_dragonpinatas_dragonpinata" GUID="NPBkmUFxKEaqaHFzp1oi7A=="/>
		<POI MapID="326" xpos="539.737" ypos="282.438" zpos="-51.1437" type="tw_guides.tw_festival_dragonbash.tw_festival_dragonbash_dragonpinatas.tw_festival_dragonbash_dragonpinatas_signs.tw_festival_dragonbash_dragonpinatas_finish" GUID="9dlpFn576UGlnbMVo5Kpxw=="/>
		<POI MapID="326" xpos="160.653" ypos="301.978" zpos="-51.5891" type="tw_guides.tw_festival_dragonbash.tw_festival_dragonbash_race.tw_festival_dragonbash_race_start_map" GUID="F+3I+TFpTkmi823dvsHOhQ=="/>
		<POI MapID="326" xpos="62.7522" ypos="248.605" zpos="110.72" type="tw_guides.tw_festival_dragonbash.tw_festival_dragonbash_fireworkslaunchers_fireworkslauncher" GUID="pUtlQs/gmUKTA9wR5Ucszw=="/>
		<POI MapID="326" xpos="69.9635" ypos="249.052" zpos="149.912" type="tw_guides.tw_festival_dragonbash.tw_festival_dragonbash_fireworkslaunchers_fireworkslauncher" GUID="UD7VmfISGUS2DFyztkrqCg=="/>
		<POI MapID="326" xpos="253.185" ypos="301.976" zpos="-97.8805" type="tw_guides.tw_festival_dragonbash.tw_festival_dragonbash_fireworkslaunchers_fireworkslauncher" GUID="EedigVOz/EmFD46FJ9shCw=="/>
		<POI MapID="326" xpos="281.451" ypos="301.969" zpos="-139.571" type="tw_guides.tw_festival_dragonbash.tw_festival_dragonbash_fireworkslaunchers_fireworkslauncher" GUID="HYKm5sgF20ejWwDSm80x+A=="/>
		<Trail type="tw_guides.tw_festival_dragonbash.tw_festival_dragonbash_race.tw_festival_dragonbash_race_toggletrail" GUID="ST6sLcbSeEakWDu3pRN23Q==" fadeNear="5000" fadeFar="5100" trailData="Data/TekkitsWorkshop/Festival/DragonBash/tw_festival_dragonbash_race_toggletrail.trl" animSpeed="0" texture="Data/TekkitsWorkshop/BeetleRaces/tw_trail_beetle.png"/>
		<Trail type="tw_guides.tw_festival_dragonbash.tw_festival_dragonbash_pinatabashing.tw_festival_dragonbash_pinatabashing_toggletrail" GUID="1oJ1+mq7ZUCwdotgjVA7rg==" fadeNear="5000" fadeFar="5100" trailData="Data/TekkitsWorkshop/Festival/DragonBash/tw_festival_dragonbash_pinatabashing_toggletrail.trl" animSpeed="0" texture="Data/TekkitsWorkshop/General/tw_trail_link.png"/>
		<Trail type="tw_guides.tw_festival_dragonbash.tw_festival_dragonbash_dragonpinatas.tw_festival_dragonbash_dragonpinatas_toggletrail" GUID="IvX2k4uXkEaKD8TSOAEU/w==" fadeNear="5000" fadeFar="5100" trailData="Data/TekkitsWorkshop/Festival/DragonBash/tw_festival_dragonbash_dragonpinatas_toggletrail.trl" animSpeed="0" texture="Data/TekkitsWorkshop/General/tw_trail_b.png"/>
	</POIs>
</OverlayData>
