<OverlayData>
<MarkerCategory name="tw_guides" DisplayName="Tekkit's Guides">
  <MarkerCategory name="tw_festival_lunarnewyear" DisplayName="Lunar New Year">
    <MarkerCategory name="separatortlny1" IsSeparator="1" DisplayName="&lt;-----[ACHIEVEMENTS]-----&gt;"/>
    <MarkerCategory name="tw_festival_lunarnewyear_firecrackers_firecracker" DisplayName="Toggle Firecrackers" mapDisplaySize="30" iconFile="Data/TekkitsWorkshop/Festival/LunarNewYear/tw_festival_lunarnewyear_firecrackers_firecracker.png" iconSize="0.7" fadeNear="3200" fadeFar="3300" heightOffset="2.5" behavior="2"/>
    <MarkerCategory name="separatortlny2" IsSeparator="1" DisplayName="&lt;-----[ADVENTURE]-----&gt;"/>
    <MarkerCategory name="tw_festival_lunarnewyear_adventure_firecrackerlighting" DisplayName="Firecracker Lighting">
      <MarkerCategory name="tw_festival_lunarnewyear_adventure_firecrackerlighting_toggletrail" DisplayName="Toggle Route"/>
			<MarkerCategory name="tw_festival_lunarnewyear_adventure_firecrackerlighting_firecracker" DisplayName="Toggle Firecrackers" mapDisplaySize="30" iconFile="Data/TekkitsWorkshop/Festival/LunarNewYear/tw_festival_lunarnewyear_adventure_firecrackerlighting_firecracker.png" iconSize="0.7" fadeNear="3200" fadeFar="3300" heightOffset="2.5"/>
			<MarkerCategory name="tw_festival_lunarnewyear_adventure_firecrackerlighting_startsign" DisplayName="Toggle Starting Sign" mapDisplaySize="130" iconFile="Data/TekkitsWorkshop/Festival/LunarNewYear/tw_festival_lunarnewyear_adventure_firecrackerlighting_startsign.png" iconSize="2" heightOffset="2.5"/>
			<MarkerCategory name="tw_festival_lunarnewyear_adventure_firecrackerlighting_finishsign" DisplayName="Toggle Finish Sign" mapDisplaySize="80" iconFile="Data/TekkitsWorkshop/General/tw_trail_finish_b.png" iconSize="1.5" heightOffset="4.5"/>
    </MarkerCategory>
    <MarkerCategory name="tw_festival_lunarnewyear_adventure_firecrackerlighting2" DisplayName="Firecracker Lighting 2">
      <MarkerCategory name="tw_festival_lunarnewyear_adventure_firecrackerlighting2_toggletrail" DisplayName="Toggle Route"/>
			<MarkerCategory name="tw_festival_lunarnewyear_adventure_firecrackerlighting2_firecracker" DisplayName="Toggle Firecrackers" mapDisplaySize="30" iconFile="Data/TekkitsWorkshop/Festival/LunarNewYear/tw_festival_lunarnewyear_adventure_firecrackerlighting_firecracker2.png" iconSize="0.7" fadeNear="3200" fadeFar="3300" heightOffset="2.5"/>
			<MarkerCategory name="tw_festival_lunarnewyear_adventure_firecrackerlighting2_startsign" DisplayName="Toggle Starting Sign" mapDisplaySize="130" iconFile="Data/TekkitsWorkshop/Festival/LunarNewYear/tw_festival_lunarnewyear_adventure_firecrackerlighting2_startsign.png" iconSize="2" heightOffset="2.5"/>
			<MarkerCategory name="tw_festival_lunarnewyear_adventure_firecrackerlighting2_finishsign" DisplayName="Toggle Finish Sign" mapDisplaySize="80" iconFile="Data/TekkitsWorkshop/General/tw_trail_finish_g.png" iconSize="1.5" heightOffset="4.5"/>
    </MarkerCategory>  
    <MarkerCategory name="separatortlny3" IsSeparator="1" DisplayName="&lt;-----[TIME-TRIAL]-----&gt;"/>
    <MarkerCategory name="tw_festival_lunarnewyear_racinginthenewyear" DisplayName="Racing in the New Year">
      <MarkerCategory name="tw_festival_lunarnewyear_racinginthenewyear_toggletrail" DisplayName="Toggle Trail"/>
      <MarkerCategory name="tw_festival_lunarnewyear_racinginthenewyear_signs" DisplayName="Toggle Signs">
        <MarkerCategory name="tw_festival_lunarnewyear_racinginthenewyear_start" DisplayName="Toggle Starting Line" miniMapVisibility="0" mapVisibility="0" fadeNear="5000" fadeFar="5100" iconSize="5.0" heightOffset="3.0" iconFile="Data/TekkitsWorkshop/BeetleRaces/tw_br_start_timetrial.png"/>
        <MarkerCategory name="tw_festival_lunarnewyear_racinginthenewyear_start_map" DisplayName="Toggle Map Starting Line" inGameVisibility="0" mapDisplaySize="80" iconFile="Data/TekkitsWorkshop/BeetleRaces/tw_br_startsign_map.png"/>
        <MarkerCategory name="tw_festival_lunarnewyear_racinginthenewyear_checkpoint" DisplayName="Toggle Checkpoints" miniMapVisibility="0" mapVisibility="0" fadeNear="5000" fadeFar="5100" iconSize="5.0" heightOffset="4.0" iconFile="Data/TekkitsWorkshop/BeetleRaces/tw_br_checkpoint.png"/>
        <MarkerCategory name="tw_festival_lunarnewyear_racinginthenewyear_recharger" DisplayName="Toggle Rechargers" miniMapVisibility="0" mapVisibility="0" fadeNear="5000" fadeFar="5100" iconSize="1.0" heightOffset="1.0" iconFile="Data/TekkitsWorkshop/BeetleRaces/tw_br_recharger.png"/>
        <MarkerCategory name="tw_festival_lunarnewyear_racinginthenewyear_obstacle" DisplayName="Toggle Obstacles" miniMapVisibility="0" mapVisibility="0" fadeNear="5000" fadeFar="5100" iconSize="1.0" heightOffset="1.0" iconFile="Data/TekkitsWorkshop/BeetleRaces/tw_br_obstacle.png"/>
        <MarkerCategory name="tw_festival_lunarnewyear_racinginthenewyear_finish" DisplayName="Toggle Finish Line" miniMapVisibility="0" mapVisibility="0"  fadeNear="5000" fadeFar="5100" iconSize="5.0" heightOffset="3.5" iconFile="Data/TekkitsWorkshop/BeetleRaces/tw_br_finish.png"/>
      </MarkerCategory>
    </MarkerCategory>
  </MarkerCategory>
</MarkerCategory>
	<POIs>
		<POI MapID="18" xpos="-305.886" ypos="78.5356" zpos="-55.9344" type="tw_guides.tw_festival_lunarnewyear.tw_festival_lunarnewyear_adventure_firecrackerlighting.tw_festival_lunarnewyear_adventure_firecrackerlighting_firecracker" GUID="jryc1K9x9kO6r6g2cEfwbA=="/>
		<POI MapID="18" xpos="-159.393" ypos="89.0542" zpos="-127.726" type="tw_guides.tw_festival_lunarnewyear.tw_festival_lunarnewyear_adventure_firecrackerlighting.tw_festival_lunarnewyear_adventure_firecrackerlighting_firecracker" GUID="LQtDpnwMDU+Cr2d1jEkwRQ=="/>
		<POI MapID="18" xpos="-125.415" ypos="68.0292" zpos="-286.632" type="tw_guides.tw_festival_lunarnewyear.tw_festival_lunarnewyear_adventure_firecrackerlighting.tw_festival_lunarnewyear_adventure_firecrackerlighting_firecracker" GUID="8LkjTb41kU6jUqXGeGmqZg=="/>
		<POI MapID="18" xpos="-8.70338" ypos="53.3075" zpos="-393.644" type="tw_guides.tw_festival_lunarnewyear.tw_festival_lunarnewyear_adventure_firecrackerlighting.tw_festival_lunarnewyear_adventure_firecrackerlighting_firecracker" GUID="j0kaMY6TMEy4FKDaDoa4CA=="/>
		<POI MapID="18" xpos="183.521" ypos="51.2815" zpos="-381.869" type="tw_guides.tw_festival_lunarnewyear.tw_festival_lunarnewyear_adventure_firecrackerlighting.tw_festival_lunarnewyear_adventure_firecrackerlighting_firecracker" GUID="TTlVUsi5k0OOnPv+aIm0hQ=="/>
		<POI MapID="18" xpos="302.238" ypos="60.6515" zpos="-317.946" type="tw_guides.tw_festival_lunarnewyear.tw_festival_lunarnewyear_adventure_firecrackerlighting.tw_festival_lunarnewyear_adventure_firecrackerlighting_firecracker" GUID="MiWf9zm1hkqNoShDuXh2Uw=="/>
		<POI MapID="18" xpos="395.476" ypos="72.3886" zpos="-106.935" type="tw_guides.tw_festival_lunarnewyear.tw_festival_lunarnewyear_adventure_firecrackerlighting.tw_festival_lunarnewyear_adventure_firecrackerlighting_firecracker" GUID="F1jnAYQECEm2qthPhXvHQg=="/>
		<POI MapID="18" xpos="470.401" ypos="55.6481" zpos="-39.2209" type="tw_guides.tw_festival_lunarnewyear.tw_festival_lunarnewyear_adventure_firecrackerlighting.tw_festival_lunarnewyear_adventure_firecrackerlighting_firecracker" GUID="gETwx5UMeUShQYHWUsN/Ng=="/>
		<POI MapID="18" xpos="350.799" ypos="60.7639" zpos="183.491" type="tw_guides.tw_festival_lunarnewyear.tw_festival_lunarnewyear_adventure_firecrackerlighting.tw_festival_lunarnewyear_adventure_firecrackerlighting_firecracker" GUID="IfclP3g3iUyzhR0mLJEpjQ=="/>
		<POI MapID="18" xpos="181.589" ypos="80.1048" zpos="149.788" type="tw_guides.tw_festival_lunarnewyear.tw_festival_lunarnewyear_adventure_firecrackerlighting.tw_festival_lunarnewyear_adventure_firecrackerlighting_firecracker" GUID="dswGrlCOkkuu5unuo/hU9Q=="/>
		<POI MapID="18" xpos="-1.50204" ypos="69.8952" zpos="254.4" type="tw_guides.tw_festival_lunarnewyear.tw_festival_lunarnewyear_adventure_firecrackerlighting.tw_festival_lunarnewyear_adventure_firecrackerlighting_firecracker" GUID="FNgF5b4nb0i0K7PyW1OrsA=="/>
		<POI MapID="18" xpos="-192.49" ypos="65.9788" zpos="231.577" type="tw_guides.tw_festival_lunarnewyear.tw_festival_lunarnewyear_adventure_firecrackerlighting.tw_festival_lunarnewyear_adventure_firecrackerlighting_firecracker" GUID="kyq5TEXwpk2JIgULAan1GA=="/>
		<POI MapID="18" xpos="-306.033" ypos="79.3959" zpos="-55.8311" type="tw_guides.tw_festival_lunarnewyear.tw_festival_lunarnewyear_adventure_firecrackerlighting.tw_festival_lunarnewyear_adventure_firecrackerlighting_finishsign" GUID="rAeGxkWYCESbFyBpkbWEJA=="/>
		<POI MapID="18" xpos="-224.545" ypos="60.852" zpos="-19.9845" type="tw_guides.tw_festival_lunarnewyear.tw_festival_lunarnewyear_adventure_firecrackerlighting.tw_festival_lunarnewyear_adventure_firecrackerlighting_startsign" GUID="lWnnPHrhP0+Qd5gvUdF5uw=="/>
		<POI MapID="18" xpos="-169.256" ypos="75.9786" zpos="-72.8157" type="tw_guides.tw_festival_lunarnewyear.tw_festival_lunarnewyear_adventure_firecrackerlighting2.tw_festival_lunarnewyear_adventure_firecrackerlighting2_firecracker" GUID="ZoQ+ongOlUuztZDJhVC1uw=="/>
		<POI MapID="18" xpos="-111.634" ypos="79.8391" zpos="-154.66" type="tw_guides.tw_festival_lunarnewyear.tw_festival_lunarnewyear_adventure_firecrackerlighting2.tw_festival_lunarnewyear_adventure_firecrackerlighting2_firecracker" GUID="G6Atiwh1ukmHOQmUlDNIFQ=="/>
		<POI MapID="18" xpos="-265.789" ypos="107.489" zpos="-261.063" type="tw_guides.tw_festival_lunarnewyear.tw_festival_lunarnewyear_adventure_firecrackerlighting2.tw_festival_lunarnewyear_adventure_firecrackerlighting2_firecracker" GUID="hGTLAwxI50eYB/NDiJpFPQ=="/>
		<POI MapID="18" xpos="58.4248" ypos="140.545" zpos="-181.235" type="tw_guides.tw_festival_lunarnewyear.tw_festival_lunarnewyear_adventure_firecrackerlighting2.tw_festival_lunarnewyear_adventure_firecrackerlighting2_firecracker" GUID="wCJ5gOdtOk6QGKVaBfuStg=="/>
		<POI MapID="18" xpos="-329.952" ypos="99.1809" zpos="140.671" type="tw_guides.tw_festival_lunarnewyear.tw_festival_lunarnewyear_adventure_firecrackerlighting2.tw_festival_lunarnewyear_adventure_firecrackerlighting2_firecracker" GUID="YYW+fxUA2UiuYK9rOzsJzQ=="/>
		<POI MapID="18" xpos="-1.25506" ypos="131.43" zpos="102.575" type="tw_guides.tw_festival_lunarnewyear.tw_festival_lunarnewyear_adventure_firecrackerlighting2.tw_festival_lunarnewyear_adventure_firecrackerlighting2_firecracker" GUID="4EF5Bb9Luk21WeA4vXDPZw=="/>
		<POI MapID="18" xpos="52.9513" ypos="101.802" zpos="352.668" type="tw_guides.tw_festival_lunarnewyear.tw_festival_lunarnewyear_adventure_firecrackerlighting2.tw_festival_lunarnewyear_adventure_firecrackerlighting2_firecracker" GUID="JbjEzpulL0yLRelJV66p2Q=="/>
		<POI MapID="18" xpos="134.159" ypos="131.698" zpos="103.209" type="tw_guides.tw_festival_lunarnewyear.tw_festival_lunarnewyear_adventure_firecrackerlighting2.tw_festival_lunarnewyear_adventure_firecrackerlighting2_firecracker" GUID="9saZqkbWfUycPa/ythFWfw=="/>
		<POI MapID="18" xpos="410.929" ypos="107.807" zpos="135.675" type="tw_guides.tw_festival_lunarnewyear.tw_festival_lunarnewyear_adventure_firecrackerlighting2.tw_festival_lunarnewyear_adventure_firecrackerlighting2_firecracker" GUID="6/mwgKE7GkCBGYnf2cdaHQ=="/>
		<POI MapID="18" xpos="247.22" ypos="79.64" zpos="-182.502" type="tw_guides.tw_festival_lunarnewyear.tw_festival_lunarnewyear_adventure_firecrackerlighting2.tw_festival_lunarnewyear_adventure_firecrackerlighting2_firecracker" GUID="DzoagIhnm0C2x1w6H+R5yg=="/>
		<POI MapID="18" xpos="436.422" ypos="100.663" zpos="-258.653" type="tw_guides.tw_festival_lunarnewyear.tw_festival_lunarnewyear_adventure_firecrackerlighting2.tw_festival_lunarnewyear_adventure_firecrackerlighting2_firecracker" GUID="AcQxuRn23Um9DGjdtaqpMQ=="/>
		<POI MapID="18" xpos="81.2747" ypos="100.262" zpos="-498.416" type="tw_guides.tw_festival_lunarnewyear.tw_festival_lunarnewyear_adventure_firecrackerlighting2.tw_festival_lunarnewyear_adventure_firecrackerlighting2_firecracker" GUID="PZ0+jNfXOUeFs0x8Xgazbw=="/>
		<POI MapID="18" xpos="-330.018" ypos="99.1812" zpos="140.641" type="tw_guides.tw_festival_lunarnewyear.tw_festival_lunarnewyear_adventure_firecrackerlighting2.tw_festival_lunarnewyear_adventure_firecrackerlighting2_finishsign" GUID="iKNl7hia/kGIlGm9p4MWFg=="/>
		<POI MapID="18" xpos="-218.582" ypos="60.8519" zpos="-28.4982" type="tw_guides.tw_festival_lunarnewyear.tw_festival_lunarnewyear_adventure_firecrackerlighting2.tw_festival_lunarnewyear_adventure_firecrackerlighting2_startsign" GUID="Yp+49jOl6EqS2HgtXUhQjA=="/>
		<POI MapID="18" xpos="-258.951" ypos="60.4241" zpos="42.3056" type="tw_guides.tw_festival_lunarnewyear.tw_festival_lunarnewyear_firecrackers_firecracker" GUID="VScwmHSauEG+J5slghwDqw=="/>
		<POI MapID="18" xpos="-291.73" ypos="73.5261" zpos="18.2914" type="tw_guides.tw_festival_lunarnewyear.tw_festival_lunarnewyear_firecrackers_firecracker" GUID="LoMRLJfPwU+HCU2Y1fTaTg=="/>
		<POI MapID="18" xpos="-264.093" ypos="72.9452" zpos="38.6157" type="tw_guides.tw_festival_lunarnewyear.tw_festival_lunarnewyear_firecrackers_firecracker" GUID="/+m1+NiuuEqax/vStaowGw=="/>
		<POI MapID="18" xpos="-200.651" ypos="71.8406" zpos="-46.5454" type="tw_guides.tw_festival_lunarnewyear.tw_festival_lunarnewyear_firecrackers_firecracker" GUID="BoEPeJWIJECc9x58JiHAng=="/>
		<POI MapID="18" xpos="-200.896" ypos="71.7993" zpos="-66.0597" type="tw_guides.tw_festival_lunarnewyear.tw_festival_lunarnewyear_firecrackers_firecracker" GUID="4C119yHPZE+6aUj0GbPPUg=="/>
		<POI MapID="18" xpos="-215.525" ypos="60.852" zpos="-63.3305" type="tw_guides.tw_festival_lunarnewyear.tw_festival_lunarnewyear_firecrackers_firecracker" GUID="U4sdPg3GE0uNN0QqjAamcg=="/>
		<POI MapID="18" xpos="-222.442" ypos="60.5483" zpos="-164.015" type="tw_guides.tw_festival_lunarnewyear.tw_festival_lunarnewyear_firecrackers_firecracker" GUID="Rsypk6Hr/UuQabx1nrhfyw=="/>
		<POI MapID="18" xpos="-376.657" ypos="60.8885" zpos="-103.074" type="tw_guides.tw_festival_lunarnewyear.tw_festival_lunarnewyear_firecrackers_firecracker" GUID="I9gOr2Z8P0OgIfbss0v7iw=="/>
		<POI MapID="18" xpos="-351.263" ypos="43.2021" zpos="-56.459" type="tw_guides.tw_festival_lunarnewyear.tw_festival_lunarnewyear_firecrackers_firecracker" GUID="y/vZcdKMBkiVvIUnLRwb7A=="/>
		<POI MapID="18" xpos="-184.932" ypos="63.8481" zpos="9.07594" type="tw_guides.tw_festival_lunarnewyear.tw_festival_lunarnewyear_firecrackers_firecracker" GUID="sA9bfMK9n0CTb0zrQSm8cA=="/>
		<POI MapID="18" xpos="-229.574" ypos="60.851" zpos="-124.668" type="tw_guides.tw_festival_lunarnewyear.tw_festival_lunarnewyear_racinginthenewyear.tw_festival_lunarnewyear_racinginthenewyear_signs.tw_festival_lunarnewyear_racinginthenewyear_checkpoint" GUID="L8sWS8aN+UekoPEMBDbLJw=="/>
		<POI MapID="18" xpos="-218.655" ypos="60.5761" zpos="-158.753" type="tw_guides.tw_festival_lunarnewyear.tw_festival_lunarnewyear_racinginthenewyear.tw_festival_lunarnewyear_racinginthenewyear_signs.tw_festival_lunarnewyear_racinginthenewyear_checkpoint" GUID="Psi/Iy/wnUWy4d9QnG7YjA=="/>
		<POI MapID="18" xpos="-225.532" ypos="60.7285" zpos="-187.249" type="tw_guides.tw_festival_lunarnewyear.tw_festival_lunarnewyear_racinginthenewyear.tw_festival_lunarnewyear_racinginthenewyear_signs.tw_festival_lunarnewyear_racinginthenewyear_checkpoint" GUID="y0D8+u63NEStImP9k7Nu5Q=="/>
		<POI MapID="18" xpos="-209.305" ypos="60.4881" zpos="-237.813" type="tw_guides.tw_festival_lunarnewyear.tw_festival_lunarnewyear_racinginthenewyear.tw_festival_lunarnewyear_racinginthenewyear_signs.tw_festival_lunarnewyear_racinginthenewyear_checkpoint" GUID="Lv+PIY1OZkS+Xvt8CcnLNA=="/>
		<POI MapID="18" xpos="-176.687" ypos="58.3055" zpos="-294.699" type="tw_guides.tw_festival_lunarnewyear.tw_festival_lunarnewyear_racinginthenewyear.tw_festival_lunarnewyear_racinginthenewyear_signs.tw_festival_lunarnewyear_racinginthenewyear_checkpoint" GUID="9f1FTRAoPUOcG9OfwLaWXw=="/>
		<POI MapID="18" xpos="-146.379" ypos="62.6121" zpos="-319.026" type="tw_guides.tw_festival_lunarnewyear.tw_festival_lunarnewyear_racinginthenewyear.tw_festival_lunarnewyear_racinginthenewyear_signs.tw_festival_lunarnewyear_racinginthenewyear_checkpoint" GUID="cyPNOaVJaEGQNHY60bsDpA=="/>
		<POI MapID="18" xpos="-116.812" ypos="62.8582" zpos="-338.978" type="tw_guides.tw_festival_lunarnewyear.tw_festival_lunarnewyear_racinginthenewyear.tw_festival_lunarnewyear_racinginthenewyear_signs.tw_festival_lunarnewyear_racinginthenewyear_checkpoint" GUID="Zh4hbw1D3kOqdxKVOQP++A=="/>
		<POI MapID="18" xpos="-52.3555" ypos="61.9663" zpos="-342.045" type="tw_guides.tw_festival_lunarnewyear.tw_festival_lunarnewyear_racinginthenewyear.tw_festival_lunarnewyear_racinginthenewyear_signs.tw_festival_lunarnewyear_racinginthenewyear_checkpoint" GUID="G4NiCexJbka6KA87vIDclw=="/>
		<POI MapID="18" xpos="-15.2017" ypos="64.4339" zpos="-332.889" type="tw_guides.tw_festival_lunarnewyear.tw_festival_lunarnewyear_racinginthenewyear.tw_festival_lunarnewyear_racinginthenewyear_signs.tw_festival_lunarnewyear_racinginthenewyear_checkpoint" GUID="cdth3xuYzEe0y8We3NLTGg=="/>
		<POI MapID="18" xpos="62.2354" ypos="79.957" zpos="-330.779" type="tw_guides.tw_festival_lunarnewyear.tw_festival_lunarnewyear_racinginthenewyear.tw_festival_lunarnewyear_racinginthenewyear_signs.tw_festival_lunarnewyear_racinginthenewyear_checkpoint" GUID="XusvFyxqQUGNBFNNtrUPTg=="/>
		<POI MapID="18" xpos="132.292" ypos="70.0035" zpos="-325.526" type="tw_guides.tw_festival_lunarnewyear.tw_festival_lunarnewyear_racinginthenewyear.tw_festival_lunarnewyear_racinginthenewyear_signs.tw_festival_lunarnewyear_racinginthenewyear_checkpoint" GUID="CJ+DCYsIckS6UYXMp1jwSw=="/>
		<POI MapID="18" xpos="169.003" ypos="70.6387" zpos="-315.748" type="tw_guides.tw_festival_lunarnewyear.tw_festival_lunarnewyear_racinginthenewyear.tw_festival_lunarnewyear_racinginthenewyear_signs.tw_festival_lunarnewyear_racinginthenewyear_checkpoint" GUID="m+Wf3vnKJUGdY7ntwxBUbw=="/>
		<POI MapID="18" xpos="172.122" ypos="75.5334" zpos="-293.308" type="tw_guides.tw_festival_lunarnewyear.tw_festival_lunarnewyear_racinginthenewyear.tw_festival_lunarnewyear_racinginthenewyear_signs.tw_festival_lunarnewyear_racinginthenewyear_checkpoint" GUID="3dJjCnKNFkiG71h53NRAGQ=="/>
		<POI MapID="18" xpos="170.412" ypos="79.6915" zpos="-269.599" type="tw_guides.tw_festival_lunarnewyear.tw_festival_lunarnewyear_racinginthenewyear.tw_festival_lunarnewyear_racinginthenewyear_signs.tw_festival_lunarnewyear_racinginthenewyear_checkpoint" GUID="ViqU4SVQEk6VaEPXSr31ZA=="/>
		<POI MapID="18" xpos="188.723" ypos="79.8365" zpos="-256.693" type="tw_guides.tw_festival_lunarnewyear.tw_festival_lunarnewyear_racinginthenewyear.tw_festival_lunarnewyear_racinginthenewyear_signs.tw_festival_lunarnewyear_racinginthenewyear_checkpoint" GUID="RdL3LwUMvk6SKnfR0/UbuA=="/>
		<POI MapID="18" xpos="242.329" ypos="77.7479" zpos="-263.452" type="tw_guides.tw_festival_lunarnewyear.tw_festival_lunarnewyear_racinginthenewyear.tw_festival_lunarnewyear_racinginthenewyear_signs.tw_festival_lunarnewyear_racinginthenewyear_checkpoint" GUID="63ugTubJKEqk/Jb99ULaeA=="/>
		<POI MapID="18" xpos="272.847" ypos="71.308" zpos="-258.847" type="tw_guides.tw_festival_lunarnewyear.tw_festival_lunarnewyear_racinginthenewyear.tw_festival_lunarnewyear_racinginthenewyear_signs.tw_festival_lunarnewyear_racinginthenewyear_checkpoint" GUID="+Dr+LKY8ik+2uC2ZtGEQUg=="/>
		<POI MapID="18" xpos="286.814" ypos="68.2219" zpos="-248.477" type="tw_guides.tw_festival_lunarnewyear.tw_festival_lunarnewyear_racinginthenewyear.tw_festival_lunarnewyear_racinginthenewyear_signs.tw_festival_lunarnewyear_racinginthenewyear_checkpoint" GUID="z+6ptDqtSE61BQXRAj7cLg=="/>
		<POI MapID="18" xpos="322.994" ypos="59.9814" zpos="-249.907" type="tw_guides.tw_festival_lunarnewyear.tw_festival_lunarnewyear_racinginthenewyear.tw_festival_lunarnewyear_racinginthenewyear_signs.tw_festival_lunarnewyear_racinginthenewyear_checkpoint" GUID="9AhRiqRfukeweF5TLEeCwA=="/>
		<POI MapID="18" xpos="354.599" ypos="59.704" zpos="-226.805" type="tw_guides.tw_festival_lunarnewyear.tw_festival_lunarnewyear_racinginthenewyear.tw_festival_lunarnewyear_racinginthenewyear_signs.tw_festival_lunarnewyear_racinginthenewyear_checkpoint" GUID="YKyLQ9TyE06nKsx1jkfBeQ=="/>
		<POI MapID="18" xpos="391.568" ypos="59.4509" zpos="-185.082" type="tw_guides.tw_festival_lunarnewyear.tw_festival_lunarnewyear_racinginthenewyear.tw_festival_lunarnewyear_racinginthenewyear_signs.tw_festival_lunarnewyear_racinginthenewyear_checkpoint" GUID="VL4Vfy5ub0+N0RY4LKVtDQ=="/>
		<POI MapID="18" xpos="423.499" ypos="56.2973" zpos="-137.905" type="tw_guides.tw_festival_lunarnewyear.tw_festival_lunarnewyear_racinginthenewyear.tw_festival_lunarnewyear_racinginthenewyear_signs.tw_festival_lunarnewyear_racinginthenewyear_checkpoint" GUID="78FsE7osWk2l2bQIGUFYsw=="/>
		<POI MapID="18" xpos="430.195" ypos="55.4721" zpos="-99.4311" type="tw_guides.tw_festival_lunarnewyear.tw_festival_lunarnewyear_racinginthenewyear.tw_festival_lunarnewyear_racinginthenewyear_signs.tw_festival_lunarnewyear_racinginthenewyear_checkpoint" GUID="v96WqPfdPEyTC1jtDgFyIQ=="/>
		<POI MapID="18" xpos="439.734" ypos="55.7483" zpos="-82.5823" type="tw_guides.tw_festival_lunarnewyear.tw_festival_lunarnewyear_racinginthenewyear.tw_festival_lunarnewyear_racinginthenewyear_signs.tw_festival_lunarnewyear_racinginthenewyear_checkpoint" GUID="+Bhbbyooh0aE0BCqq0909w=="/>
		<POI MapID="18" xpos="430.704" ypos="55.6179" zpos="-60.1306" type="tw_guides.tw_festival_lunarnewyear.tw_festival_lunarnewyear_racinginthenewyear.tw_festival_lunarnewyear_racinginthenewyear_signs.tw_festival_lunarnewyear_racinginthenewyear_checkpoint" GUID="++8tmuPPYEefCh2T3iNQxQ=="/>
		<POI MapID="18" xpos="411.436" ypos="55.8591" zpos="-51.6324" type="tw_guides.tw_festival_lunarnewyear.tw_festival_lunarnewyear_racinginthenewyear.tw_festival_lunarnewyear_racinginthenewyear_signs.tw_festival_lunarnewyear_racinginthenewyear_checkpoint" GUID="i8o7QXSf+EKsyZqAHm20+w=="/>
		<POI MapID="18" xpos="406.782" ypos="56.0472" zpos="-23.5912" type="tw_guides.tw_festival_lunarnewyear.tw_festival_lunarnewyear_racinginthenewyear.tw_festival_lunarnewyear_racinginthenewyear_signs.tw_festival_lunarnewyear_racinginthenewyear_checkpoint" GUID="yTbvzDJzd0GmZMGZzZxbNg=="/>
		<POI MapID="18" xpos="374.919" ypos="57.7505" zpos="-0.933081" type="tw_guides.tw_festival_lunarnewyear.tw_festival_lunarnewyear_racinginthenewyear.tw_festival_lunarnewyear_racinginthenewyear_signs.tw_festival_lunarnewyear_racinginthenewyear_checkpoint" GUID="S12Zn6y8uUmOzdCZm1ITAQ=="/>
		<POI MapID="18" xpos="348.606" ypos="57.8424" zpos="12.0342" type="tw_guides.tw_festival_lunarnewyear.tw_festival_lunarnewyear_racinginthenewyear.tw_festival_lunarnewyear_racinginthenewyear_signs.tw_festival_lunarnewyear_racinginthenewyear_checkpoint" GUID="4I9EmVm51keHbeVQvCOrJQ=="/>
		<POI MapID="18" xpos="348.09" ypos="57.7933" zpos="25.5803" type="tw_guides.tw_festival_lunarnewyear.tw_festival_lunarnewyear_racinginthenewyear.tw_festival_lunarnewyear_racinginthenewyear_signs.tw_festival_lunarnewyear_racinginthenewyear_checkpoint" GUID="qPDh4BP2cE2pcnP6aqN64A=="/>
		<POI MapID="18" xpos="381.144" ypos="57.7511" zpos="51.3159" type="tw_guides.tw_festival_lunarnewyear.tw_festival_lunarnewyear_racinginthenewyear.tw_festival_lunarnewyear_racinginthenewyear_signs.tw_festival_lunarnewyear_racinginthenewyear_checkpoint" GUID="+ufhXlvljk27zgtqDwiXyw=="/>
		<POI MapID="18" xpos="385.511" ypos="58.5902" zpos="75.6331" type="tw_guides.tw_festival_lunarnewyear.tw_festival_lunarnewyear_racinginthenewyear.tw_festival_lunarnewyear_racinginthenewyear_signs.tw_festival_lunarnewyear_racinginthenewyear_checkpoint" GUID="x9dcC/iDl0eLeIMdntWvqg=="/>
		<POI MapID="18" xpos="352.016" ypos="59.3246" zpos="109.021" type="tw_guides.tw_festival_lunarnewyear.tw_festival_lunarnewyear_racinginthenewyear.tw_festival_lunarnewyear_racinginthenewyear_signs.tw_festival_lunarnewyear_racinginthenewyear_checkpoint" GUID="xcWHVIvX40uPTz1yWIKSQw=="/>
		<POI MapID="18" xpos="319.983" ypos="59.0299" zpos="130.662" type="tw_guides.tw_festival_lunarnewyear.tw_festival_lunarnewyear_racinginthenewyear.tw_festival_lunarnewyear_racinginthenewyear_signs.tw_festival_lunarnewyear_racinginthenewyear_checkpoint" GUID="HrKxQ2Ju4UabbP9hjFav1g=="/>
		<POI MapID="18" xpos="282.414" ypos="71.2106" zpos="109.51" type="tw_guides.tw_festival_lunarnewyear.tw_festival_lunarnewyear_racinginthenewyear.tw_festival_lunarnewyear_racinginthenewyear_signs.tw_festival_lunarnewyear_racinginthenewyear_checkpoint" GUID="4wzJKwOGx0amREtP8NCf0Q=="/>
		<POI MapID="18" xpos="259.981" ypos="78.6658" zpos="97.3664" type="tw_guides.tw_festival_lunarnewyear.tw_festival_lunarnewyear_racinginthenewyear.tw_festival_lunarnewyear_racinginthenewyear_signs.tw_festival_lunarnewyear_racinginthenewyear_checkpoint" GUID="jOAWr6NvC0mWztXvOIgrHA=="/>
		<POI MapID="18" xpos="220.484" ypos="79.6388" zpos="117.571" type="tw_guides.tw_festival_lunarnewyear.tw_festival_lunarnewyear_racinginthenewyear.tw_festival_lunarnewyear_racinginthenewyear_signs.tw_festival_lunarnewyear_racinginthenewyear_checkpoint" GUID="T0TPXoGli0yXHiQd4NZx7g=="/>
		<POI MapID="18" xpos="176.24" ypos="80.0999" zpos="151.823" type="tw_guides.tw_festival_lunarnewyear.tw_festival_lunarnewyear_racinginthenewyear.tw_festival_lunarnewyear_racinginthenewyear_signs.tw_festival_lunarnewyear_racinginthenewyear_checkpoint" GUID="4VQANA+r206/4TZGGd7t8g=="/>
		<POI MapID="18" xpos="134.029" ypos="79.6471" zpos="155.411" type="tw_guides.tw_festival_lunarnewyear.tw_festival_lunarnewyear_racinginthenewyear.tw_festival_lunarnewyear_racinginthenewyear_signs.tw_festival_lunarnewyear_racinginthenewyear_checkpoint" GUID="JHxqHz7pe0OivLTwDbCWwg=="/>
		<POI MapID="18" xpos="84.4275" ypos="79.6374" zpos="170.421" type="tw_guides.tw_festival_lunarnewyear.tw_festival_lunarnewyear_racinginthenewyear.tw_festival_lunarnewyear_racinginthenewyear_signs.tw_festival_lunarnewyear_racinginthenewyear_checkpoint" GUID="AijEcHsxQkib2sWVTJxeyw=="/>
		<POI MapID="18" xpos="49.5821" ypos="79.6371" zpos="176.037" type="tw_guides.tw_festival_lunarnewyear.tw_festival_lunarnewyear_racinginthenewyear.tw_festival_lunarnewyear_racinginthenewyear_signs.tw_festival_lunarnewyear_racinginthenewyear_checkpoint" GUID="D+ezs0RuVkGAKGMKVhde8Q=="/>
		<POI MapID="18" xpos="39.8961" ypos="73.8074" zpos="204.244" type="tw_guides.tw_festival_lunarnewyear.tw_festival_lunarnewyear_racinginthenewyear.tw_festival_lunarnewyear_racinginthenewyear_signs.tw_festival_lunarnewyear_racinginthenewyear_checkpoint" GUID="arFZ70xNd0mmA0we5/wCag=="/>
		<POI MapID="18" xpos="43.951" ypos="61.2264" zpos="265.921" type="tw_guides.tw_festival_lunarnewyear.tw_festival_lunarnewyear_racinginthenewyear.tw_festival_lunarnewyear_racinginthenewyear_signs.tw_festival_lunarnewyear_racinginthenewyear_checkpoint" GUID="QE/YXJmufUWzwBKutftiZQ=="/>
		<POI MapID="18" xpos="5.09241" ypos="60.0556" zpos="301.962" type="tw_guides.tw_festival_lunarnewyear.tw_festival_lunarnewyear_racinginthenewyear.tw_festival_lunarnewyear_racinginthenewyear_signs.tw_festival_lunarnewyear_racinginthenewyear_checkpoint" GUID="L6noNY4wNEqh8hy4YAv3Ag=="/>
		<POI MapID="18" xpos="-45.6398" ypos="57.9142" zpos="293.692" type="tw_guides.tw_festival_lunarnewyear.tw_festival_lunarnewyear_racinginthenewyear.tw_festival_lunarnewyear_racinginthenewyear_signs.tw_festival_lunarnewyear_racinginthenewyear_checkpoint" GUID="FH6Omh5k6k+OWtQnIXfdwQ=="/>
		<POI MapID="18" xpos="-84.4633" ypos="56.5737" zpos="290.814" type="tw_guides.tw_festival_lunarnewyear.tw_festival_lunarnewyear_racinginthenewyear.tw_festival_lunarnewyear_racinginthenewyear_signs.tw_festival_lunarnewyear_racinginthenewyear_checkpoint" GUID="Rka0Kt5xYkSLrnXAZKyB8Q=="/>
		<POI MapID="18" xpos="-90.7246" ypos="60.6761" zpos="261.855" type="tw_guides.tw_festival_lunarnewyear.tw_festival_lunarnewyear_racinginthenewyear.tw_festival_lunarnewyear_racinginthenewyear_signs.tw_festival_lunarnewyear_racinginthenewyear_checkpoint" GUID="myJtaBRFtUG4tK3YhLpWdQ=="/>
		<POI MapID="18" xpos="-92.3422" ypos="69.2793" zpos="193.386" type="tw_guides.tw_festival_lunarnewyear.tw_festival_lunarnewyear_racinginthenewyear.tw_festival_lunarnewyear_racinginthenewyear_signs.tw_festival_lunarnewyear_racinginthenewyear_checkpoint" GUID="SagLQ8l4BkeBAo1GWQ0apA=="/>
		<POI MapID="18" xpos="-76.8982" ypos="79.2001" zpos="157.647" type="tw_guides.tw_festival_lunarnewyear.tw_festival_lunarnewyear_racinginthenewyear.tw_festival_lunarnewyear_racinginthenewyear_signs.tw_festival_lunarnewyear_racinginthenewyear_checkpoint" GUID="+5BCasD7g0elJxqR7gfliw=="/>
		<POI MapID="18" xpos="-74.5794" ypos="79.6339" zpos="151.842" type="tw_guides.tw_festival_lunarnewyear.tw_festival_lunarnewyear_racinginthenewyear.tw_festival_lunarnewyear_racinginthenewyear_signs.tw_festival_lunarnewyear_racinginthenewyear_checkpoint" GUID="ZHSRN02bSkSYNkNSpS1Iyg=="/>
		<POI MapID="18" xpos="-102.358" ypos="79.5957" zpos="118.45" type="tw_guides.tw_festival_lunarnewyear.tw_festival_lunarnewyear_racinginthenewyear.tw_festival_lunarnewyear_racinginthenewyear_signs.tw_festival_lunarnewyear_racinginthenewyear_checkpoint" GUID="VxiyIvBi10aRrgdYBH2pmQ=="/>
		<POI MapID="18" xpos="-142.678" ypos="79.6336" zpos="32.1553" type="tw_guides.tw_festival_lunarnewyear.tw_festival_lunarnewyear_racinginthenewyear.tw_festival_lunarnewyear_racinginthenewyear_signs.tw_festival_lunarnewyear_racinginthenewyear_checkpoint" GUID="iz3hdY67nUS+wLc6I5O65Q=="/>
		<POI MapID="18" xpos="-166.005" ypos="79.6394" zpos="-25.6151" type="tw_guides.tw_festival_lunarnewyear.tw_festival_lunarnewyear_racinginthenewyear.tw_festival_lunarnewyear_racinginthenewyear_signs.tw_festival_lunarnewyear_racinginthenewyear_checkpoint" GUID="XShFl9VwAkyICNa9pXMYZQ=="/>
		<POI MapID="18" xpos="-160.76" ypos="79.6465" zpos="-103.937" type="tw_guides.tw_festival_lunarnewyear.tw_festival_lunarnewyear_racinginthenewyear.tw_festival_lunarnewyear_racinginthenewyear_signs.tw_festival_lunarnewyear_racinginthenewyear_checkpoint" GUID="sHt8Lc/wyE6rmmrIVIG3Hw=="/>
		<POI MapID="18" xpos="-109.28" ypos="79.599" zpos="-200.75" type="tw_guides.tw_festival_lunarnewyear.tw_festival_lunarnewyear_racinginthenewyear.tw_festival_lunarnewyear_racinginthenewyear_signs.tw_festival_lunarnewyear_racinginthenewyear_checkpoint" GUID="TTnLYPqBDEe1vkzS/XK0yw=="/>
		<POI MapID="18" xpos="-37.7162" ypos="79.6376" zpos="-258.132" type="tw_guides.tw_festival_lunarnewyear.tw_festival_lunarnewyear_racinginthenewyear.tw_festival_lunarnewyear_racinginthenewyear_signs.tw_festival_lunarnewyear_racinginthenewyear_checkpoint" GUID="55VZjQxn9EGd5V1mvSZkLg=="/>
		<POI MapID="18" xpos="56.5848" ypos="79.6247" zpos="-285.885" type="tw_guides.tw_festival_lunarnewyear.tw_festival_lunarnewyear_racinginthenewyear.tw_festival_lunarnewyear_racinginthenewyear_signs.tw_festival_lunarnewyear_racinginthenewyear_checkpoint" GUID="z63ydaw2i0CtbP3MtJ7pOA=="/>
		<POI MapID="18" xpos="62.3585" ypos="82.2693" zpos="-349.491" type="tw_guides.tw_festival_lunarnewyear.tw_festival_lunarnewyear_racinginthenewyear.tw_festival_lunarnewyear_racinginthenewyear_signs.tw_festival_lunarnewyear_racinginthenewyear_checkpoint" GUID="59Spb/No+0OfkVVpHmQX7w=="/>
		<POI MapID="18" xpos="59.6722" ypos="99.3823" zpos="-455.629" type="tw_guides.tw_festival_lunarnewyear.tw_festival_lunarnewyear_racinginthenewyear.tw_festival_lunarnewyear_racinginthenewyear_signs.tw_festival_lunarnewyear_racinginthenewyear_checkpoint" GUID="jRFH4y+FwU6Xl8HnNCD+iQ=="/>
		<POI MapID="18" xpos="68.241" ypos="100.298" zpos="-480.732" type="tw_guides.tw_festival_lunarnewyear.tw_festival_lunarnewyear_racinginthenewyear.tw_festival_lunarnewyear_racinginthenewyear_signs.tw_festival_lunarnewyear_racinginthenewyear_checkpoint" GUID="fc4NJZOOck2EV1K/Pj25kg=="/>
		<POI MapID="18" xpos="93.207" ypos="108.521" zpos="-440.051" type="tw_guides.tw_festival_lunarnewyear.tw_festival_lunarnewyear_racinginthenewyear.tw_festival_lunarnewyear_racinginthenewyear_signs.tw_festival_lunarnewyear_racinginthenewyear_checkpoint" GUID="Jo61GPv2wk+H2+g3JEmNAw=="/>
		<POI MapID="18" xpos="80.8852" ypos="100.421" zpos="-476" type="tw_guides.tw_festival_lunarnewyear.tw_festival_lunarnewyear_racinginthenewyear.tw_festival_lunarnewyear_racinginthenewyear_signs.tw_festival_lunarnewyear_racinginthenewyear_checkpoint" GUID="BP2XHXaIt0KeNLnQ5y00mA=="/>
		<POI MapID="18" xpos="55.2405" ypos="108.757" zpos="-425.272" type="tw_guides.tw_festival_lunarnewyear.tw_festival_lunarnewyear_racinginthenewyear.tw_festival_lunarnewyear_racinginthenewyear_signs.tw_festival_lunarnewyear_racinginthenewyear_checkpoint" GUID="OLCsFdBqGUuD85w+EXo7+A=="/>
		<POI MapID="18" xpos="53.6755" ypos="118.697" zpos="-385.102" type="tw_guides.tw_festival_lunarnewyear.tw_festival_lunarnewyear_racinginthenewyear.tw_festival_lunarnewyear_racinginthenewyear_signs.tw_festival_lunarnewyear_racinginthenewyear_checkpoint" GUID="Ay4nLDJPBU6rqPvYJh60bw=="/>
		<POI MapID="18" xpos="88.7209" ypos="118.652" zpos="-367.343" type="tw_guides.tw_festival_lunarnewyear.tw_festival_lunarnewyear_racinginthenewyear.tw_festival_lunarnewyear_racinginthenewyear_signs.tw_festival_lunarnewyear_racinginthenewyear_checkpoint" GUID="wFFhRUqhJUqbzBCEZ8vYwg=="/>
		<POI MapID="18" xpos="86.9795" ypos="128.56" zpos="-321.56" type="tw_guides.tw_festival_lunarnewyear.tw_festival_lunarnewyear_racinginthenewyear.tw_festival_lunarnewyear_racinginthenewyear_signs.tw_festival_lunarnewyear_racinginthenewyear_checkpoint" GUID="Upji05yu00a7sGGhG5q4Sw=="/>
		<POI MapID="18" xpos="54.9807" ypos="128.929" zpos="-315.296" type="tw_guides.tw_festival_lunarnewyear.tw_festival_lunarnewyear_racinginthenewyear.tw_festival_lunarnewyear_racinginthenewyear_signs.tw_festival_lunarnewyear_racinginthenewyear_checkpoint" GUID="S1V3dY47rEqfm+Rt0LcLgA=="/>
		<POI MapID="18" xpos="54.7661" ypos="138.823" zpos="-288.623" type="tw_guides.tw_festival_lunarnewyear.tw_festival_lunarnewyear_racinginthenewyear.tw_festival_lunarnewyear_racinginthenewyear_signs.tw_festival_lunarnewyear_racinginthenewyear_checkpoint" GUID="xhJ1KGYMaUyRdzdVTLabCQ=="/>
		<POI MapID="18" xpos="70.8478" ypos="138.732" zpos="-258.505" type="tw_guides.tw_festival_lunarnewyear.tw_festival_lunarnewyear_racinginthenewyear.tw_festival_lunarnewyear_racinginthenewyear_signs.tw_festival_lunarnewyear_racinginthenewyear_checkpoint" GUID="e9R10a8rS0CFlUr4tvpdIA=="/>
		<POI MapID="18" xpos="69.611" ypos="139.059" zpos="-196.245" type="tw_guides.tw_festival_lunarnewyear.tw_festival_lunarnewyear_racinginthenewyear.tw_festival_lunarnewyear_racinginthenewyear_signs.tw_festival_lunarnewyear_racinginthenewyear_checkpoint" GUID="u5zGwGFboUWKeDTiYWCeUA=="/>
		<POI MapID="18" xpos="74.2443" ypos="141.029" zpos="-139.922" type="tw_guides.tw_festival_lunarnewyear.tw_festival_lunarnewyear_racinginthenewyear.tw_festival_lunarnewyear_racinginthenewyear_signs.tw_festival_lunarnewyear_racinginthenewyear_checkpoint" GUID="2FhtyLbfYkqIcMtTIpVyDg=="/>
		<POI MapID="18" xpos="70.1519" ypos="141.182" zpos="-85.8831" type="tw_guides.tw_festival_lunarnewyear.tw_festival_lunarnewyear_racinginthenewyear.tw_festival_lunarnewyear_racinginthenewyear_signs.tw_festival_lunarnewyear_racinginthenewyear_checkpoint" GUID="uuPOsOefUECwfTOcemRwcQ=="/>
		<POI MapID="18" xpos="70.4364" ypos="136.977" zpos="-41.5522" type="tw_guides.tw_festival_lunarnewyear.tw_festival_lunarnewyear_racinginthenewyear.tw_festival_lunarnewyear_racinginthenewyear_signs.tw_festival_lunarnewyear_racinginthenewyear_checkpoint" GUID="h/BH/GU9JkKvR+DAMBGInA=="/>
		<POI MapID="18" xpos="-213.919" ypos="60.5021" zpos="-122.984" type="tw_guides.tw_festival_lunarnewyear.tw_festival_lunarnewyear_racinginthenewyear.tw_festival_lunarnewyear_racinginthenewyear_signs.tw_festival_lunarnewyear_racinginthenewyear_checkpoint" GUID="pwAwZU0dNEyJt1BSgAHFJA=="/>
		<POI MapID="18" xpos="-207.402" ypos="59.763" zpos="-157.149" type="tw_guides.tw_festival_lunarnewyear.tw_festival_lunarnewyear_racinginthenewyear.tw_festival_lunarnewyear_racinginthenewyear_signs.tw_festival_lunarnewyear_racinginthenewyear_checkpoint" GUID="JoCMrh4pukO63tW6vGNTEg=="/>
		<POI MapID="18" xpos="-213.441" ypos="60.1991" zpos="-187.485" type="tw_guides.tw_festival_lunarnewyear.tw_festival_lunarnewyear_racinginthenewyear.tw_festival_lunarnewyear_racinginthenewyear_signs.tw_festival_lunarnewyear_racinginthenewyear_checkpoint" GUID="p4apjOztUECyIQK6BmKWew=="/>
		<POI MapID="18" xpos="-195.043" ypos="60.2357" zpos="-230.187" type="tw_guides.tw_festival_lunarnewyear.tw_festival_lunarnewyear_racinginthenewyear.tw_festival_lunarnewyear_racinginthenewyear_signs.tw_festival_lunarnewyear_racinginthenewyear_checkpoint" GUID="hYB+8jF9j0azh7io/e9K2g=="/>
		<POI MapID="18" xpos="-166.244" ypos="59.1944" zpos="-284.828" type="tw_guides.tw_festival_lunarnewyear.tw_festival_lunarnewyear_racinginthenewyear.tw_festival_lunarnewyear_racinginthenewyear_signs.tw_festival_lunarnewyear_racinginthenewyear_checkpoint" GUID="TLw9r3bTxECGdAjM7yvDFw=="/>
		<POI MapID="18" xpos="-144.157" ypos="63.1594" zpos="-312.072" type="tw_guides.tw_festival_lunarnewyear.tw_festival_lunarnewyear_racinginthenewyear.tw_festival_lunarnewyear_racinginthenewyear_signs.tw_festival_lunarnewyear_racinginthenewyear_checkpoint" GUID="EqeMSVJ7GkOn3ZZsLDGu1A=="/>
		<POI MapID="18" xpos="-111.171" ypos="64.5614" zpos="-325.077" type="tw_guides.tw_festival_lunarnewyear.tw_festival_lunarnewyear_racinginthenewyear.tw_festival_lunarnewyear_racinginthenewyear_signs.tw_festival_lunarnewyear_racinginthenewyear_checkpoint" GUID="p3oERFWS4EKnj7T6G2jIlA=="/>
		<POI MapID="18" xpos="-60.0158" ypos="63.3447" zpos="-334.103" type="tw_guides.tw_festival_lunarnewyear.tw_festival_lunarnewyear_racinginthenewyear.tw_festival_lunarnewyear_racinginthenewyear_signs.tw_festival_lunarnewyear_racinginthenewyear_checkpoint" GUID="PzwQmqyGhU+kmZcSFeZa3Q=="/>
		<POI MapID="18" xpos="-15.2139" ypos="65.5671" zpos="-317.656" type="tw_guides.tw_festival_lunarnewyear.tw_festival_lunarnewyear_racinginthenewyear.tw_festival_lunarnewyear_racinginthenewyear_signs.tw_festival_lunarnewyear_racinginthenewyear_checkpoint" GUID="ic1SeOwKgkqgC0cNW+r+5A=="/>
		<POI MapID="18" xpos="62.1092" ypos="79.9337" zpos="-315.312" type="tw_guides.tw_festival_lunarnewyear.tw_festival_lunarnewyear_racinginthenewyear.tw_festival_lunarnewyear_racinginthenewyear_signs.tw_festival_lunarnewyear_racinginthenewyear_checkpoint" GUID="3Yg1uLejHka8F23eL+Hqig=="/>
		<POI MapID="18" xpos="130.095" ypos="70.0155" zpos="-313.686" type="tw_guides.tw_festival_lunarnewyear.tw_festival_lunarnewyear_racinginthenewyear.tw_festival_lunarnewyear_racinginthenewyear_signs.tw_festival_lunarnewyear_racinginthenewyear_checkpoint" GUID="pO4KkwdytUKxa7Z27qO0Iw=="/>
		<POI MapID="18" xpos="161.796" ypos="71.0899" zpos="-303.423" type="tw_guides.tw_festival_lunarnewyear.tw_festival_lunarnewyear_racinginthenewyear.tw_festival_lunarnewyear_racinginthenewyear_signs.tw_festival_lunarnewyear_racinginthenewyear_checkpoint" GUID="rPTUSLTdGEiCnx9GRO/bRg=="/>
		<POI MapID="18" xpos="163.307" ypos="77.1922" zpos="-289.739" type="tw_guides.tw_festival_lunarnewyear.tw_festival_lunarnewyear_racinginthenewyear.tw_festival_lunarnewyear_racinginthenewyear_signs.tw_festival_lunarnewyear_racinginthenewyear_checkpoint" GUID="XsOWR+jYOEGzQt11cEH3Lw=="/>
		<POI MapID="18" xpos="160.86" ypos="79.6375" zpos="-259.058" type="tw_guides.tw_festival_lunarnewyear.tw_festival_lunarnewyear_racinginthenewyear.tw_festival_lunarnewyear_racinginthenewyear_signs.tw_festival_lunarnewyear_racinginthenewyear_checkpoint" GUID="8imr6xYjXEeu4sir2aj7fA=="/>
		<POI MapID="18" xpos="189.781" ypos="79.6643" zpos="-250.12" type="tw_guides.tw_festival_lunarnewyear.tw_festival_lunarnewyear_racinginthenewyear.tw_festival_lunarnewyear_racinginthenewyear_signs.tw_festival_lunarnewyear_racinginthenewyear_checkpoint" GUID="nNCBqSmWSke/tCDOVGYUuQ=="/>
		<POI MapID="18" xpos="242.97" ypos="77.9914" zpos="-257.03" type="tw_guides.tw_festival_lunarnewyear.tw_festival_lunarnewyear_racinginthenewyear.tw_festival_lunarnewyear_racinginthenewyear_signs.tw_festival_lunarnewyear_racinginthenewyear_checkpoint" GUID="Se9GDG61Xk2jrTv87WF+QA=="/>
		<POI MapID="18" xpos="269.373" ypos="72.6449" zpos="-254.759" type="tw_guides.tw_festival_lunarnewyear.tw_festival_lunarnewyear_racinginthenewyear.tw_festival_lunarnewyear_racinginthenewyear_signs.tw_festival_lunarnewyear_racinginthenewyear_checkpoint" GUID="YdkJtzRQKkWVEsa8XccOIw=="/>
		<POI MapID="18" xpos="290.383" ypos="68.2505" zpos="-234.991" type="tw_guides.tw_festival_lunarnewyear.tw_festival_lunarnewyear_racinginthenewyear.tw_festival_lunarnewyear_racinginthenewyear_signs.tw_festival_lunarnewyear_racinginthenewyear_checkpoint" GUID="552kvhWHiUigAG1XzINIqA=="/>
		<POI MapID="18" xpos="321.231" ypos="59.6939" zpos="-237.561" type="tw_guides.tw_festival_lunarnewyear.tw_festival_lunarnewyear_racinginthenewyear.tw_festival_lunarnewyear_racinginthenewyear_signs.tw_festival_lunarnewyear_racinginthenewyear_checkpoint" GUID="wVehOn8Ob0mHqANxg2P/Xw=="/>
		<POI MapID="18" xpos="344.908" ypos="59.6922" zpos="-217.196" type="tw_guides.tw_festival_lunarnewyear.tw_festival_lunarnewyear_racinginthenewyear.tw_festival_lunarnewyear_racinginthenewyear_signs.tw_festival_lunarnewyear_racinginthenewyear_checkpoint" GUID="FmPlxfM5sEydpTyRT1dL2A=="/>
		<POI MapID="18" xpos="384.253" ypos="59.4514" zpos="-182.489" type="tw_guides.tw_festival_lunarnewyear.tw_festival_lunarnewyear_racinginthenewyear.tw_festival_lunarnewyear_racinginthenewyear_signs.tw_festival_lunarnewyear_racinginthenewyear_checkpoint" GUID="K+RvJAsr30Sf2DvlvYaz0w=="/>
		<POI MapID="18" xpos="410.811" ypos="55.5645" zpos="-133.916" type="tw_guides.tw_festival_lunarnewyear.tw_festival_lunarnewyear_racinginthenewyear.tw_festival_lunarnewyear_racinginthenewyear_signs.tw_festival_lunarnewyear_racinginthenewyear_checkpoint" GUID="cLVu7QRq+0aE/0lwELncRA=="/>
		<POI MapID="18" xpos="421.554" ypos="55.4675" zpos="-90.0561" type="tw_guides.tw_festival_lunarnewyear.tw_festival_lunarnewyear_racinginthenewyear.tw_festival_lunarnewyear_racinginthenewyear_signs.tw_festival_lunarnewyear_racinginthenewyear_checkpoint" GUID="5Yf8nl7jt0KH6l39NryXGw=="/>
		<POI MapID="18" xpos="427.31" ypos="55.4474" zpos="-80.9609" type="tw_guides.tw_festival_lunarnewyear.tw_festival_lunarnewyear_racinginthenewyear.tw_festival_lunarnewyear_racinginthenewyear_signs.tw_festival_lunarnewyear_racinginthenewyear_checkpoint" GUID="vnHKkxzTQEy7qITET1WRtA=="/>
		<POI MapID="18" xpos="419.546" ypos="55.3854" zpos="-71.7715" type="tw_guides.tw_festival_lunarnewyear.tw_festival_lunarnewyear_racinginthenewyear.tw_festival_lunarnewyear_racinginthenewyear_signs.tw_festival_lunarnewyear_racinginthenewyear_checkpoint" GUID="xm3UmKzHFUeS06ObaUe0xQ=="/>
		<POI MapID="18" xpos="398.799" ypos="56.1591" zpos="-53.6317" type="tw_guides.tw_festival_lunarnewyear.tw_festival_lunarnewyear_racinginthenewyear.tw_festival_lunarnewyear_racinginthenewyear_signs.tw_festival_lunarnewyear_racinginthenewyear_checkpoint" GUID="QOzC6O3wP0Sn0sdpVUljJQ=="/>
		<POI MapID="18" xpos="395.209" ypos="56.9104" zpos="-31.0431" type="tw_guides.tw_festival_lunarnewyear.tw_festival_lunarnewyear_racinginthenewyear.tw_festival_lunarnewyear_racinginthenewyear_signs.tw_festival_lunarnewyear_racinginthenewyear_checkpoint" GUID="W2Bch+ZZmEiQP3IjQubptA=="/>
		<POI MapID="18" xpos="370.236" ypos="57.6055" zpos="-8.29146" type="tw_guides.tw_festival_lunarnewyear.tw_festival_lunarnewyear_racinginthenewyear.tw_festival_lunarnewyear_racinginthenewyear_signs.tw_festival_lunarnewyear_racinginthenewyear_checkpoint" GUID="nzGwC+Ahd0Sgv7ShEPAPpw=="/>
		<POI MapID="18" xpos="335.614" ypos="57.6982" zpos="12.0019" type="tw_guides.tw_festival_lunarnewyear.tw_festival_lunarnewyear_racinginthenewyear.tw_festival_lunarnewyear_racinginthenewyear_signs.tw_festival_lunarnewyear_racinginthenewyear_checkpoint" GUID="JusLbaAPJkWyOItGbG/6IQ=="/>
		<POI MapID="18" xpos="339.383" ypos="58.1187" zpos="36.6301" type="tw_guides.tw_festival_lunarnewyear.tw_festival_lunarnewyear_racinginthenewyear.tw_festival_lunarnewyear_racinginthenewyear_signs.tw_festival_lunarnewyear_racinginthenewyear_checkpoint" GUID="JviwJN6090SOUChnk7j4Gg=="/>
		<POI MapID="18" xpos="373.917" ypos="57.7448" zpos="53.1071" type="tw_guides.tw_festival_lunarnewyear.tw_festival_lunarnewyear_racinginthenewyear.tw_festival_lunarnewyear_racinginthenewyear_signs.tw_festival_lunarnewyear_racinginthenewyear_checkpoint" GUID="0Ta5Ps7h8kSsbrOw9DCTVQ=="/>
		<POI MapID="18" xpos="374.96" ypos="58.0392" zpos="68.9333" type="tw_guides.tw_festival_lunarnewyear.tw_festival_lunarnewyear_racinginthenewyear.tw_festival_lunarnewyear_racinginthenewyear_signs.tw_festival_lunarnewyear_racinginthenewyear_checkpoint" GUID="EEHGg+9SfUywOeH/s03U2Q=="/>
		<POI MapID="18" xpos="340.153" ypos="59.4216" zpos="101.407" type="tw_guides.tw_festival_lunarnewyear.tw_festival_lunarnewyear_racinginthenewyear.tw_festival_lunarnewyear_racinginthenewyear_signs.tw_festival_lunarnewyear_racinginthenewyear_checkpoint" GUID="15qEtlaFFEus/OdQ+1JwCA=="/>
		<POI MapID="18" xpos="323.432" ypos="59.0367" zpos="119.898" type="tw_guides.tw_festival_lunarnewyear.tw_festival_lunarnewyear_racinginthenewyear.tw_festival_lunarnewyear_racinginthenewyear_signs.tw_festival_lunarnewyear_racinginthenewyear_checkpoint" GUID="iVPZ730yR0+XXmBTV73JFQ=="/>
		<POI MapID="18" xpos="287.583" ypos="71.1962" zpos="99.1883" type="tw_guides.tw_festival_lunarnewyear.tw_festival_lunarnewyear_racinginthenewyear.tw_festival_lunarnewyear_racinginthenewyear_signs.tw_festival_lunarnewyear_racinginthenewyear_checkpoint" GUID="v5RH3exevUGhX3JTWPEYnw=="/>
		<POI MapID="18" xpos="253.173" ypos="79.6477" zpos="84.5202" type="tw_guides.tw_festival_lunarnewyear.tw_festival_lunarnewyear_racinginthenewyear.tw_festival_lunarnewyear_racinginthenewyear_signs.tw_festival_lunarnewyear_racinginthenewyear_checkpoint" GUID="BV3Ti4H+R0mjk1lXFUyT/w=="/>
		<POI MapID="18" xpos="207.86" ypos="79.6374" zpos="107.269" type="tw_guides.tw_festival_lunarnewyear.tw_festival_lunarnewyear_racinginthenewyear.tw_festival_lunarnewyear_racinginthenewyear_signs.tw_festival_lunarnewyear_racinginthenewyear_checkpoint" GUID="lNRN/E1ucEOvZiDXt0FoQQ=="/>
		<POI MapID="18" xpos="171.631" ypos="80.0312" zpos="145.513" type="tw_guides.tw_festival_lunarnewyear.tw_festival_lunarnewyear_racinginthenewyear.tw_festival_lunarnewyear_racinginthenewyear_signs.tw_festival_lunarnewyear_racinginthenewyear_checkpoint" GUID="PSP/G4F7KE2Z//jt4DqdrA=="/>
		<POI MapID="18" xpos="134.772" ypos="79.6391" zpos="149.887" type="tw_guides.tw_festival_lunarnewyear.tw_festival_lunarnewyear_racinginthenewyear.tw_festival_lunarnewyear_racinginthenewyear_signs.tw_festival_lunarnewyear_racinginthenewyear_checkpoint" GUID="izN6RuHG5Uy1RJBQaPXHFw=="/>
		<POI MapID="18" xpos="82.2659" ypos="79.652" zpos="155.064" type="tw_guides.tw_festival_lunarnewyear.tw_festival_lunarnewyear_racinginthenewyear.tw_festival_lunarnewyear_racinginthenewyear_signs.tw_festival_lunarnewyear_racinginthenewyear_checkpoint" GUID="2lJqHjxNmkWF4+B32E+2wg=="/>
		<POI MapID="18" xpos="38.2238" ypos="79.6374" zpos="167.932" type="tw_guides.tw_festival_lunarnewyear.tw_festival_lunarnewyear_racinginthenewyear.tw_festival_lunarnewyear_racinginthenewyear_signs.tw_festival_lunarnewyear_racinginthenewyear_checkpoint" GUID="OHTZivCzNUm7RfBJuuCP4A=="/>
		<POI MapID="18" xpos="32.3919" ypos="72.7559" zpos="207.995" type="tw_guides.tw_festival_lunarnewyear.tw_festival_lunarnewyear_racinginthenewyear.tw_festival_lunarnewyear_racinginthenewyear_signs.tw_festival_lunarnewyear_racinginthenewyear_checkpoint" GUID="4FYOrtFKXEeXkjHIlAXhZw=="/>
		<POI MapID="18" xpos="32.1525" ypos="61.77" zpos="263.202" type="tw_guides.tw_festival_lunarnewyear.tw_festival_lunarnewyear_racinginthenewyear.tw_festival_lunarnewyear_racinginthenewyear_signs.tw_festival_lunarnewyear_racinginthenewyear_checkpoint" GUID="xBcBv79np0mjF9t5DQlC1w=="/>
		<POI MapID="18" xpos="4.17948" ypos="60.5347" zpos="290.26" type="tw_guides.tw_festival_lunarnewyear.tw_festival_lunarnewyear_racinginthenewyear.tw_festival_lunarnewyear_racinginthenewyear_signs.tw_festival_lunarnewyear_racinginthenewyear_checkpoint" GUID="qbE7MzfadE+P2vEuY5dv4w=="/>
		<POI MapID="18" xpos="-51.8326" ypos="57.9459" zpos="287.202" type="tw_guides.tw_festival_lunarnewyear.tw_festival_lunarnewyear_racinginthenewyear.tw_festival_lunarnewyear_racinginthenewyear_signs.tw_festival_lunarnewyear_racinginthenewyear_checkpoint" GUID="6qT8wg0MrUufCSTtjYHr0A=="/>
		<POI MapID="18" xpos="-72.2191" ypos="56.5562" zpos="287.116" type="tw_guides.tw_festival_lunarnewyear.tw_festival_lunarnewyear_racinginthenewyear.tw_festival_lunarnewyear_racinginthenewyear_signs.tw_festival_lunarnewyear_racinginthenewyear_checkpoint" GUID="3BuSQJzRhk21d/i8T+bUEQ=="/>
		<POI MapID="18" xpos="-79.6433" ypos="61.6244" zpos="255.858" type="tw_guides.tw_festival_lunarnewyear.tw_festival_lunarnewyear_racinginthenewyear.tw_festival_lunarnewyear_racinginthenewyear_signs.tw_festival_lunarnewyear_racinginthenewyear_checkpoint" GUID="SKli/zdtJUG4XH66AHGR6g=="/>
		<POI MapID="18" xpos="-86.8431" ypos="69.5296" zpos="189.86" type="tw_guides.tw_festival_lunarnewyear.tw_festival_lunarnewyear_racinginthenewyear.tw_festival_lunarnewyear_racinginthenewyear_signs.tw_festival_lunarnewyear_racinginthenewyear_checkpoint" GUID="rdjpxSlb1UuE8SQgYlxdrA=="/>
		<POI MapID="18" xpos="-70.2084" ypos="79.4928" zpos="161.595" type="tw_guides.tw_festival_lunarnewyear.tw_festival_lunarnewyear_racinginthenewyear.tw_festival_lunarnewyear_racinginthenewyear_signs.tw_festival_lunarnewyear_racinginthenewyear_checkpoint" GUID="muxX42vpNUCjNIU8FKnaxA=="/>
		<POI MapID="18" xpos="-68.4092" ypos="79.6394" zpos="147.947" type="tw_guides.tw_festival_lunarnewyear.tw_festival_lunarnewyear_racinginthenewyear.tw_festival_lunarnewyear_racinginthenewyear_signs.tw_festival_lunarnewyear_racinginthenewyear_checkpoint" GUID="Gs0tkgYEXk6ml0IEyGDBQA=="/>
		<POI MapID="18" xpos="-98.1504" ypos="79.6371" zpos="110.526" type="tw_guides.tw_festival_lunarnewyear.tw_festival_lunarnewyear_racinginthenewyear.tw_festival_lunarnewyear_racinginthenewyear_signs.tw_festival_lunarnewyear_racinginthenewyear_checkpoint" GUID="S3qvbuz0TEuephLBm3e3uQ=="/>
		<POI MapID="18" xpos="-131.448" ypos="79.6361" zpos="29.6232" type="tw_guides.tw_festival_lunarnewyear.tw_festival_lunarnewyear_racinginthenewyear.tw_festival_lunarnewyear_racinginthenewyear_signs.tw_festival_lunarnewyear_racinginthenewyear_checkpoint" GUID="xG2Si7RwMkaIoIt7+TV7gQ=="/>
		<POI MapID="18" xpos="-160.956" ypos="79.6378" zpos="-27.262" type="tw_guides.tw_festival_lunarnewyear.tw_festival_lunarnewyear_racinginthenewyear.tw_festival_lunarnewyear_racinginthenewyear_signs.tw_festival_lunarnewyear_racinginthenewyear_checkpoint" GUID="wVXJ70FNE0qcfIPzZ5YIWw=="/>
		<POI MapID="18" xpos="-152.443" ypos="79.8782" zpos="-99.5802" type="tw_guides.tw_festival_lunarnewyear.tw_festival_lunarnewyear_racinginthenewyear.tw_festival_lunarnewyear_racinginthenewyear_signs.tw_festival_lunarnewyear_racinginthenewyear_checkpoint" GUID="gx3cOsP6WE+PDKZRTonxXA=="/>
		<POI MapID="18" xpos="-97.5331" ypos="79.6383" zpos="-187.962" type="tw_guides.tw_festival_lunarnewyear.tw_festival_lunarnewyear_racinginthenewyear.tw_festival_lunarnewyear_racinginthenewyear_signs.tw_festival_lunarnewyear_racinginthenewyear_checkpoint" GUID="9FKOnCjtZEKYEO4xZtM5Ow=="/>
		<POI MapID="18" xpos="-34.8918" ypos="79.6827" zpos="-243.002" type="tw_guides.tw_festival_lunarnewyear.tw_festival_lunarnewyear_racinginthenewyear.tw_festival_lunarnewyear_racinginthenewyear_signs.tw_festival_lunarnewyear_racinginthenewyear_checkpoint" GUID="ZUx3YNt8xEiqnb6hA2nhpQ=="/>
		<POI MapID="18" xpos="71.0628" ypos="79.6424" zpos="-279.59" type="tw_guides.tw_festival_lunarnewyear.tw_festival_lunarnewyear_racinginthenewyear.tw_festival_lunarnewyear_racinginthenewyear_signs.tw_festival_lunarnewyear_racinginthenewyear_checkpoint" GUID="2V4o1sgACEqrYCDAGwb+0g=="/>
		<POI MapID="18" xpos="71.2286" ypos="81.701" zpos="-347.282" type="tw_guides.tw_festival_lunarnewyear.tw_festival_lunarnewyear_racinginthenewyear.tw_festival_lunarnewyear_racinginthenewyear_signs.tw_festival_lunarnewyear_racinginthenewyear_checkpoint" GUID="LPcczWtSTUWVt4HbMgqQ2w=="/>
		<POI MapID="18" xpos="73.303" ypos="99.2496" zpos="-455.226" type="tw_guides.tw_festival_lunarnewyear.tw_festival_lunarnewyear_racinginthenewyear.tw_festival_lunarnewyear_racinginthenewyear_signs.tw_festival_lunarnewyear_racinginthenewyear_checkpoint" GUID="BYAAex76jUCyglDoJHUu+Q=="/>
		<POI MapID="18" xpos="75.3548" ypos="100.307" zpos="-468.059" type="tw_guides.tw_festival_lunarnewyear.tw_festival_lunarnewyear_racinginthenewyear.tw_festival_lunarnewyear_racinginthenewyear_signs.tw_festival_lunarnewyear_racinginthenewyear_checkpoint" GUID="3JZ/JL4HAEWcY1lgsVhdmw=="/>
		<POI MapID="18" xpos="85.6023" ypos="100.27" zpos="-469.029" type="tw_guides.tw_festival_lunarnewyear.tw_festival_lunarnewyear_racinginthenewyear.tw_festival_lunarnewyear_racinginthenewyear_signs.tw_festival_lunarnewyear_racinginthenewyear_checkpoint" GUID="ZxHtaZEzZkaN8UCtZJGyIg=="/>
		<POI MapID="18" xpos="87.7608" ypos="106.056" zpos="-446.013" type="tw_guides.tw_festival_lunarnewyear.tw_festival_lunarnewyear_racinginthenewyear.tw_festival_lunarnewyear_racinginthenewyear_signs.tw_festival_lunarnewyear_racinginthenewyear_checkpoint" GUID="vM7tz3U+N0uFLlxqeHDN1g=="/>
		<POI MapID="18" xpos="46.6861" ypos="108.582" zpos="-417.856" type="tw_guides.tw_festival_lunarnewyear.tw_festival_lunarnewyear_racinginthenewyear.tw_festival_lunarnewyear_racinginthenewyear_signs.tw_festival_lunarnewyear_racinginthenewyear_checkpoint" GUID="dlFZvfDOLUetOzlF/SgjMQ=="/>
		<POI MapID="18" xpos="45.8193" ypos="118.657" zpos="-374.014" type="tw_guides.tw_festival_lunarnewyear.tw_festival_lunarnewyear_racinginthenewyear.tw_festival_lunarnewyear_racinginthenewyear_signs.tw_festival_lunarnewyear_racinginthenewyear_checkpoint" GUID="cHj4GS5ZIEirz2XkN/sJlw=="/>
		<POI MapID="18" xpos="80.2928" ypos="118.699" zpos="-372.624" type="tw_guides.tw_festival_lunarnewyear.tw_festival_lunarnewyear_racinginthenewyear.tw_festival_lunarnewyear_racinginthenewyear_signs.tw_festival_lunarnewyear_racinginthenewyear_checkpoint" GUID="bwCEnmmYQkSbstxiusRxAw=="/>
		<POI MapID="18" xpos="80.0763" ypos="128.726" zpos="-327.207" type="tw_guides.tw_festival_lunarnewyear.tw_festival_lunarnewyear_racinginthenewyear.tw_festival_lunarnewyear_racinginthenewyear_signs.tw_festival_lunarnewyear_racinginthenewyear_checkpoint" GUID="2mSyVQB7vEi3phlNEsBuUQ=="/>
		<POI MapID="18" xpos="46.437" ypos="129.2" zpos="-314.399" type="tw_guides.tw_festival_lunarnewyear.tw_festival_lunarnewyear_racinginthenewyear.tw_festival_lunarnewyear_racinginthenewyear_signs.tw_festival_lunarnewyear_racinginthenewyear_checkpoint" GUID="46uts+YG0kSQM1yznBoLrw=="/>
		<POI MapID="18" xpos="42.5655" ypos="138.795" zpos="-283.019" type="tw_guides.tw_festival_lunarnewyear.tw_festival_lunarnewyear_racinginthenewyear.tw_festival_lunarnewyear_racinginthenewyear_signs.tw_festival_lunarnewyear_racinginthenewyear_checkpoint" GUID="u/RwIcC4U0W2Zo+HjgM7wg=="/>
		<POI MapID="18" xpos="60.6018" ypos="138.725" zpos="-260.251" type="tw_guides.tw_festival_lunarnewyear.tw_festival_lunarnewyear_racinginthenewyear.tw_festival_lunarnewyear_racinginthenewyear_signs.tw_festival_lunarnewyear_racinginthenewyear_checkpoint" GUID="hDFuK+G6E0u6RZLPnAMZKw=="/>
		<POI MapID="18" xpos="63.3771" ypos="139.057" zpos="-196.276" type="tw_guides.tw_festival_lunarnewyear.tw_festival_lunarnewyear_racinginthenewyear.tw_festival_lunarnewyear_racinginthenewyear_signs.tw_festival_lunarnewyear_racinginthenewyear_checkpoint" GUID="8NJFklKr806f619107oSIg=="/>
		<POI MapID="18" xpos="59.6419" ypos="140.908" zpos="-139.933" type="tw_guides.tw_festival_lunarnewyear.tw_festival_lunarnewyear_racinginthenewyear.tw_festival_lunarnewyear_racinginthenewyear_signs.tw_festival_lunarnewyear_racinginthenewyear_checkpoint" GUID="r75N72xssEydHGcng/jrSQ=="/>
		<POI MapID="18" xpos="61.9739" ypos="141.432" zpos="-85.4784" type="tw_guides.tw_festival_lunarnewyear.tw_festival_lunarnewyear_racinginthenewyear.tw_festival_lunarnewyear_racinginthenewyear_signs.tw_festival_lunarnewyear_racinginthenewyear_checkpoint" GUID="zXh1w861pUOpsdnRkRrjOg=="/>
		<POI MapID="18" xpos="62.3568" ypos="138.04" zpos="-45.7783" type="tw_guides.tw_festival_lunarnewyear.tw_festival_lunarnewyear_racinginthenewyear.tw_festival_lunarnewyear_racinginthenewyear_signs.tw_festival_lunarnewyear_racinginthenewyear_checkpoint" GUID="LKEq43UNek2vIdPpEXeByw=="/>
		<POI MapID="18" xpos="74.8513" ypos="134.982" zpos="-15.0981" type="tw_guides.tw_festival_lunarnewyear.tw_festival_lunarnewyear_racinginthenewyear.tw_festival_lunarnewyear_racinginthenewyear_signs.tw_festival_lunarnewyear_racinginthenewyear_finish" GUID="OxINDy0kCUOXh5OpC08FQg=="/>
		<POI MapID="18" xpos="60.9989" ypos="135.065" zpos="-14.5404" type="tw_guides.tw_festival_lunarnewyear.tw_festival_lunarnewyear_racinginthenewyear.tw_festival_lunarnewyear_racinginthenewyear_signs.tw_festival_lunarnewyear_racinginthenewyear_finish" GUID="mN0tneUVkkakqDlK4I2Mdg=="/>
		<POI MapID="18" xpos="-201.444" ypos="60.851" zpos="-80.2859" type="tw_guides.tw_festival_lunarnewyear.tw_festival_lunarnewyear_racinginthenewyear.tw_festival_lunarnewyear_racinginthenewyear_signs.tw_festival_lunarnewyear_racinginthenewyear_start" GUID="ZQlWDtoiaUyCDY9WqrmF+A=="/>
		<Trail type="tw_guides.tw_festival_lunarnewyear.tw_festival_lunarnewyear_adventure_firecrackerlighting.tw_festival_lunarnewyear_adventure_firecrackerlighting_toggletrail" GUID="y1CDvVG90UGnVOfN7/DUIQ==" fadeNear="5000" fadeFar="5100" trailData="Data/TekkitsWorkshop/Festival/LunarNewYear/tw_festival_lunarnewyear_adventure_firecrackerlighting_toggletrail.trl" animSpeed="0" texture="Data/TekkitsWorkshop/General/tw_trail_adv_b.png"/>
		<Trail type="tw_guides.tw_festival_lunarnewyear.tw_festival_lunarnewyear_adventure_firecrackerlighting2.tw_festival_lunarnewyear_adventure_firecrackerlighting2_toggletrail" GUID="cM3SeyszpEGvrLB1F4LqFw==" fadeNear="5000" fadeFar="5100" trailData="Data/TekkitsWorkshop/Festival/LunarNewYear/tw_festival_lunarnewyear_adventure_firecrackerlighting2_toggletrail.trl" animSpeed="0" texture="Data/TekkitsWorkshop/General/tw_trail_adv_g.png"/>
		<Trail type="tw_guides.tw_festival_lunarnewyear.tw_festival_lunarnewyear_racinginthenewyear.tw_festival_lunarnewyear_racinginthenewyear_toggletrail" GUID="DdKV96OCgUmOO9diMctnnA==" fadeNear="20000" fadeFar="20100" trailData="Data/TekkitsWorkshop/Festival/LunarNewYear/tw_festival_lunarnewyear_racinginthenewyear_toggletrail.trl" animSpeed="0" texture="Data/TekkitsWorkshop/BeetleRaces/tw_trail_beetle.png"/>
	</POIs>
</OverlayData>
