<OverlayData>
	<MarkerCategory name="tw_guides" DisplayName="Tekkit's Guides">
		<MarkerCategory name="tw_lws2" DisplayName="Season 2">
			<MarkerCategory name="tw_lws2_silverwastes" DisplayName="Silverwastes">
				<MarkerCategory name="tw_lws2_silverwastes_chestfarm" DisplayName="Chestfarm">
					<MarkerCategory name="tw_lws2_silverwastes_chestfarm_chest" DisplayName="Toggle Chests" mapDisplaySize="30"iconFile="Data/TekkitsWorkshop/LWS2/Silverwastes/tw_lws2_silverwastes_chestfarm_chest.png" iconSize="0.5" fadeNear="5000" fadeFar="5100" heightOffset="1.5" behavior="4" resetLength="600" minSize="10"/>
					<MarkerCategory name="tw_lws2_silverwastes_chestfarm_toggletrail" DisplayName="Toggle Trail"/>
				</MarkerCategory>
			</MarkerCategory>
		</MarkerCategory>
	</MarkerCategory>
	<POIs>
		<POI MapID="1015" xpos="601.838" ypos="374.225" zpos="25.6099" type="tw_guides.tw_lws2.tw_lws2_silverwastes.tw_lws2_silverwastes_chestfarm.tw_lws2_silverwastes_chestfarm_chest" GUID="i4DAY5CLUUOqFzop3amc7w=="/>
		<POI MapID="1015" xpos="297.462" ypos="389.273" zpos="-68.8887" type="tw_guides.tw_lws2.tw_lws2_silverwastes.tw_lws2_silverwastes_chestfarm.tw_lws2_silverwastes_chestfarm_chest" GUID="Mljxd90Ysku9fvyOfFIisg=="/>
		<POI MapID="1015" xpos="-80.7945" ypos="417.733" zpos="243.384" type="tw_guides.tw_lws2.tw_lws2_silverwastes.tw_lws2_silverwastes_chestfarm.tw_lws2_silverwastes_chestfarm_chest" GUID="9g1gNENSo0uBJUWITfgFtg=="/>
		<POI MapID="1015" xpos="-173.36" ypos="417.136" zpos="-213.778" type="tw_guides.tw_lws2.tw_lws2_silverwastes.tw_lws2_silverwastes_chestfarm.tw_lws2_silverwastes_chestfarm_chest" GUID="9Nb/eEp8qEeCYRetbqQGjg=="/>
		<POI MapID="1015" xpos="547.247" ypos="414.85" zpos="-113.241" type="tw_guides.tw_lws2.tw_lws2_silverwastes.tw_lws2_silverwastes_chestfarm.tw_lws2_silverwastes_chestfarm_chest" GUID="257pb1H8UUu864key9y3YQ=="/>
		<POI MapID="1015" xpos="-61.4889" ypos="416.503" zpos="40.4231" type="tw_guides.tw_lws2.tw_lws2_silverwastes.tw_lws2_silverwastes_chestfarm.tw_lws2_silverwastes_chestfarm_chest" GUID="FlzKmbVusUeI+BR888YJjQ=="/>
		<POI MapID="1015" xpos="-49.3625" ypos="413.321" zpos="-325.818" type="tw_guides.tw_lws2.tw_lws2_silverwastes.tw_lws2_silverwastes_chestfarm.tw_lws2_silverwastes_chestfarm_chest" GUID="ms/+Cwon3EWon8yF5z8LLg=="/>
		<POI MapID="1015" xpos="-56.5223" ypos="414.421" zpos="-278.572" type="tw_guides.tw_lws2.tw_lws2_silverwastes.tw_lws2_silverwastes_chestfarm.tw_lws2_silverwastes_chestfarm_chest" GUID="WqZTqOQwFk+qmDLmtDwEOw=="/>
		<POI MapID="1015" xpos="26.9066" ypos="413.657" zpos="-283.599" type="tw_guides.tw_lws2.tw_lws2_silverwastes.tw_lws2_silverwastes_chestfarm.tw_lws2_silverwastes_chestfarm_chest" GUID="3mSAi+XqXEStadirxkCJQA=="/>
		<POI MapID="1015" xpos="-20.1354" ypos="413.819" zpos="-269.051" type="tw_guides.tw_lws2.tw_lws2_silverwastes.tw_lws2_silverwastes_chestfarm.tw_lws2_silverwastes_chestfarm_chest" GUID="WZfs/jAfNEedf+DVhjHxIQ=="/>
		<POI MapID="1015" xpos="-58.1556" ypos="413.854" zpos="-225.45" type="tw_guides.tw_lws2.tw_lws2_silverwastes.tw_lws2_silverwastes_chestfarm.tw_lws2_silverwastes_chestfarm_chest" GUID="zLMt+zuyxUebvfMc6hJnZw=="/>
		<POI MapID="1015" xpos="-75.0924" ypos="415.516" zpos="-190.47" type="tw_guides.tw_lws2.tw_lws2_silverwastes.tw_lws2_silverwastes_chestfarm.tw_lws2_silverwastes_chestfarm_chest" GUID="WKiB9QUCY06vTp5N/KlTRg=="/>
		<POI MapID="1015" xpos="-90.3555" ypos="414.523" zpos="-151.803" type="tw_guides.tw_lws2.tw_lws2_silverwastes.tw_lws2_silverwastes_chestfarm.tw_lws2_silverwastes_chestfarm_chest" GUID="InxQEPbWNU++AuvGR3mToA=="/>
		<POI MapID="1015" xpos="-40.3626" ypos="414.646" zpos="-180.836" type="tw_guides.tw_lws2.tw_lws2_silverwastes.tw_lws2_silverwastes_chestfarm.tw_lws2_silverwastes_chestfarm_chest" GUID="27dICkjoa0eVdSP9piWWbA=="/>
		<POI MapID="1015" xpos="5.86378" ypos="412.809" zpos="-216.758" type="tw_guides.tw_lws2.tw_lws2_silverwastes.tw_lws2_silverwastes_chestfarm.tw_lws2_silverwastes_chestfarm_chest" GUID="8PXZuMniCUGncMoCNa7pTA=="/>
		<POI MapID="1015" xpos="60.7465" ypos="413.899" zpos="-179.178" type="tw_guides.tw_lws2.tw_lws2_silverwastes.tw_lws2_silverwastes_chestfarm.tw_lws2_silverwastes_chestfarm_chest" GUID="0F98vRT7KkyqPMxKfgSUuQ=="/>
		<POI MapID="1015" xpos="77.9305" ypos="413.752" zpos="-269.579" type="tw_guides.tw_lws2.tw_lws2_silverwastes.tw_lws2_silverwastes_chestfarm.tw_lws2_silverwastes_chestfarm_chest" GUID="UtM/ErGwjEur8JgkcUJDFA=="/>
		<POI MapID="1015" xpos="174.822" ypos="412.799" zpos="-206.367" type="tw_guides.tw_lws2.tw_lws2_silverwastes.tw_lws2_silverwastes_chestfarm.tw_lws2_silverwastes_chestfarm_chest" GUID="cP1RZRx2SUOPbrzzhGTH5w=="/>
		<POI MapID="1015" xpos="201.828" ypos="414.066" zpos="-262.301" type="tw_guides.tw_lws2.tw_lws2_silverwastes.tw_lws2_silverwastes_chestfarm.tw_lws2_silverwastes_chestfarm_chest" GUID="H0xBYkmUr0iGmZBcnQk6qg=="/>
		<POI MapID="1015" xpos="102.708" ypos="413.538" zpos="-309.009" type="tw_guides.tw_lws2.tw_lws2_silverwastes.tw_lws2_silverwastes_chestfarm.tw_lws2_silverwastes_chestfarm_chest" GUID="P5cISHpZwkiCEnKSr1LeZg=="/>
		<POI MapID="1015" xpos="63.0363" ypos="414.286" zpos="-340.583" type="tw_guides.tw_lws2.tw_lws2_silverwastes.tw_lws2_silverwastes_chestfarm.tw_lws2_silverwastes_chestfarm_chest" GUID="o91V4lnwTE6aR0RthR3bdw=="/>
		<POI MapID="1015" xpos="120.008" ypos="413.508" zpos="-413.941" type="tw_guides.tw_lws2.tw_lws2_silverwastes.tw_lws2_silverwastes_chestfarm.tw_lws2_silverwastes_chestfarm_chest" GUID="CfO+/DAwrE+G4mo+CxEFhg=="/>
		<POI MapID="1015" xpos="154.448" ypos="413.616" zpos="-407.256" type="tw_guides.tw_lws2.tw_lws2_silverwastes.tw_lws2_silverwastes_chestfarm.tw_lws2_silverwastes_chestfarm_chest" GUID="oopyI6InzE6ktfa79E3wDg=="/>
		<POI MapID="1015" xpos="225.186" ypos="413.225" zpos="-400.313" type="tw_guides.tw_lws2.tw_lws2_silverwastes.tw_lws2_silverwastes_chestfarm.tw_lws2_silverwastes_chestfarm_chest" GUID="/ARahxdH40iX5J1+ynhcQA=="/>
		<POI MapID="1015" xpos="278.837" ypos="412.733" zpos="-392.203" type="tw_guides.tw_lws2.tw_lws2_silverwastes.tw_lws2_silverwastes_chestfarm.tw_lws2_silverwastes_chestfarm_chest" GUID="RyveZOOyAEiJZ4U47JzolQ=="/>
		<POI MapID="1015" xpos="386.849" ypos="412.372" zpos="-312.783" type="tw_guides.tw_lws2.tw_lws2_silverwastes.tw_lws2_silverwastes_chestfarm.tw_lws2_silverwastes_chestfarm_chest" GUID="EfU0jcGbGkC03mV6dhhNkQ=="/>
		<POI MapID="1015" xpos="387.638" ypos="413.471" zpos="-270.342" type="tw_guides.tw_lws2.tw_lws2_silverwastes.tw_lws2_silverwastes_chestfarm.tw_lws2_silverwastes_chestfarm_chest" GUID="rJ524I0zNEmMXWlstk0EDw=="/>
		<POI MapID="1015" xpos="430.107" ypos="413.475" zpos="-398.225" type="tw_guides.tw_lws2.tw_lws2_silverwastes.tw_lws2_silverwastes_chestfarm.tw_lws2_silverwastes_chestfarm_chest" GUID="Sm4uS2MTzkiutZyXeHC8Sg=="/>
		<POI MapID="1015" xpos="502.009" ypos="405.123" zpos="-277.352" type="tw_guides.tw_lws2.tw_lws2_silverwastes.tw_lws2_silverwastes_chestfarm.tw_lws2_silverwastes_chestfarm_chest" GUID="s1z67AmJH0GfDO23QCOo+g=="/>
		<POI MapID="1015" xpos="525.417" ypos="416.311" zpos="-355.515" type="tw_guides.tw_lws2.tw_lws2_silverwastes.tw_lws2_silverwastes_chestfarm.tw_lws2_silverwastes_chestfarm_chest" GUID="FNEE4kMPGEq5Jr1FmXj+Jg=="/>
		<POI MapID="1015" xpos="561.276" ypos="416.794" zpos="-389.493" type="tw_guides.tw_lws2.tw_lws2_silverwastes.tw_lws2_silverwastes_chestfarm.tw_lws2_silverwastes_chestfarm_chest" GUID="LDBDNOT4qEi5+ELElqlGbw=="/>
		<POI MapID="1015" xpos="575.696" ypos="416.682" zpos="-358.186" type="tw_guides.tw_lws2.tw_lws2_silverwastes.tw_lws2_silverwastes_chestfarm.tw_lws2_silverwastes_chestfarm_chest" GUID="oqKgcue31Uy4pJ8kUVNIqA=="/>
		<POI MapID="1015" xpos="506.114" ypos="415.475" zpos="-137.774" type="tw_guides.tw_lws2.tw_lws2_silverwastes.tw_lws2_silverwastes_chestfarm.tw_lws2_silverwastes_chestfarm_chest" GUID="nfP2uWfltkC2lXxohbfOrw=="/>
		<POI MapID="1015" xpos="417.726" ypos="411.808" zpos="-109.366" type="tw_guides.tw_lws2.tw_lws2_silverwastes.tw_lws2_silverwastes_chestfarm.tw_lws2_silverwastes_chestfarm_chest" GUID="zw9LLvUMsEWdlnKxbza9Ew=="/>
		<POI MapID="1015" xpos="410.603" ypos="410.637" zpos="-99.8387" type="tw_guides.tw_lws2.tw_lws2_silverwastes.tw_lws2_silverwastes_chestfarm.tw_lws2_silverwastes_chestfarm_chest" GUID="m7Dul7NnLkaacoyjxbNGaw=="/>
		<POI MapID="1015" xpos="398.972" ypos="407.939" zpos="-84.8505" type="tw_guides.tw_lws2.tw_lws2_silverwastes.tw_lws2_silverwastes_chestfarm.tw_lws2_silverwastes_chestfarm_chest" GUID="eywAlagiUEKxFy6teV4kTQ=="/>
		<POI MapID="1015" xpos="388.455" ypos="409.336" zpos="-70.8992" type="tw_guides.tw_lws2.tw_lws2_silverwastes.tw_lws2_silverwastes_chestfarm.tw_lws2_silverwastes_chestfarm_chest" GUID="l3HQVc6zd0aQ2DEcrPqWYw=="/>
		<POI MapID="1015" xpos="323.759" ypos="396.214" zpos="-77.4282" type="tw_guides.tw_lws2.tw_lws2_silverwastes.tw_lws2_silverwastes_chestfarm.tw_lws2_silverwastes_chestfarm_chest" GUID="qj23QbxIyUSlUk/eoLaeVw=="/>
		<POI MapID="1015" xpos="476.617" ypos="370.922" zpos="10.0562" type="tw_guides.tw_lws2.tw_lws2_silverwastes.tw_lws2_silverwastes_chestfarm.tw_lws2_silverwastes_chestfarm_chest" GUID="ng08OObUvUyZFrrMLv5SxQ=="/>
		<POI MapID="1015" xpos="494.108" ypos="370.79" zpos="34.7495" type="tw_guides.tw_lws2.tw_lws2_silverwastes.tw_lws2_silverwastes_chestfarm.tw_lws2_silverwastes_chestfarm_chest" GUID="5vh7ikZhQ0amjB26E6QuLA=="/>
		<POI MapID="1015" xpos="569.82" ypos="372.314" zpos="-20.8051" type="tw_guides.tw_lws2.tw_lws2_silverwastes.tw_lws2_silverwastes_chestfarm.tw_lws2_silverwastes_chestfarm_chest" GUID="A3tqCxuW5EmtC5wO2RcNPA=="/>
		<POI MapID="1015" xpos="399.686" ypos="370.644" zpos="64.1991" type="tw_guides.tw_lws2.tw_lws2_silverwastes.tw_lws2_silverwastes_chestfarm.tw_lws2_silverwastes_chestfarm_chest" GUID="mgq5gsWpzUadzxHFdHTOuw=="/>
		<POI MapID="1015" xpos="365.08" ypos="373.683" zpos="57.5572" type="tw_guides.tw_lws2.tw_lws2_silverwastes.tw_lws2_silverwastes_chestfarm.tw_lws2_silverwastes_chestfarm_chest" GUID="WKZFfYTZJ0miCpLmw6dCWA=="/>
		<POI MapID="1015" xpos="346.89" ypos="370.779" zpos="38.1334" type="tw_guides.tw_lws2.tw_lws2_silverwastes.tw_lws2_silverwastes_chestfarm.tw_lws2_silverwastes_chestfarm_chest" GUID="xEfdMeMv+kaSHLvqY+/WZQ=="/>
		<POI MapID="1015" xpos="327.479" ypos="378.506" zpos="-24.7216" type="tw_guides.tw_lws2.tw_lws2_silverwastes.tw_lws2_silverwastes_chestfarm.tw_lws2_silverwastes_chestfarm_chest" GUID="ruvtUW5b+0iZivy9ShttcQ=="/>
		<POI MapID="1015" xpos="272.256" ypos="371.599" zpos="37.1076" type="tw_guides.tw_lws2.tw_lws2_silverwastes.tw_lws2_silverwastes_chestfarm.tw_lws2_silverwastes_chestfarm_chest" GUID="Yig/I4ok/E6cKVpHVXe6Gw=="/>
		<POI MapID="1015" xpos="292.223" ypos="372.182" zpos="69.0516" type="tw_guides.tw_lws2.tw_lws2_silverwastes.tw_lws2_silverwastes_chestfarm.tw_lws2_silverwastes_chestfarm_chest" GUID="sifxbmLDjEyjDTgvwqTcNA=="/>
		<POI MapID="1015" xpos="241.277" ypos="371.278" zpos="63.3386" type="tw_guides.tw_lws2.tw_lws2_silverwastes.tw_lws2_silverwastes_chestfarm.tw_lws2_silverwastes_chestfarm_chest" GUID="YF2R++rJq0WYAVDFVqsJsA=="/>
		<POI MapID="1015" xpos="201.23" ypos="373.362" zpos="26.8965" type="tw_guides.tw_lws2.tw_lws2_silverwastes.tw_lws2_silverwastes_chestfarm.tw_lws2_silverwastes_chestfarm_chest" GUID="W1YyflMLz0emhaPBoo6dPg=="/>
		<POI MapID="1015" xpos="190.326" ypos="372.186" zpos="-10.0115" type="tw_guides.tw_lws2.tw_lws2_silverwastes.tw_lws2_silverwastes_chestfarm.tw_lws2_silverwastes_chestfarm_chest" GUID="keR6q/3b60KROOrcliJ/8Q=="/>
		<POI MapID="1015" xpos="197.47" ypos="412.919" zpos="-81.4064" type="tw_guides.tw_lws2.tw_lws2_silverwastes.tw_lws2_silverwastes_chestfarm.tw_lws2_silverwastes_chestfarm_chest" GUID="Xo/jTk5Tf0WNYkOiBb6KRQ=="/>
		<POI MapID="1015" xpos="135.377" ypos="418.627" zpos="-0.902252" type="tw_guides.tw_lws2.tw_lws2_silverwastes.tw_lws2_silverwastes_chestfarm.tw_lws2_silverwastes_chestfarm_chest" GUID="8cy9Xcpo9EKRXGDhKPuBwA=="/>
		<POI MapID="1015" xpos="155.617" ypos="413.902" zpos="19.4266" type="tw_guides.tw_lws2.tw_lws2_silverwastes.tw_lws2_silverwastes_chestfarm.tw_lws2_silverwastes_chestfarm_chest" GUID="jYsUz88ovkWBp6yezZZeJw=="/>
		<POI MapID="1015" xpos="220.083" ypos="413.337" zpos="89.6986" type="tw_guides.tw_lws2.tw_lws2_silverwastes.tw_lws2_silverwastes_chestfarm.tw_lws2_silverwastes_chestfarm_chest" GUID="QZfIa2OyskWXIklNDAeGUQ=="/>
		<POI MapID="1015" xpos="210.582" ypos="413.374" zpos="132.619" type="tw_guides.tw_lws2.tw_lws2_silverwastes.tw_lws2_silverwastes_chestfarm.tw_lws2_silverwastes_chestfarm_chest" GUID="kPhal9IiYEmbcNEeYQmnww=="/>
		<POI MapID="1015" xpos="155.261" ypos="414.091" zpos="126.691" type="tw_guides.tw_lws2.tw_lws2_silverwastes.tw_lws2_silverwastes_chestfarm.tw_lws2_silverwastes_chestfarm_chest" GUID="yvR6dHgRMUm0vhjfvz8wHw=="/>
		<POI MapID="1015" xpos="122.088" ypos="425.637" zpos="64.7768" type="tw_guides.tw_lws2.tw_lws2_silverwastes.tw_lws2_silverwastes_chestfarm.tw_lws2_silverwastes_chestfarm_chest" GUID="QefgiIwPj0O9rCzvw1N/1w=="/>
		<POI MapID="1015" xpos="98.3173" ypos="415.643" zpos="94.1749" type="tw_guides.tw_lws2.tw_lws2_silverwastes.tw_lws2_silverwastes_chestfarm.tw_lws2_silverwastes_chestfarm_chest" GUID="yeiB47R8IEu2p5Kmu4VV7w=="/>
		<POI MapID="1015" xpos="67.2583" ypos="418.877" zpos="59.9236" type="tw_guides.tw_lws2.tw_lws2_silverwastes.tw_lws2_silverwastes_chestfarm.tw_lws2_silverwastes_chestfarm_chest" GUID="6xL6E5/t6Ei+T8XeC94gzg=="/>
		<POI MapID="1015" xpos="65.9315" ypos="415.505" zpos="18.484" type="tw_guides.tw_lws2.tw_lws2_silverwastes.tw_lws2_silverwastes_chestfarm.tw_lws2_silverwastes_chestfarm_chest" GUID="j/SHmwKwK0yZ2myxhjtgsQ=="/>
		<POI MapID="1015" xpos="26.9602" ypos="415.961" zpos="51.0875" type="tw_guides.tw_lws2.tw_lws2_silverwastes.tw_lws2_silverwastes_chestfarm.tw_lws2_silverwastes_chestfarm_chest" GUID="hqfqQ8VoTk2nP+/22huzAw=="/>
		<POI MapID="1015" xpos="56.6509" ypos="418.655" zpos="105.702" type="tw_guides.tw_lws2.tw_lws2_silverwastes.tw_lws2_silverwastes_chestfarm.tw_lws2_silverwastes_chestfarm_chest" GUID="O7q70pgebEyIplCJCJxQ2A=="/>
		<POI MapID="1015" xpos="22.7762" ypos="418.13" zpos="130.359" type="tw_guides.tw_lws2.tw_lws2_silverwastes.tw_lws2_silverwastes_chestfarm.tw_lws2_silverwastes_chestfarm_chest" GUID="nXNpP80JYkK+cIO1Rihnww=="/>
		<POI MapID="1015" xpos="13.2633" ypos="416.783" zpos="157.435" type="tw_guides.tw_lws2.tw_lws2_silverwastes.tw_lws2_silverwastes_chestfarm.tw_lws2_silverwastes_chestfarm_chest" GUID="RM5N859y3k6u5f/2RLZ5OA=="/>
		<POI MapID="1015" xpos="1.35147" ypos="418.054" zpos="100.528" type="tw_guides.tw_lws2.tw_lws2_silverwastes.tw_lws2_silverwastes_chestfarm.tw_lws2_silverwastes_chestfarm_chest" GUID="kX2NZO84DEu1LNF2ZG6tVA=="/>
		<POI MapID="1015" xpos="-29.1085" ypos="416.912" zpos="56.208" type="tw_guides.tw_lws2.tw_lws2_silverwastes.tw_lws2_silverwastes_chestfarm.tw_lws2_silverwastes_chestfarm_chest" GUID="hHlfVEzVjkaTtx2VDkWI5g=="/>
		<POI MapID="1015" xpos="-114.566" ypos="415.552" zpos="43.5704" type="tw_guides.tw_lws2.tw_lws2_silverwastes.tw_lws2_silverwastes_chestfarm.tw_lws2_silverwastes_chestfarm_chest" GUID="urCvK0m/w0O335lkjTLHDw=="/>
		<POI MapID="1015" xpos="-128.22" ypos="412.962" zpos="91.1375" type="tw_guides.tw_lws2.tw_lws2_silverwastes.tw_lws2_silverwastes_chestfarm.tw_lws2_silverwastes_chestfarm_chest" GUID="4/WmrZB460GG3o4+gAPrYQ=="/>
		<POI MapID="1015" xpos="-77.2376" ypos="410.514" zpos="97.1862" type="tw_guides.tw_lws2.tw_lws2_silverwastes.tw_lws2_silverwastes_chestfarm.tw_lws2_silverwastes_chestfarm_chest" GUID="FS5dsB9RMkqQvP0m0l/h1A=="/>
		<POI MapID="1015" xpos="-62.1557" ypos="403.161" zpos="173.609" type="tw_guides.tw_lws2.tw_lws2_silverwastes.tw_lws2_silverwastes_chestfarm.tw_lws2_silverwastes_chestfarm_chest" GUID="plpzM08ikEGwGzLP/975uw=="/>
		<POI MapID="1015" xpos="-24.3309" ypos="403.713" zpos="199.738" type="tw_guides.tw_lws2.tw_lws2_silverwastes.tw_lws2_silverwastes_chestfarm.tw_lws2_silverwastes_chestfarm_chest" GUID="GfG6+gCM6Uus8/J0OS0h/Q=="/>
		<POI MapID="1015" xpos="-44.3057" ypos="403.203" zpos="213.809" type="tw_guides.tw_lws2.tw_lws2_silverwastes.tw_lws2_silverwastes_chestfarm.tw_lws2_silverwastes_chestfarm_chest" GUID="ES0m5tqcJE+pX/dkaO2kAQ=="/>
		<POI MapID="1015" xpos="-80.4923" ypos="418.309" zpos="188.843" type="tw_guides.tw_lws2.tw_lws2_silverwastes.tw_lws2_silverwastes_chestfarm.tw_lws2_silverwastes_chestfarm_chest" GUID="urJAyw/8Vka1pgRHVZ5/yA=="/>
		<POI MapID="1015" xpos="-62.8693" ypos="415.388" zpos="204.566" type="tw_guides.tw_lws2.tw_lws2_silverwastes.tw_lws2_silverwastes_chestfarm.tw_lws2_silverwastes_chestfarm_chest" GUID="wFYAIiibwk2ozmABOVhrZw=="/>
		<POI MapID="1015" xpos="-117.933" ypos="417.387" zpos="245.304" type="tw_guides.tw_lws2.tw_lws2_silverwastes.tw_lws2_silverwastes_chestfarm.tw_lws2_silverwastes_chestfarm_chest" GUID="iiIHYBK/t0mAPGEtVynI9w=="/>
		<POI MapID="1015" xpos="-174.419" ypos="417.81" zpos="268.63" type="tw_guides.tw_lws2.tw_lws2_silverwastes.tw_lws2_silverwastes_chestfarm.tw_lws2_silverwastes_chestfarm_chest" GUID="UZVZMea2e0O0cdxCZPTjVw=="/>
		<POI MapID="1015" xpos="-205.013" ypos="417.668" zpos="233.262" type="tw_guides.tw_lws2.tw_lws2_silverwastes.tw_lws2_silverwastes_chestfarm.tw_lws2_silverwastes_chestfarm_chest" GUID="8domx2Z7Rk+ENZeCLk5AZw=="/>
		<POI MapID="1015" xpos="-265.807" ypos="420.197" zpos="293.996" type="tw_guides.tw_lws2.tw_lws2_silverwastes.tw_lws2_silverwastes_chestfarm.tw_lws2_silverwastes_chestfarm_chest" GUID="0jsbRG16FUO9HO5cfc6TGw=="/>
		<POI MapID="1015" xpos="-274.637" ypos="418.863" zpos="219.804" type="tw_guides.tw_lws2.tw_lws2_silverwastes.tw_lws2_silverwastes_chestfarm.tw_lws2_silverwastes_chestfarm_chest" GUID="LY9JVYLF8U+8dfOnP2Sxlg=="/>
		<POI MapID="1015" xpos="-367.968" ypos="421.226" zpos="214.456" type="tw_guides.tw_lws2.tw_lws2_silverwastes.tw_lws2_silverwastes_chestfarm.tw_lws2_silverwastes_chestfarm_chest" GUID="4Z/e1BuNm0KYOqnfSfVspg=="/>
		<POI MapID="1015" xpos="-391.39" ypos="428.195" zpos="166.204" type="tw_guides.tw_lws2.tw_lws2_silverwastes.tw_lws2_silverwastes_chestfarm.tw_lws2_silverwastes_chestfarm_chest" GUID="c1KX/GzIy0Wnr21CmVEcgw=="/>
		<POI MapID="1015" xpos="-441.86" ypos="424.765" zpos="204.805" type="tw_guides.tw_lws2.tw_lws2_silverwastes.tw_lws2_silverwastes_chestfarm.tw_lws2_silverwastes_chestfarm_chest" GUID="Cvzz2aXouU6MboEE7iB3SQ=="/>
		<POI MapID="1015" xpos="-412.751" ypos="441.055" zpos="119.728" type="tw_guides.tw_lws2.tw_lws2_silverwastes.tw_lws2_silverwastes_chestfarm.tw_lws2_silverwastes_chestfarm_chest" GUID="bFudSRgnjkycfAZPF0ghbw=="/>
		<POI MapID="1015" xpos="-318.84" ypos="438.091" zpos="44.4306" type="tw_guides.tw_lws2.tw_lws2_silverwastes.tw_lws2_silverwastes_chestfarm.tw_lws2_silverwastes_chestfarm_chest" GUID="hCez+vAHgEC75g9yjKYYzg=="/>
		<POI MapID="1015" xpos="-280.661" ypos="422.907" zpos="94.08" type="tw_guides.tw_lws2.tw_lws2_silverwastes.tw_lws2_silverwastes_chestfarm.tw_lws2_silverwastes_chestfarm_chest" GUID="iIc//CzxqECs2JQq9JZkqw=="/>
		<POI MapID="1015" xpos="-206.293" ypos="416.378" zpos="89.3302" type="tw_guides.tw_lws2.tw_lws2_silverwastes.tw_lws2_silverwastes_chestfarm.tw_lws2_silverwastes_chestfarm_chest" GUID="gT2rahDbcU2bDs/iqUW+lw=="/>
		<POI MapID="1015" xpos="-215.549" ypos="417.89" zpos="53.5434" type="tw_guides.tw_lws2.tw_lws2_silverwastes.tw_lws2_silverwastes_chestfarm.tw_lws2_silverwastes_chestfarm_chest" GUID="EbYtN0/tMUev1l1WGXDZWQ=="/>
		<POI MapID="1015" xpos="-222.117" ypos="416.157" zpos="34.2275" type="tw_guides.tw_lws2.tw_lws2_silverwastes.tw_lws2_silverwastes_chestfarm.tw_lws2_silverwastes_chestfarm_chest" GUID="rPclz9tuV0S12aK+/KTZ4g=="/>
		<POI MapID="1015" xpos="-173.399" ypos="417.915" zpos="36.7387" type="tw_guides.tw_lws2.tw_lws2_silverwastes.tw_lws2_silverwastes_chestfarm.tw_lws2_silverwastes_chestfarm_chest" GUID="YTm8U48tIkWiaJV68sD/vg=="/>
		<POI MapID="1015" xpos="-194.203" ypos="415.488" zpos="-14.6474" type="tw_guides.tw_lws2.tw_lws2_silverwastes.tw_lws2_silverwastes_chestfarm.tw_lws2_silverwastes_chestfarm_chest" GUID="YRVE73a+QEuZQTX6/9nERw=="/>
		<POI MapID="1015" xpos="-188.832" ypos="415.265" zpos="-63.8023" type="tw_guides.tw_lws2.tw_lws2_silverwastes.tw_lws2_silverwastes_chestfarm.tw_lws2_silverwastes_chestfarm_chest" GUID="wy4u4YZdd0SMrCBzFqnaFA=="/>
		<POI MapID="1015" xpos="-230.845" ypos="412.391" zpos="-52.6102" type="tw_guides.tw_lws2.tw_lws2_silverwastes.tw_lws2_silverwastes_chestfarm.tw_lws2_silverwastes_chestfarm_chest" GUID="F9rpyakhnEG7dQKugCVCvQ=="/>
		<POI MapID="1015" xpos="-166.856" ypos="414.168" zpos="-130.474" type="tw_guides.tw_lws2.tw_lws2_silverwastes.tw_lws2_silverwastes_chestfarm.tw_lws2_silverwastes_chestfarm_chest" GUID="JIRH85asFE+frJ61QDAs7w=="/>
		<POI MapID="1015" xpos="-231.292" ypos="415.29" zpos="-95.5832" type="tw_guides.tw_lws2.tw_lws2_silverwastes.tw_lws2_silverwastes_chestfarm.tw_lws2_silverwastes_chestfarm_chest" GUID="eESKCUtSX0KlLUUxEsDg6A=="/>
		<POI MapID="1015" xpos="-249.529" ypos="416.198" zpos="-110.626" type="tw_guides.tw_lws2.tw_lws2_silverwastes.tw_lws2_silverwastes_chestfarm.tw_lws2_silverwastes_chestfarm_chest" GUID="V7pSDJaNCkCBM2a6V4UdHQ=="/>
		<POI MapID="1015" xpos="-257.732" ypos="416.725" zpos="-74.2064" type="tw_guides.tw_lws2.tw_lws2_silverwastes.tw_lws2_silverwastes_chestfarm.tw_lws2_silverwastes_chestfarm_chest" GUID="S2tOWeA0hEGA8dIzgmRdUw=="/>
		<POI MapID="1015" xpos="-225.394" ypos="416.135" zpos="-143.008" type="tw_guides.tw_lws2.tw_lws2_silverwastes.tw_lws2_silverwastes_chestfarm.tw_lws2_silverwastes_chestfarm_chest" GUID="DKpL6K9dcE2pnAaSdLrX/A=="/>
		<POI MapID="1015" xpos="-235.124" ypos="419.426" zpos="-166.785" type="tw_guides.tw_lws2.tw_lws2_silverwastes.tw_lws2_silverwastes_chestfarm.tw_lws2_silverwastes_chestfarm_chest" GUID="uUyadaA/8ky81HV/yfLg4w=="/>
		<POI MapID="1015" xpos="-286.997" ypos="415.874" zpos="-209.218" type="tw_guides.tw_lws2.tw_lws2_silverwastes.tw_lws2_silverwastes_chestfarm.tw_lws2_silverwastes_chestfarm_chest" GUID="ZxKt2e07XkWUMoMf6wSbYA=="/>
		<POI MapID="1015" xpos="-314.466" ypos="417.752" zpos="-175.393" type="tw_guides.tw_lws2.tw_lws2_silverwastes.tw_lws2_silverwastes_chestfarm.tw_lws2_silverwastes_chestfarm_chest" GUID="Oa+n4PqKPUGP/jC+mYQJkQ=="/>
		<POI MapID="1015" xpos="-326.686" ypos="416.042" zpos="-204.312" type="tw_guides.tw_lws2.tw_lws2_silverwastes.tw_lws2_silverwastes_chestfarm.tw_lws2_silverwastes_chestfarm_chest" GUID="2OtnbI4oWkOjkAhdx2xQFA=="/>
		<POI MapID="1015" xpos="-190.354" ypos="416.418" zpos="-221.353" type="tw_guides.tw_lws2.tw_lws2_silverwastes.tw_lws2_silverwastes_chestfarm.tw_lws2_silverwastes_chestfarm_chest" GUID="opa4uj1HU0S+VC/suHTvgg=="/>
		<POI MapID="1015" xpos="-105.774" ypos="414.802" zpos="-295.833" type="tw_guides.tw_lws2.tw_lws2_silverwastes.tw_lws2_silverwastes_chestfarm.tw_lws2_silverwastes_chestfarm_chest" GUID="LKMveBjN1kO/xV6T1VPqLQ=="/>
		<POI MapID="1015" xpos="-4.5734" ypos="413.269" zpos="-338.729" type="tw_guides.tw_lws2.tw_lws2_silverwastes.tw_lws2_silverwastes_chestfarm.tw_lws2_silverwastes_chestfarm_chest" GUID="W3QD+1IEfk6dxNyMOGLspw=="/>
		<POI MapID="1015" xpos="191.85" ypos="415.628" zpos="-69.167" type="tw_guides.tw_lws2.tw_lws2_silverwastes.tw_lws2_silverwastes_chestfarm.tw_lws2_silverwastes_chestfarm_chest" GUID="6fZPRU+Ypk6eZV5RCzwf5A=="/>
		<POI MapID="1015" xpos="117.84" ypos="414.665" zpos="-333.958" type="tw_guides.tw_lws2.tw_lws2_silverwastes.tw_lws2_silverwastes_chestfarm.tw_lws2_silverwastes_chestfarm_chest" GUID="MkBPxwsvS0KhL0GdtMLUDQ=="/>
		<POI MapID="1015" xpos="75.5686" ypos="414.284" zpos="-372.127" type="tw_guides.tw_lws2.tw_lws2_silverwastes.tw_lws2_silverwastes_chestfarm.tw_lws2_silverwastes_chestfarm_chest" GUID="sHwuNLnKr0edyWlHOc8XPw=="/>
		<POI MapID="1015" xpos="298.79" ypos="413.06" zpos="-339.888" type="tw_guides.tw_lws2.tw_lws2_silverwastes.tw_lws2_silverwastes_chestfarm.tw_lws2_silverwastes_chestfarm_chest" GUID="3nKxnaDS8Euq0xxE+Wet1A=="/>
		<POI MapID="1015" xpos="404.004" ypos="413.493" zpos="-354.065" type="tw_guides.tw_lws2.tw_lws2_silverwastes.tw_lws2_silverwastes_chestfarm.tw_lws2_silverwastes_chestfarm_chest" GUID="tK9D6cvDZ06YHPVM0Vwu2A=="/>
		<POI MapID="1015" xpos="589.957" ypos="414.797" zpos="-154.59" type="tw_guides.tw_lws2.tw_lws2_silverwastes.tw_lws2_silverwastes_chestfarm.tw_lws2_silverwastes_chestfarm_chest" GUID="ldsjT7TxAEeCvwTa4UcbSA=="/>
		<POI MapID="1015" xpos="333.579" ypos="412.294" zpos="-300.496" type="tw_guides.tw_lws2.tw_lws2_silverwastes.tw_lws2_silverwastes_chestfarm.tw_lws2_silverwastes_chestfarm_chest" GUID="R5Bgyp+XYkeCL9kS/toVcA=="/>
		<POI MapID="1015" xpos="-358.783" ypos="448.377" zpos="147.537" type="tw_guides.tw_lws2.tw_lws2_silverwastes.tw_lws2_silverwastes_chestfarm.tw_lws2_silverwastes_chestfarm_chest" GUID="GhxGEvNMd0qUADUmG7pImg=="/>
		<POI MapID="1015" xpos="53.3242" ypos="412.665" zpos="-228.834" type="tw_guides.tw_lws2.tw_lws2_silverwastes.tw_lws2_silverwastes_chestfarm.tw_lws2_silverwastes_chestfarm_chest" GUID="kN69bfJ8BECjWnVz/Oowlw=="/>
		<POI MapID="1015" xpos="-87.1333" ypos="413.543" zpos="-346.947" type="tw_guides.tw_lws2.tw_lws2_silverwastes.tw_lws2_silverwastes_chestfarm.tw_lws2_silverwastes_chestfarm_chest" GUID="cbyl7Fcb/U+LGdgVarmIfQ=="/>
		<POI MapID="1015" xpos="149.774" ypos="413.404" zpos="-263.639" type="tw_guides.tw_lws2.tw_lws2_silverwastes.tw_lws2_silverwastes_chestfarm.tw_lws2_silverwastes_chestfarm_chest" GUID="XI2bYuFYj0CavAiMtRVHsw=="/>
		<POI MapID="1015" xpos="393.306" ypos="402.09" zpos="-31.8357" type="tw_guides.tw_lws2.tw_lws2_silverwastes.tw_lws2_silverwastes_chestfarm.tw_lws2_silverwastes_chestfarm_chest" GUID="eA6eOSeizEe8GE12hVPj8Q=="/>
		<POI MapID="1015" xpos="-219.634" ypos="416.763" zpos="-189.402" type="tw_guides.tw_lws2.tw_lws2_silverwastes.tw_lws2_silverwastes_chestfarm.tw_lws2_silverwastes_chestfarm_chest" GUID="fHPXiDSzJ0yoYge2diw2JQ=="/>
		<Trail type="tw_guides.tw_lws2.tw_lws2_silverwastes.tw_lws2_silverwastes_chestfarm.tw_lws2_silverwastes_chestfarm_toggletrail" GUID="xQ24rD3/8UmwOkOskPPxNg==" fadeNear="5000" fadeFar="5100" trailData="Data/TekkitsWorkshop/LWS2/Silverwastes/tw_lws2_silverwastes_chestfarm_toggletrail.trl" animSpeed="0" texture="Data/TekkitsWorkshop/General/tw_trail_b.png"/>
	</POIs>
</OverlayData>
