<OverlayData>
	<MarkerCategory name="tw_guides" DisplayName="Tekkit's Guides">
		<MarkerCategory name="tw_lws4" DisplayName="Season 4">
			<MarkerCategory name="tw_lws4_domainofkourna" DisplayName="Domain of Kourna">
				<MarkerCategory name="separatordok1" IsSeparator="1" DisplayName="&lt;-----[FARMING]-----&gt;"/>
				<MarkerCategory name="tw_lws4_domainofkourna_kournansupplycaches" DisplayName="Kournan Supply Caches">
					<MarkerCategory name="tw_lws4_domainofkourna_kournansupplycaches_kournansupplycache" DisplayName="Kournan Supply Caches" mapDisplaySize="30" iconFile="Data/TekkitsWorkshop/LWS4/DomainOfKourna/tw_lws4_domainofkourna_kournansupplycaches_kournansupplycache.png" iconSize="1" fadeNear="5000" fadeFar="5100" heightOffset="1.5" behavior="6" minSize="10"/>
					<MarkerCategory name="tw_lws4_domainofkourna_kournansupplycaches_toggletrails" DisplayName="Toggle Trails">
						<MarkerCategory name="tw_lws4_domainofkourna_kournansupplycaches_toggletrailp1" DisplayName="Toggle Trail Part 1"/>
						<MarkerCategory name="tw_lws4_domainofkourna_kournansupplycaches_toggletrailp2" DisplayName="Toggle Trail Part 2"/>
						<MarkerCategory name="tw_lws4_domainofkourna_kournansupplycaches_toggletrailp3" DisplayName="Toggle Trail Part 3"/>
					</MarkerCategory>
					<MarkerCategory name="tw_lws4_domainofkourna_kournansupplycaches_signs" DisplayName="Toggle Signs">
						<MarkerCategory name="tw_lws4_domainofkourna_kournansupplycaches_startsign1" DisplayName="Starting Sign Part 1" mapDisplaySize="130" iconFile="Data/TekkitsWorkshop/LWS4/DomainOfKourna/tw_lws4_domainofkourna_kournansupplycaches_startsign1.png" iconSize="2" fadeNear="5000" fadeFar="5100" heightOffset="2.5"/>
						<MarkerCategory name="tw_lws4_domainofkourna_kournansupplycaches_startsign2" DisplayName="Starting Sign Part 2" mapDisplaySize="130" iconFile="Data/TekkitsWorkshop/LWS4/DomainOfKourna/tw_lws4_domainofkourna_kournansupplycaches_startsign2.png" iconSize="2" fadeNear="5000" fadeFar="5100" heightOffset="2.5"/>
						<MarkerCategory name="tw_lws4_domainofkourna_kournansupplycaches_startsign3" DisplayName="Starting Sign Part 3" mapDisplaySize="130" iconFile="Data/TekkitsWorkshop/LWS4/DomainOfKourna/tw_lws4_domainofkourna_kournansupplycaches_startsign3.png" iconSize="2" fadeNear="5000" fadeFar="5100" heightOffset="2.5"/>
						<MarkerCategory name="tw_lws4_domainofkourna_kournansupplycaches_teleport1" DisplayName="Teleport Sign 1" miniMapVisibility="0" mapVisibility="0" iconFile="Data/TekkitsWorkshop/LWS4/DomainOfKourna/tw_lws4_domainofkourna_kournansupplycaches_teleport1.png" iconSize="2" fadeNear="5000" fadeFar="5100" heightOffset="2.5"/>
						<MarkerCategory name="tw_lws4_domainofkourna_kournansupplycaches_teleport2" DisplayName="Teleport Sign 2" miniMapVisibility="0" mapVisibility="0" iconFile="Data/TekkitsWorkshop/LWS4/DomainOfKourna/tw_lws4_domainofkourna_kournansupplycaches_teleport2.png" iconSize="2" fadeNear="5000" fadeFar="5100" heightOffset="2.5"/>
						<MarkerCategory name="tw_lws4_domainofkourna_kournansupplycaches_finish" DisplayName="Finish Sign" mapDisplaySize="80" iconFile="Data/TekkitsWorkshop/General/tw_trail_finish_b.png" iconSize="1.2" fadeNear="5000" fadeFar="5100" heightOffset="2.5" minSize="50"/>
					</MarkerCategory>
				</MarkerCategory>
				<MarkerCategory name="tw_lws4_domainofkourna_beetlecrystals" DisplayName="Volatile Crystals" mapDisplaySize="30" iconFile="Data/TekkitsWorkshop/LWS4/DomainOfKourna/tw_lws4_domainofkourna_beetlecrystals.png" iconSize="0.5" fadeNear="5000" fadeFar="5100" heightOffset="0.5" minSize="10"/>
				<MarkerCategory name="tw_lws4_domainofkourna_kournanchests" DisplayName="Kournan Chests" mapDisplaySize="30" iconFile="Data/TekkitsWorkshop/LWS4/DomainOfKourna/tw_lws4_domainofkourna_kournanchests.png" iconSize="0.5" fadeNear="5000" fadeFar="5100" heightOffset="1.5" behavior="6" minSize="10"/>
				<MarkerCategory name="tw_lws4_domainofkourna_tradecache" DisplayName="Trade Cache" mapDisplaySize="30" iconFile="Data/TekkitsWorkshop/General/tw_pof_tradechest.png" iconSize="1" fadeNear="5000" fadeFar="5100" heightOffset="1.5" behavior="6" minSize="10"/>
				<MarkerCategory name="tw_lws4_domainofkourna_sandpile" DisplayName="Sand Pile" mapDisplaySize="30" iconFile="Data/TekkitsWorkshop/General/tw_pof_sandpile.png" iconSize="0.5" fadeNear="5000" fadeFar="5100" heightOffset="1.5" behavior="6" minSize="10"/>
				<MarkerCategory name="separatordok2" IsSeparator="1" DisplayName="&lt;-----[EXPLORATION]-----&gt;"/>
				<MarkerCategory name="tw_lws4_domainofkourna_rollerbeetlecollection" DisplayName="Roller Beetle Collection">
					<MarkerCategory name="tw_lws4_domainofkourna_rollerbeetlecollection_beetlejuice" DisplayName="Collection 1 - Beelte Juice" mapDisplaySize="30" iconFile="Data/TekkitsWorkshop/LWS4/DomainOfKourna/tw_lws4_domainofkourna_rollerbeetlecollection_beetlejuice.png" iconSize="1" heightOffset="0.5" behavior="3" minSize="10"/>
					<MarkerCategory name="tw_lws4_domainofkourna_rollerbeetlecollection_beetlesaddle" DisplayName="Collection 2 - Beelte Saddle" mapDisplaySize="30" iconFile="Data/TekkitsWorkshop/LWS4/DomainOfKourna/tw_lws4_domainofkourna_rollerbeetlecollection_beetlesaddle.png" iconSize="1" heightOffset="0.5" behavior="3" minSize="10"/>
					<MarkerCategory name="tw_lws4_domainofkourna_rollerbeetlecollection_beetlefeed" DisplayName="Collection 3 - Beelte Feed" mapDisplaySize="30" iconFile="Data/TekkitsWorkshop/LWS4/DomainOfKourna/tw_lws4_domainofkourna_rollerbeetlecollection_beetlefeed.png" iconSize="1" heightOffset="0.5" behavior="3" minSize="10"/>
				</MarkerCategory>
				<MarkerCategory name="tw_lws4_domainofkourna_masterypoint" DisplayName="Mastery Points" mapDisplaySize="50" iconFile="Data/TekkitsWorkshop/General/tw_masterypoint.png" iconSize="0.7" heightOffset="1.5" minSize="10"/>
				<MarkerCategory name="tw_lws4_domainofkourna_beetlebarricades" DisplayName="Beetle Barricades" mapDisplaySize="30" iconFile="Data/TekkitsWorkshop/LWS4/DomainOfKourna/tw_lws4_domainofkourna_beetlebarricades.png" iconSize="0.5" fadeNear="5000" fadeFar="5100" heightOffset="0.5" minSize="10"/>
				<MarkerCategory name="tw_lws4_domainofkourna_sandportals" DisplayName="Sand Portals">
					<MarkerCategory name="tw_lws4_domainofkourna_sandportals_sandportal" DisplayName="Toggle Portals" mapDisplaySize="30" iconFile="Data/TekkitsWorkshop/General/tw_trail_entrance.png" iconSize="0.5" fadeNear="5000" fadeFar="5100" heightOffset="1.5" minSize="10"/>
					<MarkerCategory name="tw_lws4_domainofkourna_sandportals_toggletrail" DisplayName="Toggle Trail"/>
				</MarkerCategory>
			</MarkerCategory>
		</MarkerCategory>
	</MarkerCategory>
	<POIs>
		<POI MapID="1288" xpos="-611.323" ypos="50.3463" zpos="894.809" type="tw_guides.tw_lws4.tw_lws4_domainofkourna.tw_lws4_domainofkourna_rollerbeetlecollection.tw_lws4_domainofkourna_rollerbeetlecollection_beetlejuice" GUID="/eeDEo5bI0OqtQrKusChFg=="/>
		<POI MapID="1288" xpos="-655.459" ypos="29.4405" zpos="717.391" type="tw_guides.tw_lws4.tw_lws4_domainofkourna.tw_lws4_domainofkourna_rollerbeetlecollection.tw_lws4_domainofkourna_rollerbeetlecollection_beetlejuice" GUID="I2cCfBXqBkGwD7IJyOb3dQ=="/>
		<POI MapID="1288" xpos="117.532" ypos="0.490071" zpos="1090.83" type="tw_guides.tw_lws4.tw_lws4_domainofkourna.tw_lws4_domainofkourna_rollerbeetlecollection.tw_lws4_domainofkourna_rollerbeetlecollection_beetlejuice" GUID="vE01j8yAl0+SUToHJwaTAg=="/>
		<POI MapID="1288" xpos="424.346" ypos="35.1362" zpos="1196.92" type="tw_guides.tw_lws4.tw_lws4_domainofkourna.tw_lws4_domainofkourna_rollerbeetlecollection.tw_lws4_domainofkourna_rollerbeetlecollection_beetlejuice" GUID="sanlcc5MrUOR8UsrVARjZQ=="/>
		<POI MapID="1288" xpos="380.43" ypos="15.1116" zpos="1148.3" type="tw_guides.tw_lws4.tw_lws4_domainofkourna.tw_lws4_domainofkourna_rollerbeetlecollection.tw_lws4_domainofkourna_rollerbeetlecollection_beetlejuice" GUID="QWr/rQfr6keeEqm9Y/o5hg=="/>
		<POI MapID="1288" xpos="-814.026" ypos="22.354" zpos="567.695" type="tw_guides.tw_lws4.tw_lws4_domainofkourna.tw_lws4_domainofkourna_rollerbeetlecollection.tw_lws4_domainofkourna_rollerbeetlecollection_beetlejuice" GUID="ZNXbLRsCSUKg7DH+iPRb3A=="/>
		<POI MapID="1288" xpos="272.143" ypos="2.67222" zpos="681.793" type="tw_guides.tw_lws4.tw_lws4_domainofkourna.tw_lws4_domainofkourna_rollerbeetlecollection.tw_lws4_domainofkourna_rollerbeetlecollection_beetlejuice" GUID="lnEUa5LLiUqKITxrt6Zq5Q=="/>
		<POI MapID="1288" xpos="-796.534" ypos="1.26444" zpos="75.2942" type="tw_guides.tw_lws4.tw_lws4_domainofkourna.tw_lws4_domainofkourna_kournansupplycaches.tw_lws4_domainofkourna_kournansupplycaches_kournansupplycache" GUID="dsinIeUSEU+C5PON+MOFwg=="/>
		<POI MapID="1288" xpos="-869.265" ypos="19.4355" zpos="-49.8765" type="tw_guides.tw_lws4.tw_lws4_domainofkourna.tw_lws4_domainofkourna_kournansupplycaches.tw_lws4_domainofkourna_kournansupplycaches_kournansupplycache" GUID="xYA3vatFe0WsVjWbV+AJKQ=="/>
		<POI MapID="1288" xpos="-969.013" ypos="6.93135" zpos="-421.1" type="tw_guides.tw_lws4.tw_lws4_domainofkourna.tw_lws4_domainofkourna_kournansupplycaches.tw_lws4_domainofkourna_kournansupplycaches_kournansupplycache" GUID="uzqxYqJt+EGedPqk19O5hA=="/>
		<POI MapID="1288" xpos="-720.169" ypos="18.6043" zpos="-372.846" type="tw_guides.tw_lws4.tw_lws4_domainofkourna.tw_lws4_domainofkourna_sandpile" GUID="awVIlfDHg0i7ZSspCcGyHA=="/>
		<POI MapID="1288" xpos="-654.193" ypos="25.2855" zpos="-356.632" type="tw_guides.tw_lws4.tw_lws4_domainofkourna.tw_lws4_domainofkourna_kournanchests" GUID="tybZVD4e5UKuftOtiw2BmA=="/>
		<POI MapID="1288" xpos="-578.535" ypos="22.2602" zpos="-310.545" type="tw_guides.tw_lws4.tw_lws4_domainofkourna.tw_lws4_domainofkourna_kournanchests" GUID="NVM/+MgBAEqOMJdw/i5zoQ=="/>
		<POI MapID="1288" xpos="-473.374" ypos="1.01268" zpos="-190.019" type="tw_guides.tw_lws4.tw_lws4_domainofkourna.tw_lws4_domainofkourna_kournansupplycaches.tw_lws4_domainofkourna_kournansupplycaches_kournansupplycache" GUID="CP0kPWyb2kqMNTb6nCAlmQ=="/>
		<POI MapID="1288" xpos="-448.606" ypos="1.51569" zpos="-168.31" type="tw_guides.tw_lws4.tw_lws4_domainofkourna.tw_lws4_domainofkourna_sandpile" GUID="c2ZERNPUCEiciM6mtTnQhw=="/>
		<POI MapID="1288" xpos="-691.659" ypos="19.9561" zpos="-90.4722" type="tw_guides.tw_lws4.tw_lws4_domainofkourna.tw_lws4_domainofkourna_tradecache" GUID="97y0EUyEOEy7WHnWSz65gw=="/>
		<POI MapID="1288" xpos="5.21604" ypos="-0.114943" zpos="-252.595" type="tw_guides.tw_lws4.tw_lws4_domainofkourna.tw_lws4_domainofkourna_sandpile" GUID="HRzQB1dtTkewycTirljY3g=="/>
		<POI MapID="1288" xpos="-178.016" ypos="3.83816" zpos="-515.024" type="tw_guides.tw_lws4.tw_lws4_domainofkourna.tw_lws4_domainofkourna_tradecache" GUID="vWdYJb7VqEWMnjcSbiJpqA=="/>
		<POI MapID="1288" xpos="171.54" ypos="25.4534" zpos="-350.015" type="tw_guides.tw_lws4.tw_lws4_domainofkourna.tw_lws4_domainofkourna_tradecache" GUID="4aRVALNEVkSWn/YkYJCjHA=="/>
		<POI MapID="1288" xpos="311.739" ypos="0.535011" zpos="-199.437" type="tw_guides.tw_lws4.tw_lws4_domainofkourna.tw_lws4_domainofkourna_sandpile" GUID="/6E8qnT5okeHgX18ut5idQ=="/>
		<POI MapID="1288" xpos="-2.04934" ypos="1.38425" zpos="171.836" type="tw_guides.tw_lws4.tw_lws4_domainofkourna.tw_lws4_domainofkourna_sandportals.tw_lws4_domainofkourna_sandportals_sandportal" GUID="p0kAUzZfhEuhQpT3L2qDNA=="/>
		<POI MapID="1288" xpos="89.9825" ypos="-0.69023" zpos="-52.8471" type="tw_guides.tw_lws4.tw_lws4_domainofkourna.tw_lws4_domainofkourna_sandportals.tw_lws4_domainofkourna_sandportals_sandportal" GUID="gN8R2Dws/Um5Etwe3WxTWg=="/>
		<POI MapID="1288" xpos="23.1477" ypos="3.25237" zpos="-83.7264" type="tw_guides.tw_lws4.tw_lws4_domainofkourna.tw_lws4_domainofkourna_kournansupplycaches.tw_lws4_domainofkourna_kournansupplycaches_kournansupplycache" GUID="XiNuN4eljE6dHLwsuOmdiA=="/>
		<POI MapID="1288" xpos="-725.315" ypos="2.94004" zpos="-136.62" type="tw_guides.tw_lws4.tw_lws4_domainofkourna.tw_lws4_domainofkourna_kournansupplycaches.tw_lws4_domainofkourna_kournansupplycaches_kournansupplycache" GUID="1Igrfnm1CkCrZXKo82chiQ=="/>
		<POI MapID="1288" xpos="428.344" ypos="-0.315333" zpos="75.3626" type="tw_guides.tw_lws4.tw_lws4_domainofkourna.tw_lws4_domainofkourna_sandpile" GUID="OEcU1A1asUqW67ez4jykcw=="/>
		<POI MapID="1288" xpos="462.906" ypos="0.689089" zpos="212.648" type="tw_guides.tw_lws4.tw_lws4_domainofkourna.tw_lws4_domainofkourna_kournansupplycaches.tw_lws4_domainofkourna_kournansupplycaches_kournansupplycache" GUID="wtdglAzh6kirswqkeyxOsw=="/>
		<POI MapID="1288" xpos="585.329" ypos="0.368106" zpos="389.843" type="tw_guides.tw_lws4.tw_lws4_domainofkourna.tw_lws4_domainofkourna_sandpile" GUID="sFc8xqai0k+TlCvWL8+UfQ=="/>
		<POI MapID="1288" xpos="249.067" ypos="10.5555" zpos="235.918" type="tw_guides.tw_lws4.tw_lws4_domainofkourna.tw_lws4_domainofkourna_kournansupplycaches.tw_lws4_domainofkourna_kournansupplycaches_kournansupplycache" GUID="N6Y1zvEISk63RGvLgnELoQ=="/>
		<POI MapID="1288" xpos="229.667" ypos="21.2538" zpos="428.038" type="tw_guides.tw_lws4.tw_lws4_domainofkourna.tw_lws4_domainofkourna_tradecache" GUID="SpZB00xovEuZJOOKyZhEVw=="/>
		<POI MapID="1288" xpos="303.149" ypos="25.6549" zpos="723.56" type="tw_guides.tw_lws4.tw_lws4_domainofkourna.tw_lws4_domainofkourna_tradecache" GUID="sqo6F+NvsE6CUce35QS9UA=="/>
		<POI MapID="1288" xpos="438.089" ypos="3.74335" zpos="861.822" type="tw_guides.tw_lws4.tw_lws4_domainofkourna.tw_lws4_domainofkourna_tradecache" GUID="LG0OR9byYUW1TZRLIDVADQ=="/>
		<POI MapID="1288" xpos="614.767" ypos="26.6639" zpos="681.195" type="tw_guides.tw_lws4.tw_lws4_domainofkourna.tw_lws4_domainofkourna_kournanchests" GUID="NyoL/UFC8UeIP1Q8rdFEew=="/>
		<POI MapID="1288" xpos="627.916" ypos="22.4465" zpos="696.701" type="tw_guides.tw_lws4.tw_lws4_domainofkourna.tw_lws4_domainofkourna_kournanchests" GUID="X+yOg3pdl02AY9PaRxjwNQ=="/>
		<POI MapID="1288" xpos="725.651" ypos="13.7172" zpos="727.033" type="tw_guides.tw_lws4.tw_lws4_domainofkourna.tw_lws4_domainofkourna_tradecache" GUID="tFuF+2rUnkesScfTV/IG0g=="/>
		<POI MapID="1288" xpos="807.906" ypos="57.2609" zpos="705.316" type="tw_guides.tw_lws4.tw_lws4_domainofkourna.tw_lws4_domainofkourna_kournansupplycaches.tw_lws4_domainofkourna_kournansupplycaches_kournansupplycache" GUID="ErJjIkyKh0qcgZjO0QVOHA=="/>
		<POI MapID="1288" xpos="686.694" ypos="43.3634" zpos="1025.17" type="tw_guides.tw_lws4.tw_lws4_domainofkourna.tw_lws4_domainofkourna_kournansupplycaches.tw_lws4_domainofkourna_kournansupplycaches_kournansupplycache" GUID="53TNc2TWqEiIZPfOSpTM4A=="/>
		<POI MapID="1288" xpos="570.352" ypos="17.7363" zpos="1050.97" type="tw_guides.tw_lws4.tw_lws4_domainofkourna.tw_lws4_domainofkourna_sandpile" GUID="ynTNCFWShUyePD8WV5Z/2g=="/>
		<POI MapID="1288" xpos="551.011" ypos="109.06" zpos="1265.24" type="tw_guides.tw_lws4.tw_lws4_domainofkourna.tw_lws4_domainofkourna_kournansupplycaches.tw_lws4_domainofkourna_kournansupplycaches_kournansupplycache" GUID="3QayCsYw50CFhIYJrHijAA=="/>
		<POI MapID="1288" xpos="456.078" ypos="144.167" zpos="1396.43" type="tw_guides.tw_lws4.tw_lws4_domainofkourna.tw_lws4_domainofkourna_sandpile" GUID="YZhGz8UT7Ee2TQ2wIVm42Q=="/>
		<POI MapID="1288" xpos="393.352" ypos="17.0674" zpos="1252.47" type="tw_guides.tw_lws4.tw_lws4_domainofkourna.tw_lws4_domainofkourna_kournansupplycaches.tw_lws4_domainofkourna_kournansupplycaches_kournansupplycache" GUID="r7QzNO1J2EuTmGWSO3Hj1g=="/>
		<POI MapID="1288" xpos="388.111" ypos="17.3234" zpos="1253.71" type="tw_guides.tw_lws4.tw_lws4_domainofkourna.tw_lws4_domainofkourna_kournansupplycaches.tw_lws4_domainofkourna_kournansupplycaches_kournansupplycache" GUID="d6QWPfZFPE6gYNpeKWTQog=="/>
		<POI MapID="1288" xpos="462.025" ypos="6.68554" zpos="993.386" type="tw_guides.tw_lws4.tw_lws4_domainofkourna.tw_lws4_domainofkourna_tradecache" GUID="MAqPhwF+tU+UCQEZuJw3Pg=="/>
		<POI MapID="1288" xpos="462.408" ypos="12.1022" zpos="653.935" type="tw_guides.tw_lws4.tw_lws4_domainofkourna.tw_lws4_domainofkourna_kournansupplycaches.tw_lws4_domainofkourna_kournansupplycaches_kournansupplycache" GUID="qxIghtPFg02mtA6k4TL+qA=="/>
		<POI MapID="1288" xpos="138.857" ypos="13.6364" zpos="911.987" type="tw_guides.tw_lws4.tw_lws4_domainofkourna.tw_lws4_domainofkourna_tradecache" GUID="zsuIZdduQ0KsxWDSEZZO3Q=="/>
		<POI MapID="1288" xpos="-8.71085" ypos="25.7426" zpos="1012.47" type="tw_guides.tw_lws4.tw_lws4_domainofkourna.tw_lws4_domainofkourna_kournansupplycaches.tw_lws4_domainofkourna_kournansupplycaches_kournansupplycache" GUID="EWgVZkw3M0Cln8PjoRrJ/Q=="/>
		<POI MapID="1288" xpos="1.77879" ypos="18.8649" zpos="1028.28" type="tw_guides.tw_lws4.tw_lws4_domainofkourna.tw_lws4_domainofkourna_tradecache" GUID="LZNnUM6fV0qMYOHqBP/+6w=="/>
		<POI MapID="1288" xpos="181.024" ypos="44.7571" zpos="556.614" type="tw_guides.tw_lws4.tw_lws4_domainofkourna.tw_lws4_domainofkourna_kournansupplycaches.tw_lws4_domainofkourna_kournansupplycaches_kournansupplycache" GUID="YTAI1nMn0Uuo4sM29qnkBg=="/>
		<POI MapID="1288" xpos="-132.208" ypos="31.1371" zpos="336.333" type="tw_guides.tw_lws4.tw_lws4_domainofkourna.tw_lws4_domainofkourna_sandportals.tw_lws4_domainofkourna_sandportals_sandportal" GUID="8gJDIGOmj0+Q9GVF9USHcg=="/>
		<POI MapID="1288" xpos="370.506" ypos="1.26961" zpos="252.278" type="tw_guides.tw_lws4.tw_lws4_domainofkourna.tw_lws4_domainofkourna_tradecache" GUID="yPfai3YXB0uLkBih49sJ+g=="/>
		<POI MapID="1288" xpos="492.66" ypos="5.61626" zpos="494.995" type="tw_guides.tw_lws4.tw_lws4_domainofkourna.tw_lws4_domainofkourna_kournansupplycaches.tw_lws4_domainofkourna_kournansupplycaches_kournansupplycache" GUID="EcDtz88ma0GL4keGNa50SA=="/>
		<POI MapID="1288" xpos="515.886" ypos="0.296301" zpos="492.114" type="tw_guides.tw_lws4.tw_lws4_domainofkourna.tw_lws4_domainofkourna_sandpile" GUID="R9/ZjvWmhE+O+lOQ+O4CeA=="/>
		<POI MapID="1288" xpos="602.871" ypos="7.41231" zpos="469.973" type="tw_guides.tw_lws4.tw_lws4_domainofkourna.tw_lws4_domainofkourna_kournansupplycaches.tw_lws4_domainofkourna_kournansupplycaches_kournansupplycache" GUID="SLgfVUtwpUSaOa/2DS0gSA=="/>
		<POI MapID="1288" xpos="-154.591" ypos="15.6036" zpos="169.679" type="tw_guides.tw_lws4.tw_lws4_domainofkourna.tw_lws4_domainofkourna_kournansupplycaches.tw_lws4_domainofkourna_kournansupplycaches_kournansupplycache" GUID="WyWy297jH0yw7P2AfFsH3w=="/>
		<POI MapID="1288" xpos="-364.424" ypos="0.990329" zpos="200.471" type="tw_guides.tw_lws4.tw_lws4_domainofkourna.tw_lws4_domainofkourna_kournansupplycaches.tw_lws4_domainofkourna_kournansupplycaches_kournansupplycache" GUID="ux3VNk7iEUCJcWnZ6JMMIA=="/>
		<POI MapID="1288" xpos="-155.059" ypos="38.124" zpos="462.47" type="tw_guides.tw_lws4.tw_lws4_domainofkourna.tw_lws4_domainofkourna_kournansupplycaches.tw_lws4_domainofkourna_kournansupplycaches_kournansupplycache" GUID="xMc+DJtJnUi7oDbRwDX2pQ=="/>
		<POI MapID="1288" xpos="-7.68003" ypos="41.3047" zpos="673.629" type="tw_guides.tw_lws4.tw_lws4_domainofkourna.tw_lws4_domainofkourna_tradecache" GUID="fAUDjkqjWkaMZ6W50qjQfA=="/>
		<POI MapID="1288" xpos="-61.061" ypos="137.238" zpos="702.318" type="tw_guides.tw_lws4.tw_lws4_domainofkourna.tw_lws4_domainofkourna_kournansupplycaches.tw_lws4_domainofkourna_kournansupplycaches_kournansupplycache" GUID="p1Y9I85mcE+Qqu97mH+C0g=="/>
		<POI MapID="1288" xpos="38.819" ypos="178.14" zpos="644.938" type="tw_guides.tw_lws4.tw_lws4_domainofkourna.tw_lws4_domainofkourna_kournansupplycaches.tw_lws4_domainofkourna_kournansupplycaches_kournansupplycache" GUID="/uEo9oEm1UeB52X+j0mtXw=="/>
		<POI MapID="1288" xpos="-227.488" ypos="96.3669" zpos="530.948" type="tw_guides.tw_lws4.tw_lws4_domainofkourna.tw_lws4_domainofkourna_kournansupplycaches.tw_lws4_domainofkourna_kournansupplycaches_kournansupplycache" GUID="tCEwIaOFmUa77L9IhtIndQ=="/>
		<POI MapID="1288" xpos="-249.339" ypos="133.695" zpos="320.356" type="tw_guides.tw_lws4.tw_lws4_domainofkourna.tw_lws4_domainofkourna_kournansupplycaches.tw_lws4_domainofkourna_kournansupplycaches_kournansupplycache" GUID="C3eqEvXfKEGE96eaZrAczw=="/>
		<POI MapID="1288" xpos="-202.193" ypos="81.9171" zpos="146.906" type="tw_guides.tw_lws4.tw_lws4_domainofkourna.tw_lws4_domainofkourna_kournansupplycaches.tw_lws4_domainofkourna_kournansupplycaches_kournansupplycache" GUID="znXXZyPFFEmoMdLreUTwvw=="/>
		<POI MapID="1288" xpos="-433.052" ypos="6.83063" zpos="619.875" type="tw_guides.tw_lws4.tw_lws4_domainofkourna.tw_lws4_domainofkourna_kournansupplycaches.tw_lws4_domainofkourna_kournansupplycaches_kournansupplycache" GUID="UCgkIFMx10aujNKb4k80fg=="/>
		<POI MapID="1288" xpos="-413.163" ypos="1.82508" zpos="650.681" type="tw_guides.tw_lws4.tw_lws4_domainofkourna.tw_lws4_domainofkourna_sandpile" GUID="o8klQ6sSZ0Gi7Lrm1GJRlA=="/>
		<POI MapID="1288" xpos="-473.765" ypos="2.18275" zpos="783.026" type="tw_guides.tw_lws4.tw_lws4_domainofkourna.tw_lws4_domainofkourna_kournansupplycaches.tw_lws4_domainofkourna_kournansupplycaches_kournansupplycache" GUID="X88w1J0zNEKUrBS45DkcqQ=="/>
		<POI MapID="1288" xpos="-488.431" ypos="28.6631" zpos="807.789" type="tw_guides.tw_lws4.tw_lws4_domainofkourna.tw_lws4_domainofkourna_tradecache" GUID="/b5H37yxxke3LtESsQUYNg=="/>
		<POI MapID="1288" xpos="-379.46" ypos="14.1331" zpos="758.583" type="tw_guides.tw_lws4.tw_lws4_domainofkourna.tw_lws4_domainofkourna_sandpile" GUID="pL73TjVs0EyEL4Dq14XedA=="/>
		<POI MapID="1288" xpos="-171.279" ypos="17.0685" zpos="999.22" type="tw_guides.tw_lws4.tw_lws4_domainofkourna.tw_lws4_domainofkourna_kournansupplycaches.tw_lws4_domainofkourna_kournansupplycaches_kournansupplycache" GUID="kMX26RNs8kGK1QI8fmcaYA=="/>
		<POI MapID="1288" xpos="-299.626" ypos="26.231" zpos="1064.75" type="tw_guides.tw_lws4.tw_lws4_domainofkourna.tw_lws4_domainofkourna_kournansupplycaches.tw_lws4_domainofkourna_kournansupplycaches_kournansupplycache" GUID="9z8kmWHYBkqgK02tiPvd5A=="/>
		<POI MapID="1288" xpos="-241.797" ypos="28.2062" zpos="1171.06" type="tw_guides.tw_lws4.tw_lws4_domainofkourna.tw_lws4_domainofkourna_kournansupplycaches.tw_lws4_domainofkourna_kournansupplycaches_kournansupplycache" GUID="NTg86OGT9UO7CJUdt61yZg=="/>
		<POI MapID="1288" xpos="-154.804" ypos="-5.66342" zpos="1200.7" type="tw_guides.tw_lws4.tw_lws4_domainofkourna.tw_lws4_domainofkourna_kournansupplycaches.tw_lws4_domainofkourna_kournansupplycaches_kournansupplycache" GUID="w1opZmf5v0KEY4gHht9KSw=="/>
		<POI MapID="1288" xpos="-32.0859" ypos="6.91736" zpos="1326.7" type="tw_guides.tw_lws4.tw_lws4_domainofkourna.tw_lws4_domainofkourna_kournanchests" GUID="iIul696jq0W9HiNcQkknjQ=="/>
		<POI MapID="1288" xpos="-123.701" ypos="-8.5621" zpos="1361.03" type="tw_guides.tw_lws4.tw_lws4_domainofkourna.tw_lws4_domainofkourna_kournanchests" GUID="+2dK2S3tmkegv96OkjYl5g=="/>
		<POI MapID="1288" xpos="-241.533" ypos="7.79735" zpos="1328.65" type="tw_guides.tw_lws4.tw_lws4_domainofkourna.tw_lws4_domainofkourna_kournansupplycaches.tw_lws4_domainofkourna_kournansupplycaches_kournansupplycache" GUID="ZYSGzec+HEKnJ+PxMxZFxg=="/>
		<POI MapID="1288" xpos="-619.272" ypos="7.61723" zpos="406.43" type="tw_guides.tw_lws4.tw_lws4_domainofkourna.tw_lws4_domainofkourna_kournansupplycaches.tw_lws4_domainofkourna_kournansupplycaches_kournansupplycache" GUID="ZnNyl7LPikOU7SCgOrKQHw=="/>
		<POI MapID="1288" xpos="-596.76" ypos="53.575" zpos="374.316" type="tw_guides.tw_lws4.tw_lws4_domainofkourna.tw_lws4_domainofkourna_tradecache" GUID="Q5REiFu2wE+R/9/kM8VmEw=="/>
		<POI MapID="1288" xpos="-755.38" ypos="32.4762" zpos="102.677" type="tw_guides.tw_lws4.tw_lws4_domainofkourna.tw_lws4_domainofkourna_sandpile" GUID="EVt98Tl6OUmu00Qakjj3Jg=="/>
		<POI MapID="1288" xpos="-906.263" ypos="24.8905" zpos="401.706" type="tw_guides.tw_lws4.tw_lws4_domainofkourna.tw_lws4_domainofkourna_kournansupplycaches.tw_lws4_domainofkourna_kournansupplycaches_kournansupplycache" GUID="C/2He4jQL0SD9LOvZUAPVQ=="/>
		<POI MapID="1288" xpos="-1112.74" ypos="49.8191" zpos="488.888" type="tw_guides.tw_lws4.tw_lws4_domainofkourna.tw_lws4_domainofkourna_kournansupplycaches.tw_lws4_domainofkourna_kournansupplycaches_kournansupplycache" GUID="YqmUsMr/A0yO7qjlketVrw=="/>
		<POI MapID="1288" xpos="-724.694" ypos="68.4122" zpos="939.451" type="tw_guides.tw_lws4.tw_lws4_domainofkourna.tw_lws4_domainofkourna_sandportals.tw_lws4_domainofkourna_sandportals_sandportal" GUID="o92cyLuzYUGUUWMrbr93Sg=="/>
		<POI MapID="1288" xpos="-773.439" ypos="34.9641" zpos="988.846" type="tw_guides.tw_lws4.tw_lws4_domainofkourna.tw_lws4_domainofkourna_sandportals.tw_lws4_domainofkourna_sandportals_sandportal" GUID="MSRxdrQCJk+E7FnTWhFtpw=="/>
		<POI MapID="1288" xpos="-842.217" ypos="21.1818" zpos="1144.44" type="tw_guides.tw_lws4.tw_lws4_domainofkourna.tw_lws4_domainofkourna_sandpile" GUID="NTAPHzGBdE6pbddE+sI82g=="/>
		<POI MapID="1288" xpos="-1047.31" ypos="16.422" zpos="1118.34" type="tw_guides.tw_lws4.tw_lws4_domainofkourna.tw_lws4_domainofkourna_tradecache" GUID="meKNACdpM0+kygIsv6dfJA=="/>
		<POI MapID="1288" xpos="-1120.63" ypos="31.128" zpos="810.824" type="tw_guides.tw_lws4.tw_lws4_domainofkourna.tw_lws4_domainofkourna_sandpile" GUID="JghYx5xN1UCvEdQmRSOggw=="/>
		<POI MapID="1288" xpos="-945.217" ypos="-208.865" zpos="949.782" type="tw_guides.tw_lws4.tw_lws4_domainofkourna.tw_lws4_domainofkourna_kournanchests" GUID="mi1BmEsHM0mHURDd+gFNnQ=="/>
		<POI MapID="1288" xpos="-1030.25" ypos="-184.726" zpos="894.429" type="tw_guides.tw_lws4.tw_lws4_domainofkourna.tw_lws4_domainofkourna_kournanchests" GUID="jPoPZZNePUecNE6gIneXPw=="/>
		<POI MapID="1288" xpos="-937.317" ypos="123.639" zpos="847.301" type="tw_guides.tw_lws4.tw_lws4_domainofkourna.tw_lws4_domainofkourna_kournanchests" GUID="/ytAPzmeCkyiOlIP6ifKuQ=="/>
		<POI MapID="1288" xpos="-1129.85" ypos="54.5615" zpos="560.143" type="tw_guides.tw_lws4.tw_lws4_domainofkourna.tw_lws4_domainofkourna_kournansupplycaches.tw_lws4_domainofkourna_kournansupplycaches_kournansupplycache" GUID="W3mwmilhjE6Y0G9o9ATalQ=="/>
		<POI MapID="1288" xpos="-94.9352" ypos="4.38936" zpos="891.697" type="tw_guides.tw_lws4.tw_lws4_domainofkourna.tw_lws4_domainofkourna_kournansupplycaches.tw_lws4_domainofkourna_kournansupplycaches_kournansupplycache" GUID="D9p/HMh8q0mlMIX32FRP0Q=="/>
		<POI MapID="1288" xpos="13.736" ypos="151.443" zpos="561.18" type="tw_guides.tw_lws4.tw_lws4_domainofkourna.tw_lws4_domainofkourna_tradecache" GUID="+G7GLD+7MUW6Vj5iLZ8MBA=="/>
		<POI MapID="1288" xpos="318.009" ypos="20.5978" zpos="752.234" type="tw_guides.tw_lws4.tw_lws4_domainofkourna.tw_lws4_domainofkourna_kournansupplycaches.tw_lws4_domainofkourna_kournansupplycaches_kournansupplycache" GUID="S6r/SxMS40GwPmwBnA4RTA=="/>
		<POI MapID="1288" xpos="792.415" ypos="5.80889" zpos="835.693" type="tw_guides.tw_lws4.tw_lws4_domainofkourna.tw_lws4_domainofkourna_kournansupplycaches.tw_lws4_domainofkourna_kournansupplycaches_kournansupplycache" GUID="Ngy44w3Nf0KtVIAxYaOGMQ=="/>
		<POI MapID="1288" xpos="240.5" ypos="34.0036" zpos="220.156" type="tw_guides.tw_lws4.tw_lws4_domainofkourna.tw_lws4_domainofkourna_sandpile" GUID="mQsipJFh1E+gaW9JlXYbLw=="/>
		<POI MapID="1288" xpos="227.35" ypos="0.412349" zpos="419.991" type="tw_guides.tw_lws4.tw_lws4_domainofkourna.tw_lws4_domainofkourna_kournansupplycaches.tw_lws4_domainofkourna_kournansupplycaches_kournansupplycache" GUID="Dz8LwlJRE0KJxCirteODEw=="/>
		<POI MapID="1288" xpos="-6.54327" ypos="53.3666" zpos="595.253" type="tw_guides.tw_lws4.tw_lws4_domainofkourna.tw_lws4_domainofkourna_kournanchests" GUID="/0O0teuhp0C7dJcisqLvnw=="/>
		<POI MapID="1288" xpos="-6.9442" ypos="53.3532" zpos="593.777" type="tw_guides.tw_lws4.tw_lws4_domainofkourna.tw_lws4_domainofkourna_kournanchests" GUID="YSc0/pvePEiXWnf1N6+CdQ=="/>
		<POI MapID="1288" xpos="-34.0936" ypos="75.898" zpos="736.442" type="tw_guides.tw_lws4.tw_lws4_domainofkourna.tw_lws4_domainofkourna_kournansupplycaches.tw_lws4_domainofkourna_kournansupplycaches_kournansupplycache" GUID="svboSR3X0kSu3x+iPx2sHQ=="/>
		<POI MapID="1288" xpos="188.604" ypos="98.4222" zpos="1277.54" type="tw_guides.tw_lws4.tw_lws4_domainofkourna.tw_lws4_domainofkourna_kournansupplycaches.tw_lws4_domainofkourna_kournansupplycaches_kournansupplycache" GUID="TH9RGUogs0CO5GWRGnBPlQ=="/>
		<POI MapID="1288" xpos="-793.171" ypos="44.2335" zpos="839.1" type="tw_guides.tw_lws4.tw_lws4_domainofkourna.tw_lws4_domainofkourna_sandpile" GUID="6cOBbixA6US0b7arWwzq4g=="/>
		<POI MapID="1288" xpos="-628.456" ypos="20.0569" zpos="-306.981" type="tw_guides.tw_lws4.tw_lws4_domainofkourna.tw_lws4_domainofkourna_kournansupplycaches.tw_lws4_domainofkourna_kournansupplycaches_kournansupplycache" GUID="wp++GKB+tUCKW4qujQQASg=="/>
		<POI MapID="1288" xpos="45.3347" ypos="46.5125" zpos="36.8686" type="tw_guides.tw_lws4.tw_lws4_domainofkourna.tw_lws4_domainofkourna_sandpile" GUID="zhrdLNpgfU+x0O1bqcFObA=="/>
		<POI MapID="1288" xpos="-1079.97" ypos="9.90922" zpos="855.497" type="tw_guides.tw_lws4.tw_lws4_domainofkourna.tw_lws4_domainofkourna_sandpile" GUID="e9yWvrsUvU2ihdRKA4j8Kw=="/>
		<POI MapID="1288" xpos="-879.315" ypos="22.7627" zpos="879.095" type="tw_guides.tw_lws4.tw_lws4_domainofkourna.tw_lws4_domainofkourna_tradecache" GUID="un5syBQizkSPg08Wu0tXNQ=="/>
		<POI MapID="1288" xpos="-326.401" ypos="39.2296" zpos="361.938" type="tw_guides.tw_lws4.tw_lws4_domainofkourna.tw_lws4_domainofkourna_kournansupplycaches.tw_lws4_domainofkourna_kournansupplycaches_kournansupplycache" GUID="Zq9yHG/LGEm61VFM2ZKNHg=="/>
		<POI MapID="1288" xpos="-298.542" ypos="54.0832" zpos="380.17" type="tw_guides.tw_lws4.tw_lws4_domainofkourna.tw_lws4_domainofkourna_sandportals.tw_lws4_domainofkourna_sandportals_sandportal" GUID="CDjzO3Aqd0C1mPuTyD76Ww=="/>
		<POI MapID="1288" xpos="-499.397" ypos="3.27013" zpos="772.323" type="tw_guides.tw_lws4.tw_lws4_domainofkourna.tw_lws4_domainofkourna_beetlebarricades" GUID="v6H2nSSFPkuQO4oSyJKMXw=="/>
		<POI MapID="1288" xpos="-97.5705" ypos="77.8734" zpos="1194.93" type="tw_guides.tw_lws4.tw_lws4_domainofkourna.tw_lws4_domainofkourna_kournansupplycaches.tw_lws4_domainofkourna_kournansupplycaches_kournansupplycache" GUID="foE2PhU/V0W/10zPBjjwZw=="/>
		<POI MapID="1288" xpos="-185.312" ypos="5.08637" zpos="1337.81" type="tw_guides.tw_lws4.tw_lws4_domainofkourna.tw_lws4_domainofkourna_beetlebarricades" GUID="xAm6VZRHP02Aad3erRmoYQ=="/>
		<POI MapID="1288" xpos="529.007" ypos="-0.269366" zpos="202.934" type="tw_guides.tw_lws4.tw_lws4_domainofkourna.tw_lws4_domainofkourna_beetlebarricades" GUID="aVqJD8DbK0i0kvF4UZWFLA=="/>
		<POI MapID="1288" xpos="557.259" ypos="3.08417" zpos="211.97" type="tw_guides.tw_lws4.tw_lws4_domainofkourna.tw_lws4_domainofkourna_kournanchests" GUID="nwPDNqAdGEeti9s5/EqdZg=="/>
		<POI MapID="1288" xpos="560.52" ypos="3.09696" zpos="205.152" type="tw_guides.tw_lws4.tw_lws4_domainofkourna.tw_lws4_domainofkourna_kournanchests" GUID="AAQJRD4NykSyA0u7wqtaKg=="/>
		<POI MapID="1288" xpos="-11.2343" ypos="43.3154" zpos="700.854" type="tw_guides.tw_lws4.tw_lws4_domainofkourna.tw_lws4_domainofkourna_kournansupplycaches.tw_lws4_domainofkourna_kournansupplycaches_kournansupplycache" GUID="2JpiYzZg2E62n3QebxGu1A=="/>
		<POI MapID="1288" xpos="-204.654" ypos="16.7705" zpos="431.124" type="tw_guides.tw_lws4.tw_lws4_domainofkourna.tw_lws4_domainofkourna_beetlebarricades" GUID="XaCR0uFO8USJ1ty0hO4tqg=="/>
		<POI MapID="1288" xpos="-226.772" ypos="20.2524" zpos="410.608" type="tw_guides.tw_lws4.tw_lws4_domainofkourna.tw_lws4_domainofkourna_kournanchests" GUID="PBeRVkApSkWTq0hc2o7trg=="/>
		<POI MapID="1288" xpos="-215.467" ypos="19.1629" zpos="407.222" type="tw_guides.tw_lws4.tw_lws4_domainofkourna.tw_lws4_domainofkourna_kournanchests" GUID="qCbUpUzgN0aagU0trpI3yA=="/>
		<POI MapID="1288" xpos="-581.631" ypos="3.17141" zpos="482.355" type="tw_guides.tw_lws4.tw_lws4_domainofkourna.tw_lws4_domainofkourna_sandpile" GUID="rfoI7Ijm6Eu2PMmaHGyYeA=="/>
		<POI MapID="1288" xpos="-626.908" ypos="31.3284" zpos="139.321" type="tw_guides.tw_lws4.tw_lws4_domainofkourna.tw_lws4_domainofkourna_tradecache" GUID="O4U3IlIdKUKNfo+zjrb0Fw=="/>
		<POI MapID="1288" xpos="-972.38" ypos="41.2838" zpos="657.862" type="tw_guides.tw_lws4.tw_lws4_domainofkourna.tw_lws4_domainofkourna_beetlebarricades" GUID="6qfxMCOd+UC+/DDL2PBDgQ=="/>
		<POI MapID="1288" xpos="-1016.6" ypos="37.2166" zpos="680.209" type="tw_guides.tw_lws4.tw_lws4_domainofkourna.tw_lws4_domainofkourna_beetlebarricades" GUID="1hADpzXtrkKd/8+ZI1Gz5w=="/>
		<POI MapID="1288" xpos="-435.007" ypos="6.88662" zpos="1243.97" type="tw_guides.tw_lws4.tw_lws4_domainofkourna.tw_lws4_domainofkourna_beetlebarricades" GUID="rzgnLoj6VECPD6OaD+XKoQ=="/>
		<POI MapID="1288" xpos="-417.562" ypos="2.84479" zpos="1150.72" type="tw_guides.tw_lws4.tw_lws4_domainofkourna.tw_lws4_domainofkourna_sandpile" GUID="3Whss4z/GEm1efXfpwHLJg=="/>
		<POI MapID="1288" xpos="689.093" ypos="0.588334" zpos="755.854" type="tw_guides.tw_lws4.tw_lws4_domainofkourna.tw_lws4_domainofkourna_sandpile" GUID="7rziJ6ZxwEypgTmLKusT4A=="/>
		<POI MapID="1288" xpos="3.40418" ypos="0.0672437" zpos="343.675" type="tw_guides.tw_lws4.tw_lws4_domainofkourna.tw_lws4_domainofkourna_sandpile" GUID="QFWbyjFq+keM8DxJ2cAfdw=="/>
		<POI MapID="1288" xpos="-873.92" ypos="-15.3923" zpos="-369.884" type="tw_guides.tw_lws4.tw_lws4_domainofkourna.tw_lws4_domainofkourna_tradecache" GUID="SNzK0SnBp0KAapjiyfGf/w=="/>
		<POI MapID="1288" xpos="-952.058" ypos="64.8429" zpos="405.201" type="tw_guides.tw_lws4.tw_lws4_domainofkourna.tw_lws4_domainofkourna_tradecache" GUID="3ywLpD2gkEK77pih7poZmg=="/>
		<POI MapID="1288" xpos="414.328" ypos="0.825416" zpos="660.061" type="tw_guides.tw_lws4.tw_lws4_domainofkourna.tw_lws4_domainofkourna_sandpile" GUID="XlpXSZHTC0G7EdZVFR41lw=="/>
		<POI MapID="1288" xpos="450.963" ypos="2.00336" zpos="254.46" type="tw_guides.tw_lws4.tw_lws4_domainofkourna.tw_lws4_domainofkourna_rollerbeetlecollection.tw_lws4_domainofkourna_rollerbeetlecollection_beetlejuice" GUID="JKdSPj+is0uIyxokKyQcIg=="/>
		<POI MapID="1288" xpos="312.632" ypos="0.94351" zpos="381.389" type="tw_guides.tw_lws4.tw_lws4_domainofkourna.tw_lws4_domainofkourna_rollerbeetlecollection.tw_lws4_domainofkourna_rollerbeetlecollection_beetlejuice" GUID="I8b3XxPVyEC8jVTh7VgcOg=="/>
		<POI MapID="1288" xpos="642.396" ypos="53.2156" zpos="547.848" type="tw_guides.tw_lws4.tw_lws4_domainofkourna.tw_lws4_domainofkourna_beetlecrystals" GUID="Atjr/YXzaUGd2kqvqZvm5A=="/>
		<POI MapID="1288" xpos="546.824" ypos="22.734" zpos="833.918" type="tw_guides.tw_lws4.tw_lws4_domainofkourna.tw_lws4_domainofkourna_beetlecrystals" GUID="sDkGfOQ4wUCAbPIhrFYpFw=="/>
		<POI MapID="1288" xpos="359.246" ypos="24.4791" zpos="842.049" type="tw_guides.tw_lws4.tw_lws4_domainofkourna.tw_lws4_domainofkourna_beetlecrystals" GUID="yJpApt3FTkSI1m3kOzJIcw=="/>
		<POI MapID="1288" xpos="391.228" ypos="30.9341" zpos="429.439" type="tw_guides.tw_lws4.tw_lws4_domainofkourna.tw_lws4_domainofkourna_beetlecrystals" GUID="FU2rC9X2BEa4+E2++hE4bQ=="/>
		<POI MapID="1288" xpos="419.258" ypos="53.7512" zpos="335.058" type="tw_guides.tw_lws4.tw_lws4_domainofkourna.tw_lws4_domainofkourna_beetlecrystals" GUID="Kuo6IWyEqEulLYmeHlhl9w=="/>
		<POI MapID="1288" xpos="404.439" ypos="16.2283" zpos="588.875" type="tw_guides.tw_lws4.tw_lws4_domainofkourna.tw_lws4_domainofkourna_beetlecrystals" GUID="YBnfwjIQfE6Of5tDR34cvw=="/>
		<POI MapID="1288" xpos="362.058" ypos="29.249" zpos="757.124" type="tw_guides.tw_lws4.tw_lws4_domainofkourna.tw_lws4_domainofkourna_beetlecrystals" GUID="XMhu+MUZ0EOZruYJmrzG3w=="/>
		<POI MapID="1288" xpos="189.505" ypos="52.3102" zpos="794.348" type="tw_guides.tw_lws4.tw_lws4_domainofkourna.tw_lws4_domainofkourna_beetlecrystals" GUID="XYqu/6SLeUOACNV20M9WTA=="/>
		<POI MapID="1288" xpos="268.012" ypos="28.8806" zpos="878.483" type="tw_guides.tw_lws4.tw_lws4_domainofkourna.tw_lws4_domainofkourna_beetlecrystals" GUID="657tftFhG0K5nEVJpMzHjA=="/>
		<POI MapID="1288" xpos="340.487" ypos="13.4989" zpos="1002.5" type="tw_guides.tw_lws4.tw_lws4_domainofkourna.tw_lws4_domainofkourna_beetlecrystals" GUID="8IWicPVvHESbJ0V9jbAAmQ=="/>
		<POI MapID="1288" xpos="479.8" ypos="32.7646" zpos="1090.53" type="tw_guides.tw_lws4.tw_lws4_domainofkourna.tw_lws4_domainofkourna_kournansupplycaches.tw_lws4_domainofkourna_kournansupplycaches_kournansupplycache" GUID="H2ByOt4170+LeqL8c7LMYA=="/>
		<POI MapID="1288" xpos="276.861" ypos="30.079" zpos="1090.78" type="tw_guides.tw_lws4.tw_lws4_domainofkourna.tw_lws4_domainofkourna_beetlecrystals" GUID="0KSkqH7gukOLFa7a8fqXDA=="/>
		<POI MapID="1288" xpos="-326.303" ypos="17.2108" zpos="1327.11" type="tw_guides.tw_lws4.tw_lws4_domainofkourna.tw_lws4_domainofkourna_beetlecrystals" GUID="cD8xFwaTxUKg2884n8DDpg=="/>
		<POI MapID="1288" xpos="-501.707" ypos="34.1056" zpos="1137.12" type="tw_guides.tw_lws4.tw_lws4_domainofkourna.tw_lws4_domainofkourna_beetlecrystals" GUID="HmdXdsNpaECk0KlRz6306g=="/>
		<POI MapID="1288" xpos="-446.148" ypos="30.2253" zpos="326.845" type="tw_guides.tw_lws4.tw_lws4_domainofkourna.tw_lws4_domainofkourna_beetlecrystals" GUID="7JXfQdLwAUenlNoHKMc0DQ=="/>
		<POI MapID="1288" xpos="-154.103" ypos="18.0612" zpos="401.065" type="tw_guides.tw_lws4.tw_lws4_domainofkourna.tw_lws4_domainofkourna_beetlecrystals" GUID="fGZS3VCGHkOT8KbslD6dow=="/>
		<POI MapID="1288" xpos="-29.0568" ypos="28.4511" zpos="476.39" type="tw_guides.tw_lws4.tw_lws4_domainofkourna.tw_lws4_domainofkourna_beetlecrystals" GUID="dxgiSWDtBUum3LXKdQJm3w=="/>
		<POI MapID="1288" xpos="-67.6618" ypos="34.6878" zpos="578.606" type="tw_guides.tw_lws4.tw_lws4_domainofkourna.tw_lws4_domainofkourna_beetlecrystals" GUID="TAbTWMYeGkGNLFMnG44qLA=="/>
		<POI MapID="1288" xpos="47.1152" ypos="41.202" zpos="772.017" type="tw_guides.tw_lws4.tw_lws4_domainofkourna.tw_lws4_domainofkourna_beetlecrystals" GUID="MBFt82CaT06X0IILuUs/YA=="/>
		<POI MapID="1288" xpos="460.884" ypos="25.334" zpos="701.665" type="tw_guides.tw_lws4.tw_lws4_domainofkourna.tw_lws4_domainofkourna_beetlecrystals" GUID="ZdZfpTjek0GIL89uPdj3gw=="/>
		<POI MapID="1288" xpos="595.809" ypos="17.2277" zpos="738.19" type="tw_guides.tw_lws4.tw_lws4_domainofkourna.tw_lws4_domainofkourna_beetlecrystals" GUID="Cv+vfYe+akOvNL+Zr4f6Vw=="/>
		<POI MapID="1288" xpos="710.407" ypos="4.65504" zpos="808.04" type="tw_guides.tw_lws4.tw_lws4_domainofkourna.tw_lws4_domainofkourna_beetlecrystals" GUID="OVKLQWBdJ0uVXUVjQS+fCQ=="/>
		<POI MapID="1288" xpos="738.45" ypos="13.6658" zpos="879.217" type="tw_guides.tw_lws4.tw_lws4_domainofkourna.tw_lws4_domainofkourna_beetlecrystals" GUID="Nh4sL8GJQUyaD1jBfi0i3w=="/>
		<POI MapID="1288" xpos="614.251" ypos="10.4307" zpos="1007.75" type="tw_guides.tw_lws4.tw_lws4_domainofkourna.tw_lws4_domainofkourna_beetlecrystals" GUID="BoSonEV/j0m0oST9qymP8Q=="/>
		<POI MapID="1288" xpos="412.819" ypos="21.9255" zpos="941.122" type="tw_guides.tw_lws4.tw_lws4_domainofkourna.tw_lws4_domainofkourna_beetlecrystals" GUID="FlbVpLhyE0GcMk5nYcAQYA=="/>
		<POI MapID="1288" xpos="487.353" ypos="10.8263" zpos="1024.55" type="tw_guides.tw_lws4.tw_lws4_domainofkourna.tw_lws4_domainofkourna_beetlecrystals" GUID="AXy51QdsSkiSPZ7Wo3kEgw=="/>
		<POI MapID="1288" xpos="11.5931" ypos="16.8029" zpos="1028.25" type="tw_guides.tw_lws4.tw_lws4_domainofkourna.tw_lws4_domainofkourna_beetlecrystals" GUID="KMgtXCHQn0urynsC3RxaAQ=="/>
		<POI MapID="1288" xpos="51.2334" ypos="106.944" zpos="1201.38" type="tw_guides.tw_lws4.tw_lws4_domainofkourna.tw_lws4_domainofkourna_beetlecrystals" GUID="XAxaNgid/U2elee6icni7w=="/>
		<POI MapID="1288" xpos="96.6725" ypos="59.5894" zpos="1193.15" type="tw_guides.tw_lws4.tw_lws4_domainofkourna.tw_lws4_domainofkourna_beetlecrystals" GUID="99UWsBqvTkuwVhs09Drpfg=="/>
		<POI MapID="1288" xpos="597.368" ypos="123.436" zpos="1183.29" type="tw_guides.tw_lws4.tw_lws4_domainofkourna.tw_lws4_domainofkourna_beetlecrystals" GUID="VONhyM1QE06q1E4XZx238w=="/>
		<POI MapID="1288" xpos="89.3371" ypos="9.54808" zpos="890.704" type="tw_guides.tw_lws4.tw_lws4_domainofkourna.tw_lws4_domainofkourna_beetlecrystals" GUID="9BQHzpXslUSlpGnF/aPGSQ=="/>
		<POI MapID="1288" xpos="-255.765" ypos="24.437" zpos="920.848" type="tw_guides.tw_lws4.tw_lws4_domainofkourna.tw_lws4_domainofkourna_beetlecrystals" GUID="Iy/Hx/mFe0+rIakuknMnHw=="/>
		<POI MapID="1288" xpos="-477.934" ypos="19.0855" zpos="664.775" type="tw_guides.tw_lws4.tw_lws4_domainofkourna.tw_lws4_domainofkourna_beetlecrystals" GUID="i0+9x3m+9U23uGnf7A0/Tw=="/>
		<POI MapID="1288" xpos="-619.145" ypos="26.3273" zpos="590.4" type="tw_guides.tw_lws4.tw_lws4_domainofkourna.tw_lws4_domainofkourna_beetlecrystals" GUID="KEr2FH7AEkiNUuHiLp96bg=="/>
		<POI MapID="1288" xpos="238.635" ypos="47.0134" zpos="31.55" type="tw_guides.tw_lws4.tw_lws4_domainofkourna.tw_lws4_domainofkourna_beetlecrystals" GUID="ssDbhdFHW024V3+fsR2cCg=="/>
		<POI MapID="1288" xpos="240.845" ypos="51.9729" zpos="254.683" type="tw_guides.tw_lws4.tw_lws4_domainofkourna.tw_lws4_domainofkourna_beetlecrystals" GUID="v4qKqPHi/kGw1PmBGOgfrQ=="/>
		<POI MapID="1288" xpos="281.676" ypos="70.7102" zpos="560.181" type="tw_guides.tw_lws4.tw_lws4_domainofkourna.tw_lws4_domainofkourna_tradecache" GUID="lFNWgAwzzkmAZlrVSMPZ1A=="/>
		<POI MapID="1288" xpos="112.512" ypos="35.1035" zpos="509.571" type="tw_guides.tw_lws4.tw_lws4_domainofkourna.tw_lws4_domainofkourna_beetlecrystals" GUID="ubora8SFzUWy8i7tXJ6RoQ=="/>
		<POI MapID="1288" xpos="199.54" ypos="1.30018" zpos="1035.36" type="tw_guides.tw_lws4.tw_lws4_domainofkourna.tw_lws4_domainofkourna_beetlecrystals" GUID="nZw3ehgZw0KprcV/ZT0KeQ=="/>
		<POI MapID="1288" xpos="264.954" ypos="68.9726" zpos="1235.15" type="tw_guides.tw_lws4.tw_lws4_domainofkourna.tw_lws4_domainofkourna_beetlecrystals" GUID="CLGN+lcLOkySJOVHD39QYg=="/>
		<POI MapID="1288" xpos="135.394" ypos="47.8912" zpos="704.162" type="tw_guides.tw_lws4.tw_lws4_domainofkourna.tw_lws4_domainofkourna_beetlecrystals" GUID="zKvA5tNUdE6IxQuMmZu0+Q=="/>
		<POI MapID="1288" xpos="-164.77" ypos="1.19511" zpos="857.835" type="tw_guides.tw_lws4.tw_lws4_domainofkourna.tw_lws4_domainofkourna_beetlecrystals" GUID="BZ0IR6yMgEGfBQJCTCVpow=="/>
		<POI MapID="1288" xpos="-108.807" ypos="26.2124" zpos="304.533" type="tw_guides.tw_lws4.tw_lws4_domainofkourna.tw_lws4_domainofkourna_beetlecrystals" GUID="KQ5/SFr+zU6K/B4ytiKZ2g=="/>
		<POI MapID="1288" xpos="-85.0306" ypos="73.1625" zpos="153.311" type="tw_guides.tw_lws4.tw_lws4_domainofkourna.tw_lws4_domainofkourna_beetlecrystals" GUID="0zZv628rhU+lDURPWqNBWw=="/>
		<POI MapID="1288" xpos="-85.241" ypos="70.9849" zpos="157.833" type="tw_guides.tw_lws4.tw_lws4_domainofkourna.tw_lws4_domainofkourna_beetlecrystals" GUID="oXf7CctGDk6NIbg3S0Zn2A=="/>
		<POI MapID="1288" xpos="12.6274" ypos="23.1349" zpos="291.701" type="tw_guides.tw_lws4.tw_lws4_domainofkourna.tw_lws4_domainofkourna_beetlecrystals" GUID="5F9dU3uGtUiY35PnnZ1ouA=="/>
		<POI MapID="1288" xpos="-152.808" ypos="96.0647" zpos="505.26" type="tw_guides.tw_lws4.tw_lws4_domainofkourna.tw_lws4_domainofkourna_beetlecrystals" GUID="hEkPLsXZWEGjV4296sqs8Q=="/>
		<POI MapID="1288" xpos="-138.073" ypos="13.7526" zpos="1118.24" type="tw_guides.tw_lws4.tw_lws4_domainofkourna.tw_lws4_domainofkourna_beetlecrystals" GUID="7X50lqs5nESpU/cDRmRZbA=="/>
		<POI MapID="1288" xpos="-242.745" ypos="27.1875" zpos="1108.76" type="tw_guides.tw_lws4.tw_lws4_domainofkourna.tw_lws4_domainofkourna_beetlecrystals" GUID="/F/JOlcPj0K3A4L64KcRjg=="/>
		<POI MapID="1288" xpos="42.7822" ypos="23.4071" zpos="-650.396" type="tw_guides.tw_lws4.tw_lws4_domainofkourna.tw_lws4_domainofkourna_beetlebarricades" GUID="ZyRWiIaBA0e57YX5AVvxug=="/>
		<POI MapID="1288" xpos="-633.463" ypos="25.774" zpos="-113.969" type="tw_guides.tw_lws4.tw_lws4_domainofkourna.tw_lws4_domainofkourna_beetlecrystals" GUID="Wpnu13x2/kSfaFoVyMa7Cg=="/>
		<POI MapID="1288" xpos="-723.504" ypos="0.495725" zpos="-76.3621" type="tw_guides.tw_lws4.tw_lws4_domainofkourna.tw_lws4_domainofkourna_sandpile" GUID="1Z06ECbmi0yjD9E4Ca/w6g=="/>
		<POI MapID="1288" xpos="-614.97" ypos="0.598984" zpos="60.1808" type="tw_guides.tw_lws4.tw_lws4_domainofkourna.tw_lws4_domainofkourna_sandpile" GUID="kJEb1CjObkesdM5q/LWPzA=="/>
		<POI MapID="1288" xpos="-835.964" ypos="21.676" zpos="1095.13" type="tw_guides.tw_lws4.tw_lws4_domainofkourna.tw_lws4_domainofkourna_beetlecrystals" GUID="xAnNYhT5S0SSW+xAe4yTwQ=="/>
		<POI MapID="1288" xpos="-1058.68" ypos="5.84207" zpos="751.834" type="tw_guides.tw_lws4.tw_lws4_domainofkourna.tw_lws4_domainofkourna_beetlecrystals" GUID="XTISv3jZnka0uLRk0wAIAw=="/>
		<POI MapID="1288" xpos="-1069.51" ypos="54.3471" zpos="657.676" type="tw_guides.tw_lws4.tw_lws4_domainofkourna.tw_lws4_domainofkourna_beetlecrystals" GUID="5AcOGKHU0ECQ0davOiOYZg=="/>
		<POI MapID="1288" xpos="-261.537" ypos="94.9881" zpos="495.246" type="tw_guides.tw_lws4.tw_lws4_domainofkourna.tw_lws4_domainofkourna_beetlebarricades" GUID="NiK/OQVBfkGCWvK7RyoX9w=="/>
		<POI MapID="1288" xpos="-36.271" ypos="140.928" zpos="525.203" type="tw_guides.tw_lws4.tw_lws4_domainofkourna.tw_lws4_domainofkourna_beetlecrystals" GUID="8mEqcloCgEKW0Ry6UZUaBQ=="/>
		<POI MapID="1288" xpos="-4.88561" ypos="150.333" zpos="566.049" type="tw_guides.tw_lws4.tw_lws4_domainofkourna.tw_lws4_domainofkourna_beetlecrystals" GUID="wxhz74M6TEanFjC2NI/XHw=="/>
		<POI MapID="1288" xpos="-114.375" ypos="88.3142" zpos="680.557" type="tw_guides.tw_lws4.tw_lws4_domainofkourna.tw_lws4_domainofkourna_beetlebarricades" GUID="WkvjAP1GY0men/8Kht5/1Q=="/>
		<POI MapID="1288" xpos="-75.2553" ypos="88.6693" zpos="661.367" type="tw_guides.tw_lws4.tw_lws4_domainofkourna.tw_lws4_domainofkourna_kournanchests" GUID="671XxKCyc0qunUwFrt1VAw=="/>
		<POI MapID="1288" xpos="-74.5973" ypos="88.6742" zpos="654.064" type="tw_guides.tw_lws4.tw_lws4_domainofkourna.tw_lws4_domainofkourna_kournanchests" GUID="3AhUtvGq9k2045DGZ6PQrg=="/>
		<POI MapID="1288" xpos="-861.665" ypos="31.0488" zpos="501.137" type="tw_guides.tw_lws4.tw_lws4_domainofkourna.tw_lws4_domainofkourna_beetlecrystals" GUID="cYa7uB4prEeOsPWzyCEydA=="/>
		<POI MapID="1288" xpos="-340.34" ypos="21.4703" zpos="1064.71" type="tw_guides.tw_lws4.tw_lws4_domainofkourna.tw_lws4_domainofkourna_beetlecrystals" GUID="c1supvweLkGo1IPzfCItkA=="/>
		<POI MapID="1288" xpos="-623.653" ypos="90.4107" zpos="1302.34" type="tw_guides.tw_lws4.tw_lws4_domainofkourna.tw_lws4_domainofkourna_beetlecrystals" GUID="BQJAh7MkTUev+m5cvZU/yA=="/>
		<POI MapID="1288" xpos="-594.526" ypos="137.941" zpos="1360.57" type="tw_guides.tw_lws4.tw_lws4_domainofkourna.tw_lws4_domainofkourna_kournansupplycaches.tw_lws4_domainofkourna_kournansupplycaches_kournansupplycache" GUID="qtNBabDj3EycmtCqbSBaGw=="/>
		<POI MapID="1288" xpos="513.021" ypos="73.4544" zpos="1184.71" type="tw_guides.tw_lws4.tw_lws4_domainofkourna.tw_lws4_domainofkourna_tradecache" GUID="dJfMiVqAM02OnmcJQ+XzWw=="/>
		<POI MapID="1288" xpos="-527.555" ypos="7.8508" zpos="-51.6998" type="tw_guides.tw_lws4.tw_lws4_domainofkourna.tw_lws4_domainofkourna_beetlecrystals" GUID="VoomCTepWECHcvEZrH+ygA=="/>
		<POI MapID="1288" xpos="-367.51" ypos="28.2131" zpos="11" type="tw_guides.tw_lws4.tw_lws4_domainofkourna.tw_lws4_domainofkourna_beetlecrystals" GUID="8rjV4k6zmUWOucZ1H54fnw=="/>
		<POI MapID="1288" xpos="-145.441" ypos="54.7527" zpos="-160.275" type="tw_guides.tw_lws4.tw_lws4_domainofkourna.tw_lws4_domainofkourna_beetlecrystals" GUID="0Tyl3fXZm0mMzxwW7rfAMQ=="/>
		<POI MapID="1288" xpos="-199.974" ypos="64.3801" zpos="-197.385" type="tw_guides.tw_lws4.tw_lws4_domainofkourna.tw_lws4_domainofkourna_beetlecrystals" GUID="BpppJeMp7029M6/XPICzag=="/>
		<POI MapID="1288" xpos="-272.986" ypos="53.5769" zpos="-284.965" type="tw_guides.tw_lws4.tw_lws4_domainofkourna.tw_lws4_domainofkourna_beetlecrystals" GUID="dcuHz5dgt0qNjM8kGeDcEQ=="/>
		<POI MapID="1288" xpos="47.6045" ypos="1.04273" zpos="-97.936" type="tw_guides.tw_lws4.tw_lws4_domainofkourna.tw_lws4_domainofkourna_beetlecrystals" GUID="gGpOPdJ81USkVN5NwoANjg=="/>
		<POI MapID="1288" xpos="115.931" ypos="1.22165" zpos="-245.894" type="tw_guides.tw_lws4.tw_lws4_domainofkourna.tw_lws4_domainofkourna_beetlecrystals" GUID="7tLsmCNc00KrXZRq7KTk5Q=="/>
		<POI MapID="1288" xpos="-78.9439" ypos="88.6633" zpos="662.188" type="tw_guides.tw_lws4.tw_lws4_domainofkourna.tw_lws4_domainofkourna_kournanchests" GUID="Y1l9ApHdDEOZ4IqRCg2E4A=="/>
		<POI MapID="1288" xpos="-476.677" ypos="2.97086" zpos="-169.772" type="tw_guides.tw_lws4.tw_lws4_domainofkourna.tw_lws4_domainofkourna_beetlecrystals" GUID="1+eT9klpxEWpza59AE0s9A=="/>
		<POI MapID="1288" xpos="-751.399" ypos="0.96411" zpos="-96.0039" type="tw_guides.tw_lws4.tw_lws4_domainofkourna.tw_lws4_domainofkourna_beetlecrystals" GUID="ninliI0vu0K4lwVRvlkU1g=="/>
		<POI MapID="1288" xpos="-161.207" ypos="26.1015" zpos="48.2496" type="tw_guides.tw_lws4.tw_lws4_domainofkourna.tw_lws4_domainofkourna_beetlecrystals" GUID="llAJjEpch0mqg3KBa99GhQ=="/>
		<POI MapID="1288" xpos="133.446" ypos="137.84" zpos="1315.28" type="tw_guides.tw_lws4.tw_lws4_domainofkourna.tw_lws4_domainofkourna_tradecache" GUID="iZk92SeXwEqPwifpHsiqbw=="/>
		<POI MapID="1288" xpos="-451.226" ypos="0.325641" zpos="433.844" type="tw_guides.tw_lws4.tw_lws4_domainofkourna.tw_lws4_domainofkourna_sandpile" GUID="ridO6Jno9U67sbasKOUfpg=="/>
		<POI MapID="1288" xpos="-10.3592" ypos="52.955" zpos="579.65" type="tw_guides.tw_lws4.tw_lws4_domainofkourna.tw_lws4_domainofkourna_rollerbeetlecollection.tw_lws4_domainofkourna_rollerbeetlecollection_beetlesaddle" GUID="GqX1FW7WrkSFySs+p7ahww=="/>
		<POI MapID="1288" xpos="-339.43" ypos="2.82063" zpos="222.562" type="tw_guides.tw_lws4.tw_lws4_domainofkourna.tw_lws4_domainofkourna_beetlecrystals" GUID="E6hB8B/DZkK/yggXScdCOw=="/>
		<POI MapID="1288" xpos="-108.99" ypos="12.4486" zpos="217.493" type="tw_guides.tw_lws4.tw_lws4_domainofkourna.tw_lws4_domainofkourna_beetlecrystals" GUID="34X7q2dXd0y6vIOSZDoHBg=="/>
		<POI MapID="1288" xpos="-199.425" ypos="8.20576" zpos="236.816" type="tw_guides.tw_lws4.tw_lws4_domainofkourna.tw_lws4_domainofkourna_beetlecrystals" GUID="Einvr+aVaE+ucZU4raoNcw=="/>
		<POI MapID="1288" xpos="-550.818" ypos="19.6868" zpos="249.27" type="tw_guides.tw_lws4.tw_lws4_domainofkourna.tw_lws4_domainofkourna_kournansupplycaches.tw_lws4_domainofkourna_kournansupplycaches_signs.tw_lws4_domainofkourna_kournansupplycaches_startsign1" GUID="dgmKYo9vW0muHEElt60tdA=="/>
		<POI MapID="1288" xpos="-558.992" ypos="19.6868" zpos="247.29" type="tw_guides.tw_lws4.tw_lws4_domainofkourna.tw_lws4_domainofkourna_kournansupplycaches.tw_lws4_domainofkourna_kournansupplycaches_signs.tw_lws4_domainofkourna_kournansupplycaches_startsign3" GUID="rWFjnS6scUyRlzZ/0RqBxQ=="/>
		<POI MapID="1288" xpos="207.328" ypos="49.307" zpos="453.49" type="tw_guides.tw_lws4.tw_lws4_domainofkourna.tw_lws4_domainofkourna_kournansupplycaches.tw_lws4_domainofkourna_kournansupplycaches_signs.tw_lws4_domainofkourna_kournansupplycaches_startsign2" GUID="UPL67VGJFkK2F1UmzZAPfA=="/>
		<POI MapID="1288" xpos="-594.222" ypos="138.017" zpos="1360.24" type="tw_guides.tw_lws4.tw_lws4_domainofkourna.tw_lws4_domainofkourna_kournansupplycaches.tw_lws4_domainofkourna_kournansupplycaches_signs.tw_lws4_domainofkourna_kournansupplycaches_teleport1" GUID="I5/xcz7xNUCgsQ0e8APEug=="/>
		<POI MapID="1288" xpos="-473.999" ypos="1.07894" zpos="-190.117" type="tw_guides.tw_lws4.tw_lws4_domainofkourna.tw_lws4_domainofkourna_kournansupplycaches.tw_lws4_domainofkourna_kournansupplycaches_signs.tw_lws4_domainofkourna_kournansupplycaches_finish" GUID="uKSdsdJTNUemkutgRKxsqA=="/>
		<POI MapID="1288" xpos="-372.849" ypos="39.982" zpos="864.056" type="tw_guides.tw_lws4.tw_lws4_domainofkourna.tw_lws4_domainofkourna_beetlecrystals" GUID="G1vD9IJ3xUKC0Bp8L92bZg=="/>
		<POI MapID="1288" xpos="-266.099" ypos="114.293" zpos="300.816" type="tw_guides.tw_lws4.tw_lws4_domainofkourna.tw_lws4_domainofkourna_beetlecrystals" GUID="SrleShfydE+NuyFT4e8iLQ=="/>
		<POI MapID="1288" xpos="-592.754" ypos="63.0333" zpos="265.646" type="tw_guides.tw_lws4.tw_lws4_domainofkourna.tw_lws4_domainofkourna_beetlecrystals" GUID="YfN0JXX5EEGEPofIQhDOlA=="/>
		<POI MapID="1288" xpos="102.138" ypos="0.417165" zpos="-456.919" type="tw_guides.tw_lws4.tw_lws4_domainofkourna.tw_lws4_domainofkourna_sandpile" GUID="FcYHGlxjk0aggzQRyR8PbQ=="/>
		<POI MapID="1288" xpos="-227.363" ypos="20.3896" zpos="421.785" type="tw_guides.tw_lws4.tw_lws4_domainofkourna.tw_lws4_domainofkourna_kournanchests" GUID="3zlwDprqnEyCxH++fdG9vA=="/>
		<POI MapID="1288" xpos="-1047.48" ypos="16.1083" zpos="1143.36" type="tw_guides.tw_lws4.tw_lws4_domainofkourna.tw_lws4_domainofkourna_kournansupplycaches.tw_lws4_domainofkourna_kournansupplycaches_kournansupplycache" GUID="mozBQEOttkO1PHp/Y10rDQ=="/>
		<POI MapID="1288" xpos="-945.724" ypos="-209.087" zpos="949.502" type="tw_guides.tw_lws4.tw_lws4_domainofkourna.tw_lws4_domainofkourna_kournansupplycaches.tw_lws4_domainofkourna_kournansupplycaches_signs.tw_lws4_domainofkourna_kournansupplycaches_teleport2" GUID="3Vn/0mXjHUC2fT+Un9UVOA=="/>
		<POI MapID="1288" xpos="-613.073" ypos="100.543" zpos="177.941" type="tw_guides.tw_lws4.tw_lws4_domainofkourna.tw_lws4_domainofkourna_masterypoint" GUID="tvxo9H2RvEmYozZOR+8w6A=="/>
		<POI MapID="1288" xpos="-187.087" ypos="52.3037" zpos="203.134" type="tw_guides.tw_lws4.tw_lws4_domainofkourna.tw_lws4_domainofkourna_masterypoint" GUID="5zXflh+P6kaxIj64/0sSjg=="/>
		<POI MapID="1288" xpos="64.0187" ypos="20.4483" zpos="-649.313" type="tw_guides.tw_lws4.tw_lws4_domainofkourna.tw_lws4_domainofkourna_masterypoint" GUID="7THUF5fjWEKYeb0KywmcDw=="/>
		<POI MapID="1288" xpos="-954.84" ypos="-391.419" zpos="871.13" type="tw_guides.tw_lws4.tw_lws4_domainofkourna.tw_lws4_domainofkourna_masterypoint" GUID="WkO0mJ1vAkuN980/iocMbw=="/>
		<POI MapID="1288" xpos="-104.557" ypos="-13.3336" zpos="1338.66" type="tw_guides.tw_lws4.tw_lws4_domainofkourna.tw_lws4_domainofkourna_masterypoint" GUID="H/WWDpwunEyh0D2pWbT9pA=="/>
		<Trail type="tw_guides.tw_lws4.tw_lws4_domainofkourna.tw_lws4_domainofkourna_kournansupplycaches.tw_lws4_domainofkourna_kournansupplycaches_toggletrails.tw_lws4_domainofkourna_kournansupplycaches_toggletrailp1" GUID="asgsaedgsdtrhdsfghdfgg==" fadeNear="5000" fadeFar="5100" trailData="Data/TekkitsWorkshop/LWS4/DomainOfKourna/tw_lws4_domainofkourna_kournansupplycaches_p1.trl" animSpeed="0" texture="Data/TekkitsWorkshop/General/tw_trail_b.png"/>
		<Trail type="tw_guides.tw_lws4.tw_lws4_domainofkourna.tw_lws4_domainofkourna_kournansupplycaches.tw_lws4_domainofkourna_kournansupplycaches_toggletrails.tw_lws4_domainofkourna_kournansupplycaches_toggletrailp2" GUID="0cVCRA1CgUWbEUFnqbl4QQ==" fadeNear="5000" fadeFar="5100" trailData="Data/TekkitsWorkshop/LWS4/DomainOfKourna/tw_lws4_domainofkourna_kournansupplycaches_p2.trl" animSpeed="0" texture="Data/TekkitsWorkshop/General/tw_trail_b.png"/>
		<Trail type="tw_guides.tw_lws4.tw_lws4_domainofkourna.tw_lws4_domainofkourna_kournansupplycaches.tw_lws4_domainofkourna_kournansupplycaches_toggletrails.tw_lws4_domainofkourna_kournansupplycaches_toggletrailp3" GUID="9NgTOOzxhEOHcGmOAD6Ndw==" fadeNear="5000" fadeFar="5100" trailData="Data/TekkitsWorkshop/LWS4/DomainOfKourna/tw_lws4_domainofkourna_kournansupplycaches_p3.trl" animSpeed="0" texture="Data/TekkitsWorkshop/General/tw_trail_b.png"/>
	</POIs>
</OverlayData>
