<OverlayData>
	<MarkerCategory name="tw_guides" DisplayName="Tekkit's Guides">
		<MarkerCategory name="tw_lws4" DisplayName="Season 4">
			<MarkerCategory name="tw_lws4_sandsweptisles" DisplayName="Sandswept Isles">
				<MarkerCategory name="separatorsi1" IsSeparator="1" DisplayName="&lt;-----[FARMING]-----&gt;"/>
				<MarkerCategory name="tw_lws4_sandsweptisles_diflouritecrystals" DisplayName="Difluorite Crystals">
					<MarkerCategory name="tw_lws4_sandsweptisles_diflouritecrystals_toggletrail" DisplayName="Toggle Trail"/>
					<MarkerCategory name="tw_lws4_sandsweptisles_diflouritecrystals_diflouritecrystal" DisplayName="Toggle Difluorite Crystals" mapDisplaySize="30" iconFile="Data/TekkitsWorkshop/LWS4/SandsweptIsles/tw_lws4_sandsweptisles_diflouritecrystals_diflouritecrystal.png" iconSize="0.5" fadeNear="5000" fadeFar="5100" heightOffset="1.5" behavior="2" minSize="10"/>
					<MarkerCategory name="tw_lws4_sandsweptisles_diflouritecrystals_signs" DisplayName="Toggle Signs">
						<MarkerCategory name="tw_lws4_sandsweptisles_diflouritecrystals_startsignp1" DisplayName="Starting Sign Part 1" mapDisplaySize="130" iconFile="Data/TekkitsWorkshop/LWS4/SandsweptIsles/tw_lws4_sandsweptisles_diflouritecrystals_startsignp1.png" iconSize="2" fadeNear="5000" fadeFar="5100" heightOffset="2.5" minSize="50"/>
						<MarkerCategory name="tw_lws4_sandsweptisles_diflouritecrystals_startsignp2" DisplayName="Starting Sign Part 2" mapDisplaySize="130" iconFile="Data/TekkitsWorkshop/LWS4/SandsweptIsles/tw_lws4_sandsweptisles_diflouritecrystals_startsignp2.png" iconSize="2" fadeNear="5000" fadeFar="5100" heightOffset="2.5" minSize="50"/>
						<MarkerCategory name="tw_lws4_sandsweptisles_diflouritecrystals_teleport" DisplayName="Teleport" miniMapVisibility="0" mapVisibility="0" iconFile="Data/TekkitsWorkshop/LWS4/SandsweptIsles/tw_lws4_sandsweptisles_diflouritecrystals_teleport.png" iconSize="2" fadeNear="5000" fadeFar="5100" heightOffset="2.5" minSize="50"/>
						<MarkerCategory name="tw_lws4_sandsweptisles_diflouritecrystals_finish" DisplayName="Finish Sign" mapDisplaySize="80" iconFile="Data/TekkitsWorkshop/General/tw_trail_finish_b.png" iconSize="2" fadeNear="5000" fadeFar="5100" heightOffset="2.5" minSize="50"/>
					</MarkerCategory>
				</MarkerCategory>
				<MarkerCategory name="tw_lws4_sandsweptisles_eeriedriftwood" DisplayName="Eerie Driftwood">
					<MarkerCategory name="tw_lws4_sandsweptisles_eeriedriftwoods_eeriedriftwood" DisplayName="Toggle Eerie Driftwood" mapDisplaySize="30" iconFile="Data/TekkitsWorkshop/LWS4/SandsweptIsles/tw_lws4_sandsweptisles_eeriedriftwoods_eeriedriftwood.png" iconSize="0.5" fadeNear="5000" fadeFar="5100" heightOffset="1.5" behavior="2" minSize="10"/>
				</MarkerCategory>
				<MarkerCategory name="tw_lws4_sandsweptisles_tradecaches" DisplayName="Trade Caches" mapDisplaySize="30" iconFile="Data/TekkitsWorkshop/General/tw_pof_tradechest.png" iconSize="0.5" fadeNear="5000" fadeFar="5100" heightOffset="1.5" behavior="2" minSize="10"/>
				<MarkerCategory name="tw_lws4_sandsweptisles_sandpiles" DisplayName="Sand Piles" mapDisplaySize="30" iconFile="Data/TekkitsWorkshop/General/tw_pof_sandpile.png" iconSize="0.5" fadeNear="5000" fadeFar="5100" heightOffset="1.5" behavior="2" minSize="10"/>
				<MarkerCategory name="tw_lws4_sandsweptisles_otherchests" DisplayName="Other Chests" mapDisplaySize="30" iconFile="Data/TekkitsWorkshop/General/tw_pof_supplystash.png" iconSize="0.5" fadeNear="5000" fadeFar="5100" heightOffset="1.5" behavior="2" minSize="10"/>
				<MarkerCategory name="separatorsi2" IsSeparator="1" DisplayName="&lt;-----[EXPLORATION]-----&gt;"/>
				<MarkerCategory name="tw_lws4_sandsweptisles_masterypoint" DisplayName="Mastery Points" mapDisplaySize="50" iconFile="Data/TekkitsWorkshop/General/tw_masterypoint.png" iconSize="0.7" heightOffset="1.5" minSize="10"/>
				<MarkerCategory name="tw_lws4_sandsweptisles_portals" DisplayName="Portals">
					<MarkerCategory name="tw_lws4_sandsweptisles_portals_toggletrail" DisplayName="Toggle Portal Links"/>
					<MarkerCategory name="tw_lws4_sandsweptisles_portals_portal" DisplayName="Toggle Portals" mapDisplaySize="30" iconFile="Data/TekkitsWorkshop/General/tw_trail_entrance.png" iconSize="0.5" fadeNear="33000" fadeFar="33100" heightOffset="2.5" minSize="10"/>
				</MarkerCategory>
				<MarkerCategory name="separatorsi3" IsSeparator="1" DisplayName="&lt;-----[ADVENTURE]-----&gt;"/>
				<MarkerCategory name="tw_lws4_sandsweptisles_crystalcorral" DisplayName="Crystal Corral">
					<MarkerCategory name="tw_lws4_sandsweptisles_crystalcorral_toggletrail" DisplayName="Toggle Trail"/>
					<MarkerCategory name="tw_lws4_sandsweptisles_crystalcorral_signs" DisplayName="Toggle Signs">
						<MarkerCategory name="tw_lws4_sandsweptisles_crystalcorral_startsign" DisplayName="Starting Sign" mapDisplaySize="130" iconFile="Data/TekkitsWorkshop/LWS4/SandsweptIsles/tw_lws4_sandsweptisles_crystalcorral_startsign.png" iconSize="2" fadeNear="5000" fadeFar="5100" heightOffset="2.5" minSize="50"/>
						<MarkerCategory name="tw_lws4_sandsweptisles_crystalcorral_finishsign" DisplayName="Finish Sign" mapDisplaySize="80" iconFile="Data/TekkitsWorkshop/General/tw_trail_finish_b.png" iconSize="2" fadeNear="5000" fadeFar="5100" heightOffset="2.5" minSize="50"/>
						<MarkerCategory name="tw_lws4_sandsweptisles_crystalcorral_trail_pickup" DisplayName="Pick Up Spot" mapDisplaySize="30" iconFile="Data/TekkitsWorkshop/General/tw_trail_adv_pickup.png" iconSize="1" fadeNear="5000" fadeFar="5100" heightOffset="2.5" minSize="10"/>
						<MarkerCategory name="tw_lws4_sandsweptisles_crystalcorral_trail_swap_skimmer" DisplayName="Swap to Skimmer" miniMapVisibility="0" mapVisibility="0" iconFile="Data/TekkitsWorkshop/General/tw_trail_swap_skimmer.png" iconSize="1" fadeNear="5000" fadeFar="5100" heightOffset="2.5" minSize="25"/>
						<MarkerCategory name="tw_lws4_sandsweptisles_crystalcorral_trail_swap_griffon" DisplayName="Swap to Griffon" miniMapVisibility="0" mapVisibility="0" iconFile="Data/TekkitsWorkshop/General/tw_trail_swap_griffon.png" iconSize="1" fadeNear="5000" fadeFar="5100" heightOffset="2.5" minSize="25"/>
					</MarkerCategory>
				</MarkerCategory>
			</MarkerCategory>
		</MarkerCategory>
	</MarkerCategory>
	<POIs>
		<POI MapID="1271" xpos="-158.233" ypos="1.05003" zpos="-910.518" type="tw_guides.tw_lws4.tw_lws4_sandsweptisles.tw_lws4_sandsweptisles_diflouritecrystals.tw_lws4_sandsweptisles_diflouritecrystals_diflouritecrystal" GUID="l9gYb6jYhU+ATZYZL7oCMw=="/>
		<POI MapID="1271" xpos="104.296" ypos="1.61035" zpos="-1010.06" type="tw_guides.tw_lws4.tw_lws4_sandsweptisles.tw_lws4_sandsweptisles_diflouritecrystals.tw_lws4_sandsweptisles_diflouritecrystals_diflouritecrystal" GUID="kW77LxzrgUmMO8YCA8V2og=="/>
		<POI MapID="1271" xpos="453.753" ypos="2.20356" zpos="-1145.16" type="tw_guides.tw_lws4.tw_lws4_sandsweptisles.tw_lws4_sandsweptisles_diflouritecrystals.tw_lws4_sandsweptisles_diflouritecrystals_diflouritecrystal" GUID="hUZY2VvMS0KKFMw/icYnsw=="/>
		<POI MapID="1271" xpos="557.621" ypos="29.1573" zpos="-1059.54" type="tw_guides.tw_lws4.tw_lws4_sandsweptisles.tw_lws4_sandsweptisles_diflouritecrystals.tw_lws4_sandsweptisles_diflouritecrystals_diflouritecrystal" GUID="A6Tjpz7QtUaVF9d6pULL7w=="/>
		<POI MapID="1271" xpos="495.5" ypos="40.3108" zpos="-1189.23" type="tw_guides.tw_lws4.tw_lws4_sandsweptisles.tw_lws4_sandsweptisles_diflouritecrystals.tw_lws4_sandsweptisles_diflouritecrystals_diflouritecrystal" GUID="EkCLx5lzd0iZEAqhW9H9gg=="/>
		<POI MapID="1271" xpos="649.798" ypos="23.2507" zpos="-1109.72" type="tw_guides.tw_lws4.tw_lws4_sandsweptisles.tw_lws4_sandsweptisles_diflouritecrystals.tw_lws4_sandsweptisles_diflouritecrystals_diflouritecrystal" GUID="0i+6+3F/A0iZ40OETKX8Cw=="/>
		<POI MapID="1271" xpos="666.157" ypos="21.3994" zpos="-899.628" type="tw_guides.tw_lws4.tw_lws4_sandsweptisles.tw_lws4_sandsweptisles_diflouritecrystals.tw_lws4_sandsweptisles_diflouritecrystals_diflouritecrystal" GUID="4m6/+3BJEkW2o6WIoPvP8Q=="/>
		<POI MapID="1271" xpos="701.4" ypos="3.14747" zpos="-841.693" type="tw_guides.tw_lws4.tw_lws4_sandsweptisles.tw_lws4_sandsweptisles_diflouritecrystals.tw_lws4_sandsweptisles_diflouritecrystals_diflouritecrystal" GUID="MQarctzHYkumI+EfE3yS+g=="/>
		<POI MapID="1271" xpos="623.323" ypos="46.7934" zpos="-533.467" type="tw_guides.tw_lws4.tw_lws4_sandsweptisles.tw_lws4_sandsweptisles_diflouritecrystals.tw_lws4_sandsweptisles_diflouritecrystals_diflouritecrystal" GUID="UpVEhOPjSEWKlaafnfRqsw=="/>
		<POI MapID="1271" xpos="575.607" ypos="48.711" zpos="-552.443" type="tw_guides.tw_lws4.tw_lws4_sandsweptisles.tw_lws4_sandsweptisles_diflouritecrystals.tw_lws4_sandsweptisles_diflouritecrystals_diflouritecrystal" GUID="zO6JFMIIKUKlHDi++8H8Ug=="/>
		<POI MapID="1271" xpos="564.331" ypos="51.0602" zpos="-734.931" type="tw_guides.tw_lws4.tw_lws4_sandsweptisles.tw_lws4_sandsweptisles_diflouritecrystals.tw_lws4_sandsweptisles_diflouritecrystals_diflouritecrystal" GUID="0Gd4ZTG56Eaj/40LS2Q8Rg=="/>
		<POI MapID="1271" xpos="538.382" ypos="51.2962" zpos="-743.56" type="tw_guides.tw_lws4.tw_lws4_sandsweptisles.tw_lws4_sandsweptisles_diflouritecrystals.tw_lws4_sandsweptisles_diflouritecrystals_diflouritecrystal" GUID="FZjf99m18kyyTX2iQRrCMQ=="/>
		<POI MapID="1271" xpos="686.091" ypos="34.0242" zpos="-600.35" type="tw_guides.tw_lws4.tw_lws4_sandsweptisles.tw_lws4_sandsweptisles_diflouritecrystals.tw_lws4_sandsweptisles_diflouritecrystals_diflouritecrystal" GUID="AJWOLUtLjkuQQ8CrbcBK5A=="/>
		<POI MapID="1271" xpos="773.133" ypos="-7.0124" zpos="-87.7177" type="tw_guides.tw_lws4.tw_lws4_sandsweptisles.tw_lws4_sandsweptisles_diflouritecrystals.tw_lws4_sandsweptisles_diflouritecrystals_diflouritecrystal" GUID="p05cl+5b80ymBz1mUcBoFQ=="/>
		<POI MapID="1271" xpos="585.437" ypos="7.7536" zpos="-119.577" type="tw_guides.tw_lws4.tw_lws4_sandsweptisles.tw_lws4_sandsweptisles_diflouritecrystals.tw_lws4_sandsweptisles_diflouritecrystals_diflouritecrystal" GUID="wX0I7hW27kiMd5hfD0fvAw=="/>
		<POI MapID="1271" xpos="-40.0321" ypos="40.7351" zpos="772.28" type="tw_guides.tw_lws4.tw_lws4_sandsweptisles.tw_lws4_sandsweptisles_diflouritecrystals.tw_lws4_sandsweptisles_diflouritecrystals_diflouritecrystal" GUID="1TOGPMtpZEypy6DWbvTvfw=="/>
		<POI MapID="1271" xpos="287.146" ypos="38.3589" zpos="814.648" type="tw_guides.tw_lws4.tw_lws4_sandsweptisles.tw_lws4_sandsweptisles_diflouritecrystals.tw_lws4_sandsweptisles_diflouritecrystals_diflouritecrystal" GUID="Gl7jPXosz0Wpd4B73Am87Q=="/>
		<POI MapID="1271" xpos="288.354" ypos="78.6254" zpos="821.033" type="tw_guides.tw_lws4.tw_lws4_sandsweptisles.tw_lws4_sandsweptisles_diflouritecrystals.tw_lws4_sandsweptisles_diflouritecrystals_diflouritecrystal" GUID="3P4o6QVLK0CLEvMirqMgKQ=="/>
		<POI MapID="1271" xpos="315.614" ypos="81.9406" zpos="811.141" type="tw_guides.tw_lws4.tw_lws4_sandsweptisles.tw_lws4_sandsweptisles_diflouritecrystals.tw_lws4_sandsweptisles_diflouritecrystals_diflouritecrystal" GUID="6+cxvlcpC0+8Qh/XwMOReA=="/>
		<POI MapID="1271" xpos="558.423" ypos="64.4939" zpos="953.453" type="tw_guides.tw_lws4.tw_lws4_sandsweptisles.tw_lws4_sandsweptisles_diflouritecrystals.tw_lws4_sandsweptisles_diflouritecrystals_diflouritecrystal" GUID="lPpXWx6bpUGyXVNNDrSnDA=="/>
		<POI MapID="1271" xpos="5.68703" ypos="149.402" zpos="1017.2" type="tw_guides.tw_lws4.tw_lws4_sandsweptisles.tw_lws4_sandsweptisles_diflouritecrystals.tw_lws4_sandsweptisles_diflouritecrystals_diflouritecrystal" GUID="3EFCsaPolE+dyh+NdmTvNg=="/>
		<POI MapID="1271" xpos="315.21" ypos="24.1886" zpos="715.418" type="tw_guides.tw_lws4.tw_lws4_sandsweptisles.tw_lws4_sandsweptisles_diflouritecrystals.tw_lws4_sandsweptisles_diflouritecrystals_diflouritecrystal" GUID="ispFTYzcVEyhmb87Gc29ww=="/>
		<POI MapID="1271" xpos="287.015" ypos="51.5371" zpos="894.202" type="tw_guides.tw_lws4.tw_lws4_sandsweptisles.tw_lws4_sandsweptisles_diflouritecrystals.tw_lws4_sandsweptisles_diflouritecrystals_diflouritecrystal" GUID="2z9TsdPxy0GiuSIJM8F2wA=="/>
		<POI MapID="1271" xpos="109.08" ypos="28.6682" zpos="744.459" type="tw_guides.tw_lws4.tw_lws4_sandsweptisles.tw_lws4_sandsweptisles_diflouritecrystals.tw_lws4_sandsweptisles_diflouritecrystals_diflouritecrystal" GUID="fJrpboESUE+Vdvdr/3+jFw=="/>
		<POI MapID="1271" xpos="-119.044" ypos="-12.3498" zpos="455.413" type="tw_guides.tw_lws4.tw_lws4_sandsweptisles.tw_lws4_sandsweptisles_diflouritecrystals.tw_lws4_sandsweptisles_diflouritecrystals_diflouritecrystal" GUID="nSLxQJ0giU6nEcuxM2i9Qw=="/>
		<POI MapID="1271" xpos="418.681" ypos="2.59083" zpos="829.694" type="tw_guides.tw_lws4.tw_lws4_sandsweptisles.tw_lws4_sandsweptisles_diflouritecrystals.tw_lws4_sandsweptisles_diflouritecrystals_diflouritecrystal" GUID="wOujBahH+k6giaBwCrKVHQ=="/>
		<POI MapID="1271" xpos="511.027" ypos="0.891972" zpos="769.875" type="tw_guides.tw_lws4.tw_lws4_sandsweptisles.tw_lws4_sandsweptisles_diflouritecrystals.tw_lws4_sandsweptisles_diflouritecrystals_diflouritecrystal" GUID="Q9cVtRFS6kmo9npWL2e3MA=="/>
		<POI MapID="1271" xpos="305.222" ypos="22.5932" zpos="651.714" type="tw_guides.tw_lws4.tw_lws4_sandsweptisles.tw_lws4_sandsweptisles_diflouritecrystals.tw_lws4_sandsweptisles_diflouritecrystals_diflouritecrystal" GUID="E0WCDd5jVEeak3sAc8Mang=="/>
		<POI MapID="1271" xpos="252.291" ypos="-14.4636" zpos="456.62" type="tw_guides.tw_lws4.tw_lws4_sandsweptisles.tw_lws4_sandsweptisles_diflouritecrystals.tw_lws4_sandsweptisles_diflouritecrystals_diflouritecrystal" GUID="2iac/28Ty0ukDN40iCEh4g=="/>
		<POI MapID="1271" xpos="-450.433" ypos="9.99629" zpos="-34.9045" type="tw_guides.tw_lws4.tw_lws4_sandsweptisles.tw_lws4_sandsweptisles_diflouritecrystals.tw_lws4_sandsweptisles_diflouritecrystals_diflouritecrystal" GUID="fPdST13HOUueUFY70ADaKg=="/>
		<POI MapID="1271" xpos="-7.21119" ypos="59.3689" zpos="-413.131" type="tw_guides.tw_lws4.tw_lws4_sandsweptisles.tw_lws4_sandsweptisles_diflouritecrystals.tw_lws4_sandsweptisles_diflouritecrystals_diflouritecrystal" GUID="hhvg/rPoaUSg/NOaXnbtdA=="/>
		<POI MapID="1271" xpos="65.1743" ypos="-4.57704" zpos="-527.991" type="tw_guides.tw_lws4.tw_lws4_sandsweptisles.tw_lws4_sandsweptisles_diflouritecrystals.tw_lws4_sandsweptisles_diflouritecrystals_diflouritecrystal" GUID="D66Oj/QD2kyiPcTbl7y4tQ=="/>
		<POI MapID="1271" xpos="656.68" ypos="71.5509" zpos="-531.922" type="tw_guides.tw_lws4.tw_lws4_sandsweptisles.tw_lws4_sandsweptisles_diflouritecrystals.tw_lws4_sandsweptisles_diflouritecrystals_diflouritecrystal" GUID="0Oy9/oWRGUOSbxaB6615HA=="/>
		<POI MapID="1271" xpos="-84.3631" ypos="-17.9627" zpos="423.355" type="tw_guides.tw_lws4.tw_lws4_sandsweptisles.tw_lws4_sandsweptisles_diflouritecrystals.tw_lws4_sandsweptisles_diflouritecrystals_diflouritecrystal" GUID="kiwkEWVbGUGniaiLw/fgyA=="/>
		<POI MapID="1271" xpos="152.863" ypos="29.1211" zpos="645.138" type="tw_guides.tw_lws4.tw_lws4_sandsweptisles.tw_lws4_sandsweptisles_diflouritecrystals.tw_lws4_sandsweptisles_diflouritecrystals_diflouritecrystal" GUID="wukBI0Ro40ezcwlzrgHoEg=="/>
		<POI MapID="1271" xpos="378.344" ypos="23.2814" zpos="598.938" type="tw_guides.tw_lws4.tw_lws4_sandsweptisles.tw_lws4_sandsweptisles_diflouritecrystals.tw_lws4_sandsweptisles_diflouritecrystals_diflouritecrystal" GUID="XbMIbd4VikyAHvxgARJk7A=="/>
		<POI MapID="1271" xpos="-383.493" ypos="96.0928" zpos="865.569" type="tw_guides.tw_lws4.tw_lws4_sandsweptisles.tw_lws4_sandsweptisles_diflouritecrystals.tw_lws4_sandsweptisles_diflouritecrystals_diflouritecrystal" GUID="4GtSOPiMGUmRvBhWQiHhdw=="/>
		<POI MapID="1271" xpos="-3.54997" ypos="93.7922" zpos="1079.02" type="tw_guides.tw_lws4.tw_lws4_sandsweptisles.tw_lws4_sandsweptisles_diflouritecrystals.tw_lws4_sandsweptisles_diflouritecrystals_diflouritecrystal" GUID="K0WCrGxsPkShoK/sZ++9Lw=="/>
		<POI MapID="1271" xpos="73.0917" ypos="159.029" zpos="93.9466" type="tw_guides.tw_lws4.tw_lws4_sandsweptisles.tw_lws4_sandsweptisles_diflouritecrystals.tw_lws4_sandsweptisles_diflouritecrystals_diflouritecrystal" GUID="D6+7YGyg1kKVoFxQ1Tn11A=="/>
		<POI MapID="1271" xpos="-126.422" ypos="86.4447" zpos="-80.5806" type="tw_guides.tw_lws4.tw_lws4_sandsweptisles.tw_lws4_sandsweptisles_diflouritecrystals.tw_lws4_sandsweptisles_diflouritecrystals_diflouritecrystal" GUID="Y9Xxb+5/ZEGl3k7m8NrusA=="/>
		<POI MapID="1271" xpos="-133.133" ypos="156.283" zpos="-318.192" type="tw_guides.tw_lws4.tw_lws4_sandsweptisles.tw_lws4_sandsweptisles_diflouritecrystals.tw_lws4_sandsweptisles_diflouritecrystals_diflouritecrystal" GUID="kjXDsTHr2kKo1kganOM5Lg=="/>
		<POI MapID="1271" xpos="254.796" ypos="1.18769" zpos="320.601" type="tw_guides.tw_lws4.tw_lws4_sandsweptisles.tw_lws4_sandsweptisles_diflouritecrystals.tw_lws4_sandsweptisles_diflouritecrystals_diflouritecrystal" GUID="DCM6ulnEikyOCtBXj3TcFA=="/>
		<POI MapID="1271" xpos="582.861" ypos="-1.71896" zpos="238.727" type="tw_guides.tw_lws4.tw_lws4_sandsweptisles.tw_lws4_sandsweptisles_diflouritecrystals.tw_lws4_sandsweptisles_diflouritecrystals_diflouritecrystal" GUID="UdWQZGAvK0K1gVCGUzUVbw=="/>
		<POI MapID="1271" xpos="812.633" ypos="2.7519" zpos="-363.126" type="tw_guides.tw_lws4.tw_lws4_sandsweptisles.tw_lws4_sandsweptisles_diflouritecrystals.tw_lws4_sandsweptisles_diflouritecrystals_diflouritecrystal" GUID="tX66JhQqWECTGW1hjc3hiw=="/>
		<POI MapID="1271" xpos="835.473" ypos="3.14396" zpos="-571.588" type="tw_guides.tw_lws4.tw_lws4_sandsweptisles.tw_lws4_sandsweptisles_diflouritecrystals.tw_lws4_sandsweptisles_diflouritecrystals_diflouritecrystal" GUID="AW67IlVLs0WTj0lPBDt+Dw=="/>
		<POI MapID="1271" xpos="609.99" ypos="13.4478" zpos="-595.713" type="tw_guides.tw_lws4.tw_lws4_sandsweptisles.tw_lws4_sandsweptisles_diflouritecrystals.tw_lws4_sandsweptisles_diflouritecrystals_diflouritecrystal" GUID="XHsTxyV0gkmVen+jq4W8PQ=="/>
		<POI MapID="1271" xpos="621.893" ypos="3.20542" zpos="-548.982" type="tw_guides.tw_lws4.tw_lws4_sandsweptisles.tw_lws4_sandsweptisles_diflouritecrystals.tw_lws4_sandsweptisles_diflouritecrystals_diflouritecrystal" GUID="fA60AcoKQkeiJpPj0bW01g=="/>
		<POI MapID="1271" xpos="597.536" ypos="1.10187" zpos="-581.339" type="tw_guides.tw_lws4.tw_lws4_sandsweptisles.tw_lws4_sandsweptisles_diflouritecrystals.tw_lws4_sandsweptisles_diflouritecrystals_diflouritecrystal" GUID="dLmQ8/51tkaON+U2bO/6ag=="/>
		<POI MapID="1271" xpos="573.438" ypos="50.9861" zpos="-719.863" type="tw_guides.tw_lws4.tw_lws4_sandsweptisles.tw_lws4_sandsweptisles_diflouritecrystals.tw_lws4_sandsweptisles_diflouritecrystals_diflouritecrystal" GUID="lxOHvtiYB0iFzBQ0ZodGmg=="/>
		<POI MapID="1271" xpos="588.87" ypos="43.2113" zpos="-845.435" type="tw_guides.tw_lws4.tw_lws4_sandsweptisles.tw_lws4_sandsweptisles_diflouritecrystals.tw_lws4_sandsweptisles_diflouritecrystals_diflouritecrystal" GUID="3O/glZxUQ06uVMvtuscrcw=="/>
		<POI MapID="1271" xpos="781.431" ypos="3.21409" zpos="-710.399" type="tw_guides.tw_lws4.tw_lws4_sandsweptisles.tw_lws4_sandsweptisles_diflouritecrystals.tw_lws4_sandsweptisles_diflouritecrystals_diflouritecrystal" GUID="J7EdryezkkiEvlZpx5e14w=="/>
		<POI MapID="1271" xpos="-275.372" ypos="43.234" zpos="232.357" type="tw_guides.tw_lws4.tw_lws4_sandsweptisles.tw_lws4_sandsweptisles_diflouritecrystals.tw_lws4_sandsweptisles_diflouritecrystals_diflouritecrystal" GUID="6FSH8RZHFEO2m2l0JyYtdw=="/>
		<POI MapID="1271" xpos="87.3845" ypos="-131.561" zpos="-181.777" type="tw_guides.tw_lws4.tw_lws4_sandsweptisles.tw_lws4_sandsweptisles_diflouritecrystals.tw_lws4_sandsweptisles_diflouritecrystals_diflouritecrystal" GUID="E0qb2M/eqE6eSiFqpu6OPw=="/>
		<POI MapID="1271" xpos="170.354" ypos="29.7751" zpos="741.839" type="tw_guides.tw_lws4.tw_lws4_sandsweptisles.tw_lws4_sandsweptisles_diflouritecrystals.tw_lws4_sandsweptisles_diflouritecrystals_diflouritecrystal" GUID="BQkRVG13NUCm08hZCi3SgA=="/>
		<POI MapID="1271" xpos="195.89" ypos="35.2221" zpos="638.293" type="tw_guides.tw_lws4.tw_lws4_sandsweptisles.tw_lws4_sandsweptisles_diflouritecrystals.tw_lws4_sandsweptisles_diflouritecrystals_diflouritecrystal" GUID="p1oEv8dzbESII+thMeXvmA=="/>
		<POI MapID="1271" xpos="150.6" ypos="88.1914" zpos="1162.31" type="tw_guides.tw_lws4.tw_lws4_sandsweptisles.tw_lws4_sandsweptisles_diflouritecrystals.tw_lws4_sandsweptisles_diflouritecrystals_diflouritecrystal" GUID="FHVagcCqnUaefxmLyNEUlQ=="/>
		<POI MapID="1271" xpos="80.0802" ypos="37.2443" zpos="515" type="tw_guides.tw_lws4.tw_lws4_sandsweptisles.tw_lws4_sandsweptisles_diflouritecrystals.tw_lws4_sandsweptisles_diflouritecrystals_diflouritecrystal" GUID="t/2hyb96XUOcRpWsZvNjKw=="/>
		<POI MapID="1271" xpos="127.741" ypos="-19.4325" zpos="413.373" type="tw_guides.tw_lws4.tw_lws4_sandsweptisles.tw_lws4_sandsweptisles_diflouritecrystals.tw_lws4_sandsweptisles_diflouritecrystals_diflouritecrystal" GUID="mGZLUk3Qa0etL4sNzuiNwA=="/>
		<POI MapID="1271" xpos="407.205" ypos="5.96277" zpos="358.465" type="tw_guides.tw_lws4.tw_lws4_sandsweptisles.tw_lws4_sandsweptisles_diflouritecrystals.tw_lws4_sandsweptisles_diflouritecrystals_diflouritecrystal" GUID="0MZVrvewGE+GCDSffvSXmA=="/>
		<POI MapID="1271" xpos="470.235" ypos="32.1587" zpos="367.006" type="tw_guides.tw_lws4.tw_lws4_sandsweptisles.tw_lws4_sandsweptisles_diflouritecrystals.tw_lws4_sandsweptisles_diflouritecrystals_diflouritecrystal" GUID="BXa6N+2O0EGw0jUm2wSZ5w=="/>
		<POI MapID="1271" xpos="634.242" ypos="1.35041" zpos="621.724" type="tw_guides.tw_lws4.tw_lws4_sandsweptisles.tw_lws4_sandsweptisles_diflouritecrystals.tw_lws4_sandsweptisles_diflouritecrystals_diflouritecrystal" GUID="ojRqEewa60OnQQLvAMGeAg=="/>
		<POI MapID="1271" xpos="785.899" ypos="-16.0582" zpos="615.346" type="tw_guides.tw_lws4.tw_lws4_sandsweptisles.tw_lws4_sandsweptisles_diflouritecrystals.tw_lws4_sandsweptisles_diflouritecrystals_diflouritecrystal" GUID="55OVcR39TECyAbhQZKzfOg=="/>
		<POI MapID="1271" xpos="622.953" ypos="14.1903" zpos="-639.917" type="tw_guides.tw_lws4.tw_lws4_sandsweptisles.tw_lws4_sandsweptisles_diflouritecrystals.tw_lws4_sandsweptisles_diflouritecrystals_diflouritecrystal" GUID="GItMHBz0EUCjUzXfN5DxUQ=="/>
		<POI MapID="1271" xpos="335.438" ypos="0.307054" zpos="340.94" type="tw_guides.tw_lws4.tw_lws4_sandsweptisles.tw_lws4_sandsweptisles_eeriedriftwood.tw_lws4_sandsweptisles_eeriedriftwoods_eeriedriftwood" GUID="JnZpqZdBWUeo5xxbl765lA=="/>
		<POI MapID="1271" xpos="457.322" ypos="-0.0633034" zpos="321.42" type="tw_guides.tw_lws4.tw_lws4_sandsweptisles.tw_lws4_sandsweptisles_eeriedriftwood.tw_lws4_sandsweptisles_eeriedriftwoods_eeriedriftwood" GUID="pX6A4ezsCEylnRYP+CnQ/A=="/>
		<POI MapID="1271" xpos="585.394" ypos="51.5878" zpos="1009.33" type="tw_guides.tw_lws4.tw_lws4_sandsweptisles.tw_lws4_sandsweptisles_eeriedriftwood.tw_lws4_sandsweptisles_eeriedriftwoods_eeriedriftwood" GUID="E4pNjWd5u0C+W16T838tSQ=="/>
		<POI MapID="1271" xpos="576.27" ypos="17.3915" zpos="999.665" type="tw_guides.tw_lws4.tw_lws4_sandsweptisles.tw_lws4_sandsweptisles_eeriedriftwood.tw_lws4_sandsweptisles_eeriedriftwoods_eeriedriftwood" GUID="Xam/Sx7HwkCPbVjWMDALnQ=="/>
		<POI MapID="1271" xpos="163.229" ypos="0.208858" zpos="472.616" type="tw_guides.tw_lws4.tw_lws4_sandsweptisles.tw_lws4_sandsweptisles_eeriedriftwood.tw_lws4_sandsweptisles_eeriedriftwoods_eeriedriftwood" GUID="dZetzSwph0mKFt8tDxbL+Q=="/>
		<POI MapID="1271" xpos="69.5406" ypos="-0.277572" zpos="492.289" type="tw_guides.tw_lws4.tw_lws4_sandsweptisles.tw_lws4_sandsweptisles_eeriedriftwood.tw_lws4_sandsweptisles_eeriedriftwoods_eeriedriftwood" GUID="ZH1oSHpFWU68C2ilaGH+ng=="/>
		<POI MapID="1271" xpos="27.8104" ypos="11.451" zpos="532.631" type="tw_guides.tw_lws4.tw_lws4_sandsweptisles.tw_lws4_sandsweptisles_eeriedriftwood.tw_lws4_sandsweptisles_eeriedriftwoods_eeriedriftwood" GUID="gyhg6ZrsHUmlCQWGmJXPMw=="/>
		<POI MapID="1271" xpos="-318.801" ypos="4.2315" zpos="734.017" type="tw_guides.tw_lws4.tw_lws4_sandsweptisles.tw_lws4_sandsweptisles_eeriedriftwood.tw_lws4_sandsweptisles_eeriedriftwoods_eeriedriftwood" GUID="oz+o6P2elUKbMBnMpXNYbg=="/>
		<POI MapID="1271" xpos="-562.744" ypos="-3.24203" zpos="770.325" type="tw_guides.tw_lws4.tw_lws4_sandsweptisles.tw_lws4_sandsweptisles_diflouritecrystals.tw_lws4_sandsweptisles_diflouritecrystals_diflouritecrystal" GUID="hNvkyR1TM0S3aAqKu8ewdw=="/>
		<POI MapID="1271" xpos="-461.891" ypos="37.6263" zpos="1088.7" type="tw_guides.tw_lws4.tw_lws4_sandsweptisles.tw_lws4_sandsweptisles_diflouritecrystals.tw_lws4_sandsweptisles_diflouritecrystals_diflouritecrystal" GUID="mHmE9GVHJUap7T4y8o++YA=="/>
		<POI MapID="1271" xpos="261.121" ypos="51.4401" zpos="-481.484" type="tw_guides.tw_lws4.tw_lws4_sandsweptisles.tw_lws4_sandsweptisles_diflouritecrystals.tw_lws4_sandsweptisles_diflouritecrystals_diflouritecrystal" GUID="PpsafHcI10qFNV5/i/AUnQ=="/>
		<POI MapID="1271" xpos="132.36" ypos="88.2215" zpos="84.1953" type="tw_guides.tw_lws4.tw_lws4_sandsweptisles.tw_lws4_sandsweptisles_diflouritecrystals.tw_lws4_sandsweptisles_diflouritecrystals_diflouritecrystal" GUID="BwlNU+fqhk2T9Et2PRkq6g=="/>
		<POI MapID="1271" xpos="458.676" ypos="2.22703" zpos="352.598" type="tw_guides.tw_lws4.tw_lws4_sandsweptisles.tw_lws4_sandsweptisles_diflouritecrystals.tw_lws4_sandsweptisles_diflouritecrystals_diflouritecrystal" GUID="CA67SFAYmESTh0UGya/Sng=="/>
		<POI MapID="1271" xpos="457.284" ypos="42.6568" zpos="-796.642" type="tw_guides.tw_lws4.tw_lws4_sandsweptisles.tw_lws4_sandsweptisles_diflouritecrystals.tw_lws4_sandsweptisles_diflouritecrystals_diflouritecrystal" GUID="bX/q5njqD0aWFL1tQXPnTg=="/>
		<POI MapID="1271" xpos="668.966" ypos="1.48084" zpos="-1031.89" type="tw_guides.tw_lws4.tw_lws4_sandsweptisles.tw_lws4_sandsweptisles_diflouritecrystals.tw_lws4_sandsweptisles_diflouritecrystals_diflouritecrystal" GUID="SmbRBlYlxUiFfjLlx7TSwg=="/>
		<POI MapID="1271" xpos="696.796" ypos="1.00736" zpos="-1050.47" type="tw_guides.tw_lws4.tw_lws4_sandsweptisles.tw_lws4_sandsweptisles_diflouritecrystals.tw_lws4_sandsweptisles_diflouritecrystals_diflouritecrystal" GUID="TgSG3NMpcUOw45qlVMd39A=="/>
		<POI MapID="1271" xpos="679.534" ypos="56.6188" zpos="-1210.61" type="tw_guides.tw_lws4.tw_lws4_sandsweptisles.tw_lws4_sandsweptisles_diflouritecrystals.tw_lws4_sandsweptisles_diflouritecrystals_diflouritecrystal" GUID="70VqLPZSGEeDChz9MXbSDA=="/>
		<POI MapID="1271" xpos="686.213" ypos="47.0336" zpos="-1112.39" type="tw_guides.tw_lws4.tw_lws4_sandsweptisles.tw_lws4_sandsweptisles_diflouritecrystals.tw_lws4_sandsweptisles_diflouritecrystals_diflouritecrystal" GUID="uCxSwKU1XEu98AtX/xfmig=="/>
		<POI MapID="1271" xpos="-431.179" ypos="1.36626" zpos="-599.155" type="tw_guides.tw_lws4.tw_lws4_sandsweptisles.tw_lws4_sandsweptisles_diflouritecrystals.tw_lws4_sandsweptisles_diflouritecrystals_diflouritecrystal" GUID="/uMQEV3ZwECfwDy0eR5Opg=="/>
		<POI MapID="1271" xpos="-358.06" ypos="66.5748" zpos="15.2757" type="tw_guides.tw_lws4.tw_lws4_sandsweptisles.tw_lws4_sandsweptisles_diflouritecrystals.tw_lws4_sandsweptisles_diflouritecrystals_diflouritecrystal" GUID="gn5gCkaOVEmBrFpdxO4vMw=="/>
		<POI MapID="1271" xpos="-369.087" ypos="9.44512" zpos="-304.891" type="tw_guides.tw_lws4.tw_lws4_sandsweptisles.tw_lws4_sandsweptisles_diflouritecrystals.tw_lws4_sandsweptisles_diflouritecrystals_diflouritecrystal" GUID="52gkMxkhUUy3H2b7/NhXXg=="/>
		<POI MapID="1271" xpos="-690.733" ypos="-5.37965" zpos="-175.8" type="tw_guides.tw_lws4.tw_lws4_sandsweptisles.tw_lws4_sandsweptisles_diflouritecrystals.tw_lws4_sandsweptisles_diflouritecrystals_diflouritecrystal" GUID="Xf6nSoDpek2F7aduiSqcWw=="/>
		<POI MapID="1271" xpos="-622.718" ypos="34.6057" zpos="8.07767" type="tw_guides.tw_lws4.tw_lws4_sandsweptisles.tw_lws4_sandsweptisles_diflouritecrystals.tw_lws4_sandsweptisles_diflouritecrystals_diflouritecrystal" GUID="InAYsqV/0UK3RlSEwl0l3w=="/>
		<POI MapID="1271" xpos="-146.726" ypos="-20.2398" zpos="415.906" type="tw_guides.tw_lws4.tw_lws4_sandsweptisles.tw_lws4_sandsweptisles_diflouritecrystals.tw_lws4_sandsweptisles_diflouritecrystals_diflouritecrystal" GUID="PQ0O2fbLJ023ECCdBWCj2Q=="/>
		<POI MapID="1271" xpos="-440.067" ypos="1.68293" zpos="-335.037" type="tw_guides.tw_lws4.tw_lws4_sandsweptisles.tw_lws4_sandsweptisles_crystalcorral.tw_lws4_sandsweptisles_crystalcorral_signs.tw_lws4_sandsweptisles_crystalcorral_startsign" GUID="We5SPUH4X0OUGtWaJbKQ6g=="/>
		<POI MapID="1271" xpos="-446.746" ypos="1.15358" zpos="-343.246" type="tw_guides.tw_lws4.tw_lws4_sandsweptisles.tw_lws4_sandsweptisles_crystalcorral.tw_lws4_sandsweptisles_crystalcorral_signs.tw_lws4_sandsweptisles_crystalcorral_finishsign" GUID="u5qGJgiKsU+6ldE9jsKp0w=="/>
		<POI MapID="1271" xpos="388.191" ypos="1.79663" zpos="-718.942" type="tw_guides.tw_lws4.tw_lws4_sandsweptisles.tw_lws4_sandsweptisles_diflouritecrystals.tw_lws4_sandsweptisles_diflouritecrystals_diflouritecrystal" GUID="3Ay29JtrEUSTGPU1kJCucg=="/>
		<POI MapID="1271" xpos="667.315" ypos="53.2145" zpos="-1171.56" type="tw_guides.tw_lws4.tw_lws4_sandsweptisles.tw_lws4_sandsweptisles_diflouritecrystals.tw_lws4_sandsweptisles_diflouritecrystals_diflouritecrystal" GUID="OiBpNi+mjkKp3f2Sja6cVQ=="/>
		<POI MapID="1271" xpos="609.427" ypos="54.2473" zpos="-1240.13" type="tw_guides.tw_lws4.tw_lws4_sandsweptisles.tw_lws4_sandsweptisles_diflouritecrystals.tw_lws4_sandsweptisles_diflouritecrystals_diflouritecrystal" GUID="ZpUnyoJLdUGBV5RxsajGSQ=="/>
		<POI MapID="1271" xpos="604.155" ypos="22.8553" zpos="-1150.42" type="tw_guides.tw_lws4.tw_lws4_sandsweptisles.tw_lws4_sandsweptisles_diflouritecrystals.tw_lws4_sandsweptisles_diflouritecrystals_diflouritecrystal" GUID="enevGzFp9E62+CjeJrjKhA=="/>
		<POI MapID="1271" xpos="780.948" ypos="3.20678" zpos="-762.565" type="tw_guides.tw_lws4.tw_lws4_sandsweptisles.tw_lws4_sandsweptisles_diflouritecrystals.tw_lws4_sandsweptisles_diflouritecrystals_diflouritecrystal" GUID="U2/j6uKQjEKEy4B8dBX+ow=="/>
		<POI MapID="1271" xpos="589.039" ypos="30.3218" zpos="362.021" type="tw_guides.tw_lws4.tw_lws4_sandsweptisles.tw_lws4_sandsweptisles_diflouritecrystals.tw_lws4_sandsweptisles_diflouritecrystals_diflouritecrystal" GUID="KTMrJjsJNk6p223CHboo3A=="/>
		<POI MapID="1271" xpos="412.805" ypos="73.1152" zpos="1043.36" type="tw_guides.tw_lws4.tw_lws4_sandsweptisles.tw_lws4_sandsweptisles_diflouritecrystals.tw_lws4_sandsweptisles_diflouritecrystals_diflouritecrystal" GUID="ZePrrUXA5kWjUgo/yPDkUg=="/>
		<POI MapID="1271" xpos="-318.844" ypos="98.0359" zpos="1039.53" type="tw_guides.tw_lws4.tw_lws4_sandsweptisles.tw_lws4_sandsweptisles_diflouritecrystals.tw_lws4_sandsweptisles_diflouritecrystals_diflouritecrystal" GUID="7+oXQg80OkarwKMQ5PGQ/Q=="/>
		<POI MapID="1271" xpos="131.714" ypos="77.5465" zpos="-386.472" type="tw_guides.tw_lws4.tw_lws4_sandsweptisles.tw_lws4_sandsweptisles_diflouritecrystals.tw_lws4_sandsweptisles_diflouritecrystals_diflouritecrystal" GUID="14+WUH+Ahk++B4tgVW5YjA=="/>
		<POI MapID="1271" xpos="222.313" ypos="77.1836" zpos="-39.5542" type="tw_guides.tw_lws4.tw_lws4_sandsweptisles.tw_lws4_sandsweptisles_diflouritecrystals.tw_lws4_sandsweptisles_diflouritecrystals_diflouritecrystal" GUID="k6Y0KhBIs0yVDq+cCDAVLg=="/>
		<POI MapID="1271" xpos="-558.908" ypos="-6.79986" zpos="885.772" type="tw_guides.tw_lws4.tw_lws4_sandsweptisles.tw_lws4_sandsweptisles_diflouritecrystals.tw_lws4_sandsweptisles_diflouritecrystals_diflouritecrystal" GUID="XGD1NW7KP0GiMLexPEUTYQ=="/>
		<POI MapID="1271" xpos="705.302" ypos="-2.90344" zpos="736.577" type="tw_guides.tw_lws4.tw_lws4_sandsweptisles.tw_lws4_sandsweptisles_diflouritecrystals.tw_lws4_sandsweptisles_diflouritecrystals_diflouritecrystal" GUID="uFQAWrxGDUiKRzfo68X8Tg=="/>
		<POI MapID="1271" xpos="322.685" ypos="0.836856" zpos="-866.647" type="tw_guides.tw_lws4.tw_lws4_sandsweptisles.tw_lws4_sandsweptisles_diflouritecrystals.tw_lws4_sandsweptisles_diflouritecrystals_diflouritecrystal" GUID="8M04v/YtFkePwTZXRLA59Q=="/>
		<POI MapID="1271" xpos="166.496" ypos="40.3493" zpos="-810.092" type="tw_guides.tw_lws4.tw_lws4_sandsweptisles.tw_lws4_sandsweptisles_diflouritecrystals.tw_lws4_sandsweptisles_diflouritecrystals_diflouritecrystal" GUID="OWN+jtuZz0eVOZGqwRTAAg=="/>
		<POI MapID="1271" xpos="296.329" ypos="0.225168" zpos="-551.017" type="tw_guides.tw_lws4.tw_lws4_sandsweptisles.tw_lws4_sandsweptisles_diflouritecrystals.tw_lws4_sandsweptisles_diflouritecrystals_diflouritecrystal" GUID="bf3VDb5cYEuKBgRtGSZ8RA=="/>
		<POI MapID="1271" xpos="475.529" ypos="52.6374" zpos="-708.299" type="tw_guides.tw_lws4.tw_lws4_sandsweptisles.tw_lws4_sandsweptisles_diflouritecrystals.tw_lws4_sandsweptisles_diflouritecrystals_diflouritecrystal" GUID="WS54zfXP3UiAD+pV6sn1Qw=="/>
		<POI MapID="1271" xpos="698.844" ypos="3.83894" zpos="348.783" type="tw_guides.tw_lws4.tw_lws4_sandsweptisles.tw_lws4_sandsweptisles_diflouritecrystals.tw_lws4_sandsweptisles_diflouritecrystals_diflouritecrystal" GUID="SPBIKUvQyk+cVChkz0snKg=="/>
		<POI MapID="1271" xpos="-471.592" ypos="-0.1542" zpos="812.471" type="tw_guides.tw_lws4.tw_lws4_sandsweptisles.tw_lws4_sandsweptisles_diflouritecrystals.tw_lws4_sandsweptisles_diflouritecrystals_diflouritecrystal" GUID="prtAvZT0n0O87aZFgMcTXg=="/>
		<POI MapID="1271" xpos="606.504" ypos="-3.94927" zpos="974.641" type="tw_guides.tw_lws4.tw_lws4_sandsweptisles.tw_lws4_sandsweptisles_diflouritecrystals.tw_lws4_sandsweptisles_diflouritecrystals_diflouritecrystal" GUID="P/LUpDONak6L4SlZYZrZ1Q=="/>
		<POI MapID="1271" xpos="753.262" ypos="-10.4797" zpos="873.663" type="tw_guides.tw_lws4.tw_lws4_sandsweptisles.tw_lws4_sandsweptisles_diflouritecrystals.tw_lws4_sandsweptisles_diflouritecrystals_diflouritecrystal" GUID="BnoUBbZvGECWxwN7vmqsxg=="/>
		<POI MapID="1271" xpos="326.41" ypos="2.05396" zpos="513.839" type="tw_guides.tw_lws4.tw_lws4_sandsweptisles.tw_lws4_sandsweptisles_diflouritecrystals.tw_lws4_sandsweptisles_diflouritecrystals_diflouritecrystal" GUID="e1EF/pSIRUuF/KopTJv09A=="/>
		<POI MapID="1271" xpos="247.11" ypos="10.8294" zpos="605.699" type="tw_guides.tw_lws4.tw_lws4_sandsweptisles.tw_lws4_sandsweptisles_diflouritecrystals.tw_lws4_sandsweptisles_diflouritecrystals_diflouritecrystal" GUID="Aq72GP9BKU2tdEAOdApwsA=="/>
		<POI MapID="1271" xpos="-200.811" ypos="-24.8347" zpos="360.76" type="tw_guides.tw_lws4.tw_lws4_sandsweptisles.tw_lws4_sandsweptisles_diflouritecrystals.tw_lws4_sandsweptisles_diflouritecrystals_diflouritecrystal" GUID="mZHrAt1mA0Wzr1NIPg44EA=="/>
		<POI MapID="1271" xpos="-637.24" ypos="1.5136" zpos="-155.615" type="tw_guides.tw_lws4.tw_lws4_sandsweptisles.tw_lws4_sandsweptisles_diflouritecrystals.tw_lws4_sandsweptisles_diflouritecrystals_diflouritecrystal" GUID="HJc2uy4m+0mSM59azwJvhQ=="/>
		<POI MapID="1271" xpos="382.167" ypos="36.812" zpos="345.006" type="tw_guides.tw_lws4.tw_lws4_sandsweptisles.tw_lws4_sandsweptisles_diflouritecrystals.tw_lws4_sandsweptisles_diflouritecrystals_diflouritecrystal" GUID="2GHHgefUR0qUFzmTxig+0Q=="/>
		<POI MapID="1271" xpos="714.265" ypos="-9.16847" zpos="-265.709" type="tw_guides.tw_lws4.tw_lws4_sandsweptisles.tw_lws4_sandsweptisles_diflouritecrystals.tw_lws4_sandsweptisles_diflouritecrystals_diflouritecrystal" GUID="xIEZHcKCDEyhWxhpBF0wRA=="/>
		<POI MapID="1271" xpos="576.353" ypos="48.436" zpos="-1228.44" type="tw_guides.tw_lws4.tw_lws4_sandsweptisles.tw_lws4_sandsweptisles_diflouritecrystals.tw_lws4_sandsweptisles_diflouritecrystals_diflouritecrystal" GUID="naWQu+Z/A02LsH1QCne9pA=="/>
		<POI MapID="1271" xpos="183.971" ypos="162.464" zpos="41.1773" type="tw_guides.tw_lws4.tw_lws4_sandsweptisles.tw_lws4_sandsweptisles_diflouritecrystals.tw_lws4_sandsweptisles_diflouritecrystals_diflouritecrystal" GUID="asHP4M9oP0StKgKLxiZMuw=="/>
		<POI MapID="1271" xpos="-644.605" ypos="-20.0304" zpos="808.771" type="tw_guides.tw_lws4.tw_lws4_sandsweptisles.tw_lws4_sandsweptisles_diflouritecrystals.tw_lws4_sandsweptisles_diflouritecrystals_diflouritecrystal" GUID="LnFxQXSWU0ekwUM21Xg5TA=="/>
		<POI MapID="1271" xpos="675.192" ypos="-13.4824" zpos="999.884" type="tw_guides.tw_lws4.tw_lws4_sandsweptisles.tw_lws4_sandsweptisles_diflouritecrystals.tw_lws4_sandsweptisles_diflouritecrystals_diflouritecrystal" GUID="W4ZiJrdSckSffPDSYo15kg=="/>
		<POI MapID="1271" xpos="-192.814" ypos="3.00474" zpos="532.979" type="tw_guides.tw_lws4.tw_lws4_sandsweptisles.tw_lws4_sandsweptisles_tradecaches" GUID="Qap0WcVMrU+StFbgozFK4Q=="/>
		<POI MapID="1271" xpos="30.7355" ypos="32.3846" zpos="602.595" type="tw_guides.tw_lws4.tw_lws4_sandsweptisles.tw_lws4_sandsweptisles_tradecaches" GUID="pFoqXKO0E0OKNNuUwiHKeg=="/>
		<POI MapID="1271" xpos="46.7621" ypos="34.1539" zpos="475.905" type="tw_guides.tw_lws4.tw_lws4_sandsweptisles.tw_lws4_sandsweptisles_tradecaches" GUID="zRbX2oaQgEOxEQNxTnc46g=="/>
		<POI MapID="1271" xpos="427.043" ypos="113.152" zpos="893.956" type="tw_guides.tw_lws4.tw_lws4_sandsweptisles.tw_lws4_sandsweptisles_tradecaches" GUID="HvrNOJLxXUalNaEwMqGvcg=="/>
		<POI MapID="1271" xpos="669.165" ypos="7.39279" zpos="865.618" type="tw_guides.tw_lws4.tw_lws4_sandsweptisles.tw_lws4_sandsweptisles_sandpiles" GUID="DdcJwtBIfEiDVpTXZjM1tg=="/>
		<POI MapID="1271" xpos="682.334" ypos="1.26211" zpos="658.022" type="tw_guides.tw_lws4.tw_lws4_sandsweptisles.tw_lws4_sandsweptisles_tradecaches" GUID="0ZQbIuolxESYuu7JnsgZVw=="/>
		<POI MapID="1271" xpos="281.389" ypos="31.9894" zpos="715.613" type="tw_guides.tw_lws4.tw_lws4_sandsweptisles.tw_lws4_sandsweptisles_tradecaches" GUID="nWG0AkSs+Ea5lDh2ekOhwg=="/>
		<POI MapID="1271" xpos="-397.995" ypos="32.5725" zpos="186.485" type="tw_guides.tw_lws4.tw_lws4_sandsweptisles.tw_lws4_sandsweptisles_tradecaches" GUID="6E3e/ikuW0KFi3iw5inyqA=="/>
		<POI MapID="1271" xpos="-304.773" ypos="52.5989" zpos="144.705" type="tw_guides.tw_lws4.tw_lws4_sandsweptisles.tw_lws4_sandsweptisles_tradecaches" GUID="Zl41B00xCkyUsJFV0Qjlkw=="/>
		<POI MapID="1271" xpos="-427.471" ypos="92.082" zpos="24.5016" type="tw_guides.tw_lws4.tw_lws4_sandsweptisles.tw_lws4_sandsweptisles_tradecaches" GUID="X3LmnWbEcE+Jl65OP1AV2A=="/>
		<POI MapID="1271" xpos="-573.898" ypos="8.19593" zpos="-53.0693" type="tw_guides.tw_lws4.tw_lws4_sandsweptisles.tw_lws4_sandsweptisles_tradecaches" GUID="vkO7j5S86kWlwJRkgsWHgg=="/>
		<POI MapID="1271" xpos="-393.482" ypos="14.5955" zpos="-369.115" type="tw_guides.tw_lws4.tw_lws4_sandsweptisles.tw_lws4_sandsweptisles_tradecaches" GUID="Zad8ZKb7vUqZuFbT7UFslA=="/>
		<POI MapID="1271" xpos="-188.315" ypos="77.1431" zpos="50.3496" type="tw_guides.tw_lws4.tw_lws4_sandsweptisles.tw_lws4_sandsweptisles_tradecaches" GUID="0JF58NzA5U6IumYzlazd3A=="/>
		<POI MapID="1271" xpos="549.992" ypos="33.6273" zpos="-916.2" type="tw_guides.tw_lws4.tw_lws4_sandsweptisles.tw_lws4_sandsweptisles_tradecaches" GUID="BMpxZcpMgUSFBRbOn+EZDA=="/>
		<POI MapID="1271" xpos="403.148" ypos="-7.06514" zpos="-600.741" type="tw_guides.tw_lws4.tw_lws4_sandsweptisles.tw_lws4_sandsweptisles_diflouritecrystals.tw_lws4_sandsweptisles_diflouritecrystals_diflouritecrystal" GUID="hQYB1gWvlkCVEIr8cDovgA=="/>
		<POI MapID="1271" xpos="275.043" ypos="0.193388" zpos="-573.317" type="tw_guides.tw_lws4.tw_lws4_sandsweptisles.tw_lws4_sandsweptisles_diflouritecrystals.tw_lws4_sandsweptisles_diflouritecrystals_diflouritecrystal" GUID="aL5rkm6EIUOET7r7D2fVSQ=="/>
		<POI MapID="1271" xpos="-90.2434" ypos="35.8613" zpos="-792.557" type="tw_guides.tw_lws4.tw_lws4_sandsweptisles.tw_lws4_sandsweptisles_tradecaches" GUID="Gj/JwC8rM06tiyE7Jh0hDw=="/>
		<POI MapID="1271" xpos="862.106" ypos="6.30261" zpos="-924.328" type="tw_guides.tw_lws4.tw_lws4_sandsweptisles.tw_lws4_sandsweptisles_tradecaches" GUID="H54Wblk5uES1Q/dzcUC8iw=="/>
		<POI MapID="1271" xpos="808.729" ypos="27.763" zpos="-486.448" type="tw_guides.tw_lws4.tw_lws4_sandsweptisles.tw_lws4_sandsweptisles_otherchests" GUID="QtoFLjJBskiBLdlZ8GxJzA=="/>
		<POI MapID="1271" xpos="688.864" ypos="5.02856" zpos="-132.606" type="tw_guides.tw_lws4.tw_lws4_sandsweptisles.tw_lws4_sandsweptisles_tradecaches" GUID="gl5pHZ8Whk2uXyX0XePLjA=="/>
		<POI MapID="1271" xpos="569.216" ypos="39.5849" zpos="-169.017" type="tw_guides.tw_lws4.tw_lws4_sandsweptisles.tw_lws4_sandsweptisles_tradecaches" GUID="PUyMTeyKVEOnpQnsO6HPMw=="/>
		<POI MapID="1271" xpos="389.336" ypos="58.4249" zpos="-364.837" type="tw_guides.tw_lws4.tw_lws4_sandsweptisles.tw_lws4_sandsweptisles_tradecaches" GUID="BAyMFSfvEUi0Cp4ZNw+/8A=="/>
		<POI MapID="1271" xpos="242.61" ypos="84.946" zpos="-310.064" type="tw_guides.tw_lws4.tw_lws4_sandsweptisles.tw_lws4_sandsweptisles_diflouritecrystals.tw_lws4_sandsweptisles_diflouritecrystals_diflouritecrystal" GUID="2O/uxWkGRkqVVjZR+Tl2yA=="/>
		<POI MapID="1271" xpos="457.924" ypos="122.929" zpos="-58.1319" type="tw_guides.tw_lws4.tw_lws4_sandsweptisles.tw_lws4_sandsweptisles_tradecaches" GUID="1fWygGvpZUKxCrrsYszR7Q=="/>
		<POI MapID="1271" xpos="-54.8675" ypos="163" zpos="41.4386" type="tw_guides.tw_lws4.tw_lws4_sandsweptisles.tw_lws4_sandsweptisles_tradecaches" GUID="DKdvQAlaKUytCoAvYt9QsA=="/>
		<POI MapID="1271" xpos="-228.478" ypos="86.1836" zpos="-463.139" type="tw_guides.tw_lws4.tw_lws4_sandsweptisles.tw_lws4_sandsweptisles_tradecaches" GUID="c0GhbEpoI06u2YaRGe7Rbg=="/>
		<POI MapID="1271" xpos="-16.2361" ypos="6.03661" zpos="-216.958" type="tw_guides.tw_lws4.tw_lws4_sandsweptisles.tw_lws4_sandsweptisles_tradecaches" GUID="J9oyTB9sr0aD6O997nZzbw=="/>
		<POI MapID="1271" xpos="160.627" ypos="22.4869" zpos="-331.174" type="tw_guides.tw_lws4.tw_lws4_sandsweptisles.tw_lws4_sandsweptisles_tradecaches" GUID="zPsShvlxNk+mgAxKZIVuwQ=="/>
		<POI MapID="1271" xpos="288.061" ypos="26.2609" zpos="-110.025" type="tw_guides.tw_lws4.tw_lws4_sandsweptisles.tw_lws4_sandsweptisles_tradecaches" GUID="lWBIPOSqKkO+FXt0aINjlQ=="/>
		<POI MapID="1271" xpos="276.672" ypos="49.5146" zpos="-258.158" type="tw_guides.tw_lws4.tw_lws4_sandsweptisles.tw_lws4_sandsweptisles_otherchests" GUID="2YuemEt52UaJBrg8EM41dA=="/>
		<POI MapID="1271" xpos="-539.085" ypos="-3.72485" zpos="602.863" type="tw_guides.tw_lws4.tw_lws4_sandsweptisles.tw_lws4_sandsweptisles_diflouritecrystals.tw_lws4_sandsweptisles_diflouritecrystals_diflouritecrystal" GUID="1nZb9JmhQEKuuogMEVblWg=="/>
		<POI MapID="1271" xpos="-586.019" ypos="3.51331" zpos="694.418" type="tw_guides.tw_lws4.tw_lws4_sandsweptisles.tw_lws4_sandsweptisles_tradecaches" GUID="V1WMwi5mfkWAAkn2P/WGVQ=="/>
		<POI MapID="1271" xpos="-454.349" ypos="2.79286" zpos="823.852" type="tw_guides.tw_lws4.tw_lws4_sandsweptisles.tw_lws4_sandsweptisles_tradecaches" GUID="tIrnuEajyEexRsKjk/S6jw=="/>
		<POI MapID="1271" xpos="-196.862" ypos="91.1588" zpos="1071.44" type="tw_guides.tw_lws4.tw_lws4_sandsweptisles.tw_lws4_sandsweptisles_tradecaches" GUID="bCMWix/tuUu0jMSOaDjhrQ=="/>
		<POI MapID="1271" xpos="612.957" ypos="20.4317" zpos="1012.11" type="tw_guides.tw_lws4.tw_lws4_sandsweptisles.tw_lws4_sandsweptisles_tradecaches" GUID="HWSwN23BVkiTIXSr7qSElA=="/>
		<POI MapID="1271" xpos="-336.708" ypos="74.2655" zpos="-139.088" type="tw_guides.tw_lws4.tw_lws4_sandsweptisles.tw_lws4_sandsweptisles_tradecaches" GUID="dBxgaHRj8kO8aKlmBtM88w=="/>
		<POI MapID="1271" xpos="-232.001" ypos="0.0482233" zpos="318.334" type="tw_guides.tw_lws4.tw_lws4_sandsweptisles.tw_lws4_sandsweptisles_portals.tw_lws4_sandsweptisles_portals_portal" GUID="KhKMT39NeUGnq4OjbAoyhA=="/>
		<POI MapID="1271" xpos="-217.783" ypos="-0.0536205" zpos="508.544" type="tw_guides.tw_lws4.tw_lws4_sandsweptisles.tw_lws4_sandsweptisles_portals.tw_lws4_sandsweptisles_portals_portal" GUID="gdHxNkZKJ0y3FCO+vcW1qw=="/>
		<POI MapID="1271" xpos="-471.738" ypos="35.5256" zpos="709.732" type="tw_guides.tw_lws4.tw_lws4_sandsweptisles.tw_lws4_sandsweptisles_portals.tw_lws4_sandsweptisles_portals_portal" GUID="wOI7xDTPY0G5FJHjTtir/A=="/>
		<POI MapID="1271" xpos="-544.51" ypos="1.82301" zpos="225.843" type="tw_guides.tw_lws4.tw_lws4_sandsweptisles.tw_lws4_sandsweptisles_portals.tw_lws4_sandsweptisles_portals_portal" GUID="hQRkjRXdcEeS017bSelASA=="/>
		<POI MapID="1271" xpos="-22.5609" ypos="144.956" zpos="886.938" type="tw_guides.tw_lws4.tw_lws4_sandsweptisles.tw_lws4_sandsweptisles_diflouritecrystals.tw_lws4_sandsweptisles_diflouritecrystals_diflouritecrystal" GUID="CzStzsjFe0ybrASgCjrz8w=="/>
		<POI MapID="1271" xpos="-20.2399" ypos="142.187" zpos="872.542" type="tw_guides.tw_lws4.tw_lws4_sandsweptisles.tw_lws4_sandsweptisles_portals.tw_lws4_sandsweptisles_portals_portal" GUID="rzr6aZA6sUuVMKfSurknBw=="/>
		<POI MapID="1271" xpos="73.4813" ypos="159.121" zpos="119.714" type="tw_guides.tw_lws4.tw_lws4_sandsweptisles.tw_lws4_sandsweptisles_portals.tw_lws4_sandsweptisles_portals_portal" GUID="wyzLFxu0TUeT2Aq8fO3s0g=="/>
		<POI MapID="1271" xpos="83.9017" ypos="27.5044" zpos="456.706" type="tw_guides.tw_lws4.tw_lws4_sandsweptisles.tw_lws4_sandsweptisles_portals.tw_lws4_sandsweptisles_portals_portal" GUID="hq7SZm0GmEWQcyI6Sxe8bA=="/>
		<POI MapID="1271" xpos="95.5544" ypos="81.0479" zpos="142.216" type="tw_guides.tw_lws4.tw_lws4_sandsweptisles.tw_lws4_sandsweptisles_portals.tw_lws4_sandsweptisles_portals_portal" GUID="kVfWBLz/NEOjpdJpZsqH1g=="/>
		<POI MapID="1271" xpos="331.623" ypos="30.189" zpos="525.353" type="tw_guides.tw_lws4.tw_lws4_sandsweptisles.tw_lws4_sandsweptisles_portals.tw_lws4_sandsweptisles_portals_portal" GUID="WXzmTwOv6U2cSrNcChEBxA=="/>
		<POI MapID="1271" xpos="394.569" ypos="38.2298" zpos="412.729" type="tw_guides.tw_lws4.tw_lws4_sandsweptisles.tw_lws4_sandsweptisles_portals.tw_lws4_sandsweptisles_portals_portal" GUID="VcOzQVR8uUmg1jNbtI8qMg=="/>
		<POI MapID="1271" xpos="377.795" ypos="33.5153" zpos="330.268" type="tw_guides.tw_lws4.tw_lws4_sandsweptisles.tw_lws4_sandsweptisles_portals.tw_lws4_sandsweptisles_portals_portal" GUID="4aVQfbmTTUC9JCyUYs0nOA=="/>
		<POI MapID="1271" xpos="564.055" ypos="35.5387" zpos="-138.777" type="tw_guides.tw_lws4.tw_lws4_sandsweptisles.tw_lws4_sandsweptisles_portals.tw_lws4_sandsweptisles_portals_portal" GUID="tCMQThPEM0y+1G6tZ3VWkA=="/>
		<POI MapID="1271" xpos="518.642" ypos="21.4489" zpos="-280.526" type="tw_guides.tw_lws4.tw_lws4_sandsweptisles.tw_lws4_sandsweptisles_otherchests" GUID="5SlyE69smU6qVyuyr7a+hQ=="/>
		<POI MapID="1271" xpos="471.746" ypos="30.8772" zpos="-291.292" type="tw_guides.tw_lws4.tw_lws4_sandsweptisles.tw_lws4_sandsweptisles_tradecaches" GUID="n6Tvl1GfrkqfvM1Qa08OTA=="/>
		<POI MapID="1271" xpos="436.591" ypos="53.2368" zpos="-431.157" type="tw_guides.tw_lws4.tw_lws4_sandsweptisles.tw_lws4_sandsweptisles_portals.tw_lws4_sandsweptisles_portals_portal" GUID="kAdjRfcBqkuJfSlnyVBYnQ=="/>
		<POI MapID="1271" xpos="658.954" ypos="41.3952" zpos="-623.789" type="tw_guides.tw_lws4.tw_lws4_sandsweptisles.tw_lws4_sandsweptisles_portals.tw_lws4_sandsweptisles_portals_portal" GUID="hZOfgawilk+Of7Hh9FfJFw=="/>
		<POI MapID="1271" xpos="464.256" ypos="47.5734" zpos="-678.587" type="tw_guides.tw_lws4.tw_lws4_sandsweptisles.tw_lws4_sandsweptisles_portals.tw_lws4_sandsweptisles_portals_portal" GUID="pSFscWQ+V0+oXdqMDkZxNg=="/>
		<POI MapID="1271" xpos="119.154" ypos="66.5538" zpos="-650.42" type="tw_guides.tw_lws4.tw_lws4_sandsweptisles.tw_lws4_sandsweptisles_portals.tw_lws4_sandsweptisles_portals_portal" GUID="z9Uzu+WXMUyIZmc5BHj7pA=="/>
		<POI MapID="1271" xpos="-66.6834" ypos="30.3584" zpos="-576.872" type="tw_guides.tw_lws4.tw_lws4_sandsweptisles.tw_lws4_sandsweptisles_portals.tw_lws4_sandsweptisles_portals_portal" GUID="2Spu6UU18UajS8D5kRXJOw=="/>
		<POI MapID="1271" xpos="135.351" ypos="97.5397" zpos="-444.644" type="tw_guides.tw_lws4.tw_lws4_sandsweptisles.tw_lws4_sandsweptisles_portals.tw_lws4_sandsweptisles_portals_portal" GUID="NzQFk3OMwkWsJSieeYzBBw=="/>
		<POI MapID="1271" xpos="59.5727" ypos="50.3803" zpos="-448.743" type="tw_guides.tw_lws4.tw_lws4_sandsweptisles.tw_lws4_sandsweptisles_tradecaches" GUID="NDB7WBmKmU6uY3SeaEO/AQ=="/>
		<POI MapID="1271" xpos="-244.931" ypos="142.075" zpos="-329.213" type="tw_guides.tw_lws4.tw_lws4_sandsweptisles.tw_lws4_sandsweptisles_portals.tw_lws4_sandsweptisles_portals_portal" GUID="w4Dx1FAVjUq1wnn9QbTbOA=="/>
		<POI MapID="1271" xpos="-165.046" ypos="50.1948" zpos="140.951" type="tw_guides.tw_lws4.tw_lws4_sandsweptisles.tw_lws4_sandsweptisles_portals.tw_lws4_sandsweptisles_portals_portal" GUID="ACunNcuYuU+g5qUiAkh/gg=="/>
		<POI MapID="1271" xpos="-434.767" ypos="135.563" zpos="-288.009" type="tw_guides.tw_lws4.tw_lws4_sandsweptisles.tw_lws4_sandsweptisles_portals.tw_lws4_sandsweptisles_portals_portal" GUID="280AMLHiBEO/wjkLgFGVlg=="/>
		<POI MapID="1271" xpos="-397.754" ypos="105.108" zpos="-90.8591" type="tw_guides.tw_lws4.tw_lws4_sandsweptisles.tw_lws4_sandsweptisles_portals.tw_lws4_sandsweptisles_portals_portal" GUID="RfkRxiOHL0eWoj2XUMlLxA=="/>
		<POI MapID="1271" xpos="-536.437" ypos="49.1764" zpos="-246.551" type="tw_guides.tw_lws4.tw_lws4_sandsweptisles.tw_lws4_sandsweptisles_tradecaches" GUID="AdT4/r/6U0elInNclKZYIg=="/>
		<POI MapID="1271" xpos="486.483" ypos="57.079" zpos="-248.21" type="tw_guides.tw_lws4.tw_lws4_sandsweptisles.tw_lws4_sandsweptisles_tradecaches" GUID="OMYzvrS+jkqSaB/xkoVJ1A=="/>
		<POI MapID="1271" xpos="145.117" ypos="90.7251" zpos="-13.0074" type="tw_guides.tw_lws4.tw_lws4_sandsweptisles.tw_lws4_sandsweptisles_otherchests" GUID="0NjlKSA+WU6Gh41AajbMRg=="/>
		<POI MapID="1271" xpos="-68.8235" ypos="0.628589" zpos="329.436" type="tw_guides.tw_lws4.tw_lws4_sandsweptisles.tw_lws4_sandsweptisles_diflouritecrystals.tw_lws4_sandsweptisles_diflouritecrystals_diflouritecrystal" GUID="bOCTK7Jctkai3Vr7v1GiGw=="/>
		<POI MapID="1271" xpos="248.169" ypos="0.976754" zpos="523.861" type="tw_guides.tw_lws4.tw_lws4_sandsweptisles.tw_lws4_sandsweptisles_tradecaches" GUID="vJjBNSZ9XECnLQTh8jWFaw=="/>
		<POI MapID="1271" xpos="370.862" ypos="-13.2389" zpos="494.055" type="tw_guides.tw_lws4.tw_lws4_sandsweptisles.tw_lws4_sandsweptisles_otherchests" GUID="t6IkOijBZ0S89tidabhXuA=="/>
		<POI MapID="1271" xpos="550.352" ypos="0.653407" zpos="621.031" type="tw_guides.tw_lws4.tw_lws4_sandsweptisles.tw_lws4_sandsweptisles_otherchests" GUID="6uE1kQE27EekS1y93jY0wQ=="/>
		<POI MapID="1271" xpos="655.428" ypos="-2.63452" zpos="590.945" type="tw_guides.tw_lws4.tw_lws4_sandsweptisles.tw_lws4_sandsweptisles_otherchests" GUID="/NPVE0rigU+JWcjzZsmoaQ=="/>
		<POI MapID="1271" xpos="-123.603" ypos="96.3106" zpos="837.331" type="tw_guides.tw_lws4.tw_lws4_sandsweptisles.tw_lws4_sandsweptisles_otherchests" GUID="TgZeIKhR80KbZlX0BW6EGQ=="/>
		<POI MapID="1271" xpos="-449.371" ypos="73.6536" zpos="1010.19" type="tw_guides.tw_lws4.tw_lws4_sandsweptisles.tw_lws4_sandsweptisles_tradecaches" GUID="+o7Hm2JRsEKYkKpmhZ0H3w=="/>
		<POI MapID="1271" xpos="-489.33" ypos="0.281642" zpos="864.973" type="tw_guides.tw_lws4.tw_lws4_sandsweptisles.tw_lws4_sandsweptisles_otherchests" GUID="UlH42Aq8EUOAZwAm2S6SYQ=="/>
		<POI MapID="1271" xpos="104.28" ypos="-7.3306" zpos="452.146" type="tw_guides.tw_lws4.tw_lws4_sandsweptisles.tw_lws4_sandsweptisles_otherchests" GUID="v7Qnqs6SCEa99D0qYR/Gug=="/>
		<POI MapID="1271" xpos="56.7087" ypos="94.497" zpos="799.352" type="tw_guides.tw_lws4.tw_lws4_sandsweptisles.tw_lws4_sandsweptisles_tradecaches" GUID="kTci4+/9Q0C/EGTjcS/B3Q=="/>
		<POI MapID="1271" xpos="597.939" ypos="3.90286" zpos="659.171" type="tw_guides.tw_lws4.tw_lws4_sandsweptisles.tw_lws4_sandsweptisles_eeriedriftwood.tw_lws4_sandsweptisles_eeriedriftwoods_eeriedriftwood" GUID="tWU9b/AFvkukYPxueoBKag=="/>
		<POI MapID="1271" xpos="493.639" ypos="1.23153" zpos="490.727" type="tw_guides.tw_lws4.tw_lws4_sandsweptisles.tw_lws4_sandsweptisles_tradecaches" GUID="El/mli81dUetiYXYHcTmwA=="/>
		<POI MapID="1271" xpos="603.68" ypos="52.096" zpos="874.058" type="tw_guides.tw_lws4.tw_lws4_sandsweptisles.tw_lws4_sandsweptisles_eeriedriftwood.tw_lws4_sandsweptisles_eeriedriftwoods_eeriedriftwood" GUID="+1A4/lXgzU2QmGTDeBF+KQ=="/>
		<POI MapID="1271" xpos="-388.102" ypos="7.73991" zpos="-33.1579" type="tw_guides.tw_lws4.tw_lws4_sandsweptisles.tw_lws4_sandsweptisles_otherchests" GUID="Uxv3Ris+b0u6in5g7ca2Dg=="/>
		<POI MapID="1271" xpos="-495.058" ypos="130.257" zpos="82.9755" type="tw_guides.tw_lws4.tw_lws4_sandsweptisles.tw_lws4_sandsweptisles_diflouritecrystals.tw_lws4_sandsweptisles_diflouritecrystals_diflouritecrystal" GUID="iTLZfsi+AkWlKDh057oq+A=="/>
		<POI MapID="1271" xpos="515.154" ypos="40.4939" zpos="-1148.31" type="tw_guides.tw_lws4.tw_lws4_sandsweptisles.tw_lws4_sandsweptisles_tradecaches" GUID="vPIFrqvuAUOMxPizFY2q2A=="/>
		<POI MapID="1271" xpos="-101.19" ypos="132.113" zpos="-348.867" type="tw_guides.tw_lws4.tw_lws4_sandsweptisles.tw_lws4_sandsweptisles_tradecaches" GUID="N2GZMD8OeUekFrKb+suvyQ=="/>
		<POI MapID="1271" xpos="291.511" ypos="3.4647" zpos="539.112" type="tw_guides.tw_lws4.tw_lws4_sandsweptisles.tw_lws4_sandsweptisles_sandpiles" GUID="YdYV2GqW+EycykB7s/nyRg=="/>
		<POI MapID="1271" xpos="340.346" ypos="-8.3182" zpos="-690.062" type="tw_guides.tw_lws4.tw_lws4_sandsweptisles.tw_lws4_sandsweptisles_diflouritecrystals.tw_lws4_sandsweptisles_diflouritecrystals_diflouritecrystal" GUID="kcZRsO8hbEyzK7QUFYZFgA=="/>
		<POI MapID="1271" xpos="408.977" ypos="1.57275" zpos="220.027" type="tw_guides.tw_lws4.tw_lws4_sandsweptisles.tw_lws4_sandsweptisles_sandpiles" GUID="X3g83MxypkidDb9Py7u1dA=="/>
		<POI MapID="1271" xpos="661.428" ypos="12.1253" zpos="867.248" type="tw_guides.tw_lws4.tw_lws4_sandsweptisles.tw_lws4_sandsweptisles_otherchests" GUID="VVkVWna1N0CQEWgpXB4vkA=="/>
		<POI MapID="1271" xpos="478.268" ypos="81.2976" zpos="856.666" type="tw_guides.tw_lws4.tw_lws4_sandsweptisles.tw_lws4_sandsweptisles_diflouritecrystals.tw_lws4_sandsweptisles_diflouritecrystals_diflouritecrystal" GUID="v6ij4eqAtkO1ruGcULs2SQ=="/>
		<POI MapID="1271" xpos="-572.29" ypos="1.13827" zpos="602.198" type="tw_guides.tw_lws4.tw_lws4_sandsweptisles.tw_lws4_sandsweptisles_tradecaches" GUID="FmWgMxWDaEy0jh550B5xmg=="/>
		<POI MapID="1271" xpos="-694.899" ypos="-20.1321" zpos="819.398" type="tw_guides.tw_lws4.tw_lws4_sandsweptisles.tw_lws4_sandsweptisles_diflouritecrystals.tw_lws4_sandsweptisles_diflouritecrystals_diflouritecrystal" GUID="//c3jpn3xEiK+IIwCYcBjA=="/>
		<POI MapID="1271" xpos="-517.777" ypos="1.08173" zpos="1024.65" type="tw_guides.tw_lws4.tw_lws4_sandsweptisles.tw_lws4_sandsweptisles_sandpiles" GUID="oCmXlPmrWkOZNB/LTAPbug=="/>
		<POI MapID="1271" xpos="-14.7667" ypos="0.56819" zpos="498.155" type="tw_guides.tw_lws4.tw_lws4_sandsweptisles.tw_lws4_sandsweptisles_sandpiles" GUID="F6k+rMey7ECHqIvoo4jyPw=="/>
		<POI MapID="1271" xpos="-15.1629" ypos="0.691149" zpos="499.334" type="tw_guides.tw_lws4.tw_lws4_sandsweptisles.tw_lws4_sandsweptisles_eeriedriftwood.tw_lws4_sandsweptisles_eeriedriftwoods_eeriedriftwood" GUID="mB/RSyoK70i0wrTfA4x/gA=="/>
		<POI MapID="1271" xpos="513.159" ypos="0.291573" zpos="328.353" type="tw_guides.tw_lws4.tw_lws4_sandsweptisles.tw_lws4_sandsweptisles_sandpiles" GUID="wnuz63iJPUOAiIZYifuW/g=="/>
		<POI MapID="1271" xpos="820.327" ypos="-11.9954" zpos="-235.18" type="tw_guides.tw_lws4.tw_lws4_sandsweptisles.tw_lws4_sandsweptisles_diflouritecrystals.tw_lws4_sandsweptisles_diflouritecrystals_diflouritecrystal" GUID="/osJBYjx0UqvDJJqB4cE3Q=="/>
		<POI MapID="1271" xpos="651.206" ypos="13.8474" zpos="-603.645" type="tw_guides.tw_lws4.tw_lws4_sandsweptisles.tw_lws4_sandsweptisles_tradecaches" GUID="b1KcWLCUE02jK6Rz6RS0JA=="/>
		<POI MapID="1271" xpos="613.277" ypos="9.89357" zpos="-594.322" type="tw_guides.tw_lws4.tw_lws4_sandsweptisles.tw_lws4_sandsweptisles_diflouritecrystals.tw_lws4_sandsweptisles_diflouritecrystals_diflouritecrystal" GUID="Bo1IanVxeUaGvSP1EpWFpw=="/>
		<POI MapID="1271" xpos="559.039" ypos="43.4459" zpos="-837.213" type="tw_guides.tw_lws4.tw_lws4_sandsweptisles.tw_lws4_sandsweptisles_diflouritecrystals.tw_lws4_sandsweptisles_diflouritecrystals_diflouritecrystal" GUID="PMkws66EuEqXojWTHpqUKQ=="/>
		<POI MapID="1271" xpos="490.797" ypos="4.05593" zpos="-970.312" type="tw_guides.tw_lws4.tw_lws4_sandsweptisles.tw_lws4_sandsweptisles_diflouritecrystals.tw_lws4_sandsweptisles_diflouritecrystals_diflouritecrystal" GUID="HjJZ6njNG0ia4hmae9PZBA=="/>
		<POI MapID="1271" xpos="-63.6326" ypos="-6.94566" zpos="-996.977" type="tw_guides.tw_lws4.tw_lws4_sandsweptisles.tw_lws4_sandsweptisles_diflouritecrystals.tw_lws4_sandsweptisles_diflouritecrystals_diflouritecrystal" GUID="GI0ONqQ2tE2LWn5Ixc77QA=="/>
		<POI MapID="1271" xpos="-140.135" ypos="53.6296" zpos="93.8109" type="tw_guides.tw_lws4.tw_lws4_sandsweptisles.tw_lws4_sandsweptisles_tradecaches" GUID="LjygvZdjtEyh4Bm4WEYt4g=="/>
		<POI MapID="1271" xpos="-8.12773" ypos="-3.8005" zpos="-969.357" type="tw_guides.tw_lws4.tw_lws4_sandsweptisles.tw_lws4_sandsweptisles_diflouritecrystals.tw_lws4_sandsweptisles_diflouritecrystals_diflouritecrystal" GUID="vnjEOO8nEEqXUnb9TlODoA=="/>
		<POI MapID="1271" xpos="670.986" ypos="1.72608" zpos="-1058.96" type="tw_guides.tw_lws4.tw_lws4_sandsweptisles.tw_lws4_sandsweptisles_diflouritecrystals.tw_lws4_sandsweptisles_diflouritecrystals_diflouritecrystal" GUID="bUc2xmMiz0yapPI2dhI6qw=="/>
		<POI MapID="1271" xpos="713.946" ypos="-3.84551" zpos="49.336" type="tw_guides.tw_lws4.tw_lws4_sandsweptisles.tw_lws4_sandsweptisles_diflouritecrystals.tw_lws4_sandsweptisles_diflouritecrystals_diflouritecrystal" GUID="GpEd+n7rZEurtZSqBFMwTQ=="/>
		<POI MapID="1271" xpos="360.785" ypos="3.85316" zpos="355.951" type="tw_guides.tw_lws4.tw_lws4_sandsweptisles.tw_lws4_sandsweptisles_sandpiles" GUID="Z0qt2DucwEOSa7c9IgvZHQ=="/>
		<POI MapID="1271" xpos="-502.729" ypos="-2.46636" zpos="656.149" type="tw_guides.tw_lws4.tw_lws4_sandsweptisles.tw_lws4_sandsweptisles_diflouritecrystals.tw_lws4_sandsweptisles_diflouritecrystals_diflouritecrystal" GUID="y+NlTrOWf0uM8amOoXbYtw=="/>
		<POI MapID="1271" xpos="598.93" ypos="0.283983" zpos="-560.938" type="tw_guides.tw_lws4.tw_lws4_sandsweptisles.tw_lws4_sandsweptisles_sandpiles" GUID="o9q3Qh3FZUKQp/OAyV0HSA=="/>
		<POI MapID="1271" xpos="697.884" ypos="0.256389" zpos="631.112" type="tw_guides.tw_lws4.tw_lws4_sandsweptisles.tw_lws4_sandsweptisles_sandpiles" GUID="aIeWy5daDEea4gov1OAkPg=="/>
		<POI MapID="1271" xpos="800.97" ypos="-9.95848" zpos="727.166" type="tw_guides.tw_lws4.tw_lws4_sandsweptisles.tw_lws4_sandsweptisles_diflouritecrystals.tw_lws4_sandsweptisles_diflouritecrystals_diflouritecrystal" GUID="E7lXjCEKuECQG8L0lJUROg=="/>
		<POI MapID="1271" xpos="776.307" ypos="-19.3643" zpos="1031.42" type="tw_guides.tw_lws4.tw_lws4_sandsweptisles.tw_lws4_sandsweptisles_diflouritecrystals.tw_lws4_sandsweptisles_diflouritecrystals_diflouritecrystal" GUID="byCa5Y7eKUm2JXl2SoHc6Q=="/>
		<POI MapID="1271" xpos="761.469" ypos="-22.9461" zpos="512.216" type="tw_guides.tw_lws4.tw_lws4_sandsweptisles.tw_lws4_sandsweptisles_diflouritecrystals.tw_lws4_sandsweptisles_diflouritecrystals_diflouritecrystal" GUID="Bu/IB4suLUObAzTvN9yVTQ=="/>
		<POI MapID="1271" xpos="793.464" ypos="-57.7721" zpos="337.828" type="tw_guides.tw_lws4.tw_lws4_sandsweptisles.tw_lws4_sandsweptisles_diflouritecrystals.tw_lws4_sandsweptisles_diflouritecrystals_diflouritecrystal" GUID="7YHLzP+HWEuZdNoMjeXsFA=="/>
		<POI MapID="1271" xpos="711.774" ypos="-32.6679" zpos="421.791" type="tw_guides.tw_lws4.tw_lws4_sandsweptisles.tw_lws4_sandsweptisles_diflouritecrystals.tw_lws4_sandsweptisles_diflouritecrystals_diflouritecrystal" GUID="9+PQVj2PT0amFE8EzHxvNQ=="/>
		<POI MapID="1271" xpos="518.298" ypos="-4.24682" zpos="308.859" type="tw_guides.tw_lws4.tw_lws4_sandsweptisles.tw_lws4_sandsweptisles_diflouritecrystals.tw_lws4_sandsweptisles_diflouritecrystals_diflouritecrystal" GUID="bGlJ8hTocUG1Ntav6h2JXQ=="/>
		<POI MapID="1271" xpos="459.096" ypos="-7.76983" zpos="268.124" type="tw_guides.tw_lws4.tw_lws4_sandsweptisles.tw_lws4_sandsweptisles_diflouritecrystals.tw_lws4_sandsweptisles_diflouritecrystals_diflouritecrystal" GUID="3FS02nD4jU2tSr9TTDUDQQ=="/>
		<POI MapID="1271" xpos="361.86" ypos="-14.5564" zpos="488.84" type="tw_guides.tw_lws4.tw_lws4_sandsweptisles.tw_lws4_sandsweptisles_diflouritecrystals.tw_lws4_sandsweptisles_diflouritecrystals_diflouritecrystal" GUID="yrzoA1elCk6Hc+YuhovBLw=="/>
		<POI MapID="1271" xpos="549.01" ypos="0.629073" zpos="728.29" type="tw_guides.tw_lws4.tw_lws4_sandsweptisles.tw_lws4_sandsweptisles_sandpiles" GUID="P//CvENZs0yBdGFA9UmrUw=="/>
		<POI MapID="1271" xpos="531.204" ypos="1.56739" zpos="610.479" type="tw_guides.tw_lws4.tw_lws4_sandsweptisles.tw_lws4_sandsweptisles_sandpiles" GUID="lP32B/G65kCPNY8ZdLQisg=="/>
		<POI MapID="1271" xpos="224.91" ypos="-24.6485" zpos="394.471" type="tw_guides.tw_lws4.tw_lws4_sandsweptisles.tw_lws4_sandsweptisles_diflouritecrystals.tw_lws4_sandsweptisles_diflouritecrystals_diflouritecrystal" GUID="ycRtcXNngkidtIF21KE5Ig=="/>
		<POI MapID="1271" xpos="190.874" ypos="-23.1465" zpos="406.896" type="tw_guides.tw_lws4.tw_lws4_sandsweptisles.tw_lws4_sandsweptisles_diflouritecrystals.tw_lws4_sandsweptisles_diflouritecrystals_diflouritecrystal" GUID="T5F4Lsw3rE2gtKVRJ5ItHw=="/>
		<POI MapID="1271" xpos="-9.32585" ypos="-26.2655" zpos="394.977" type="tw_guides.tw_lws4.tw_lws4_sandsweptisles.tw_lws4_sandsweptisles_diflouritecrystals.tw_lws4_sandsweptisles_diflouritecrystals_diflouritecrystal" GUID="D2xMXpibUUWPiEDXtStJBQ=="/>
		<POI MapID="1271" xpos="-441.648" ypos="-5.65912" zpos="344.896" type="tw_guides.tw_lws4.tw_lws4_sandsweptisles.tw_lws4_sandsweptisles_diflouritecrystals.tw_lws4_sandsweptisles_diflouritecrystals_diflouritecrystal" GUID="2hQrwt9ID02jW0yKgsxauA=="/>
		<POI MapID="1271" xpos="-493.971" ypos="-9.57107" zpos="329.086" type="tw_guides.tw_lws4.tw_lws4_sandsweptisles.tw_lws4_sandsweptisles_diflouritecrystals.tw_lws4_sandsweptisles_diflouritecrystals_diflouritecrystal" GUID="qxP+5I683EO3oc0NER0tJg=="/>
		<POI MapID="1271" xpos="-499.59" ypos="-56.9847" zpos="405.22" type="tw_guides.tw_lws4.tw_lws4_sandsweptisles.tw_lws4_sandsweptisles_diflouritecrystals.tw_lws4_sandsweptisles_diflouritecrystals_diflouritecrystal" GUID="wDwABM/k/UOqo7YoKyYB7g=="/>
		<POI MapID="1271" xpos="-525.93" ypos="-50.3563" zpos="439.293" type="tw_guides.tw_lws4.tw_lws4_sandsweptisles.tw_lws4_sandsweptisles_diflouritecrystals.tw_lws4_sandsweptisles_diflouritecrystals_diflouritecrystal" GUID="lHk0s6vZzE+eBhUlgaYzcw=="/>
		<POI MapID="1271" xpos="-574.13" ypos="-55.1982" zpos="413.907" type="tw_guides.tw_lws4.tw_lws4_sandsweptisles.tw_lws4_sandsweptisles_diflouritecrystals.tw_lws4_sandsweptisles_diflouritecrystals_diflouritecrystal" GUID="2ScvX9GRQUeZjdBHsnSezA=="/>
		<POI MapID="1271" xpos="659.918" ypos="-16.1874" zpos="500.258" type="tw_guides.tw_lws4.tw_lws4_sandsweptisles.tw_lws4_sandsweptisles_diflouritecrystals.tw_lws4_sandsweptisles_diflouritecrystals_diflouritecrystal" GUID="xxxqtf7wuEO2Qfq2hMFJ3Q=="/>
		<POI MapID="1271" xpos="756.301" ypos="-36.5669" zpos="279.163" type="tw_guides.tw_lws4.tw_lws4_sandsweptisles.tw_lws4_sandsweptisles_diflouritecrystals.tw_lws4_sandsweptisles_diflouritecrystals_diflouritecrystal" GUID="eqQjnIZG1UCDMnHarNRh8g=="/>
		<POI MapID="1271" xpos="811.294" ypos="-7.52462" zpos="-310.322" type="tw_guides.tw_lws4.tw_lws4_sandsweptisles.tw_lws4_sandsweptisles_diflouritecrystals.tw_lws4_sandsweptisles_diflouritecrystals_diflouritecrystal" GUID="7YdNHrtX7EKtWEfByJoJIA=="/>
		<POI MapID="1271" xpos="373.043" ypos="-8.22955" zpos="-1181.56" type="tw_guides.tw_lws4.tw_lws4_sandsweptisles.tw_lws4_sandsweptisles_diflouritecrystals.tw_lws4_sandsweptisles_diflouritecrystals_diflouritecrystal" GUID="UpFdnqENJU6iU1S4IicQew=="/>
		<POI MapID="1271" xpos="220.597" ypos="-5.50439" zpos="-970.396" type="tw_guides.tw_lws4.tw_lws4_sandsweptisles.tw_lws4_sandsweptisles_diflouritecrystals.tw_lws4_sandsweptisles_diflouritecrystals_diflouritecrystal" GUID="p5uD/YELxEqWsLLmjCp9Mw=="/>
		<POI MapID="1271" xpos="132.888" ypos="0.913072" zpos="-998.073" type="tw_guides.tw_lws4.tw_lws4_sandsweptisles.tw_lws4_sandsweptisles_sandpiles" GUID="xZZBvodkfUCImH5/cw2xTA=="/>
		<POI MapID="1271" xpos="-360.068" ypos="-7.82684" zpos="-808.15" type="tw_guides.tw_lws4.tw_lws4_sandsweptisles.tw_lws4_sandsweptisles_diflouritecrystals.tw_lws4_sandsweptisles_diflouritecrystals_diflouritecrystal" GUID="27iOc7mMEEeFltTqv8d3jg=="/>
		<POI MapID="1271" xpos="-391.191" ypos="-26.8244" zpos="-723.365" type="tw_guides.tw_lws4.tw_lws4_sandsweptisles.tw_lws4_sandsweptisles_diflouritecrystals.tw_lws4_sandsweptisles_diflouritecrystals_diflouritecrystal" GUID="GJqRD41zfkySd03Hr3YvAg=="/>
		<POI MapID="1271" xpos="-486.293" ypos="-47.1871" zpos="-759.954" type="tw_guides.tw_lws4.tw_lws4_sandsweptisles.tw_lws4_sandsweptisles_diflouritecrystals.tw_lws4_sandsweptisles_diflouritecrystals_diflouritecrystal" GUID="8HHXk9H1YUa1yDObuVtfuw=="/>
		<POI MapID="1271" xpos="-681.737" ypos="-9.1078" zpos="-330.201" type="tw_guides.tw_lws4.tw_lws4_sandsweptisles.tw_lws4_sandsweptisles_diflouritecrystals.tw_lws4_sandsweptisles_diflouritecrystals_diflouritecrystal" GUID="76JF7MQJ/EO2z4byvAx27g=="/>
		<POI MapID="1271" xpos="-737.429" ypos="-7.9168" zpos="-426.217" type="tw_guides.tw_lws4.tw_lws4_sandsweptisles.tw_lws4_sandsweptisles_diflouritecrystals.tw_lws4_sandsweptisles_diflouritecrystals_diflouritecrystal" GUID="jQIVVmnYB0qFv/aPev8bWw=="/>
		<POI MapID="1271" xpos="-773.644" ypos="-5.97942" zpos="-288.413" type="tw_guides.tw_lws4.tw_lws4_sandsweptisles.tw_lws4_sandsweptisles_diflouritecrystals.tw_lws4_sandsweptisles_diflouritecrystals_diflouritecrystal" GUID="zGWhwQBugkqGInP4Rk9ndg=="/>
		<POI MapID="1271" xpos="-780.596" ypos="-5.70646" zpos="-106.045" type="tw_guides.tw_lws4.tw_lws4_sandsweptisles.tw_lws4_sandsweptisles_diflouritecrystals.tw_lws4_sandsweptisles_diflouritecrystals_diflouritecrystal" GUID="kkoF6upZmkGpB5v8rbvD4A=="/>
		<POI MapID="1271" xpos="-731.03" ypos="-5.51846" zpos="85.4588" type="tw_guides.tw_lws4.tw_lws4_sandsweptisles.tw_lws4_sandsweptisles_diflouritecrystals.tw_lws4_sandsweptisles_diflouritecrystals_diflouritecrystal" GUID="18dOAK2BzkGNGon1vE6jJA=="/>
		<POI MapID="1271" xpos="292.307" ypos="-7.00101" zpos="-624.806" type="tw_guides.tw_lws4.tw_lws4_sandsweptisles.tw_lws4_sandsweptisles_diflouritecrystals.tw_lws4_sandsweptisles_diflouritecrystals_diflouritecrystal" GUID="2/N89SImY0iPyiCPuwdmmg=="/>
		<POI MapID="1271" xpos="117.598" ypos="-4.99118" zpos="-552.282" type="tw_guides.tw_lws4.tw_lws4_sandsweptisles.tw_lws4_sandsweptisles_diflouritecrystals.tw_lws4_sandsweptisles_diflouritecrystals_diflouritecrystal" GUID="Vo3W7X76uUq6z7Ma3tJc+w=="/>
		<POI MapID="1271" xpos="106.783" ypos="-0.287364" zpos="-512.498" type="tw_guides.tw_lws4.tw_lws4_sandsweptisles.tw_lws4_sandsweptisles_sandpiles" GUID="AoVAbVPBB0qWzzJM5rWVSw=="/>
		<POI MapID="1271" xpos="-581.06" ypos="-3.32415" zpos="276.664" type="tw_guides.tw_lws4.tw_lws4_sandsweptisles.tw_lws4_sandsweptisles_diflouritecrystals.tw_lws4_sandsweptisles_diflouritecrystals_diflouritecrystal" GUID="9SXbSgRgq0ex4Iev0fWtXQ=="/>
		<POI MapID="1271" xpos="-522.083" ypos="-9.41378" zpos="511.75" type="tw_guides.tw_lws4.tw_lws4_sandsweptisles.tw_lws4_sandsweptisles_diflouritecrystals.tw_lws4_sandsweptisles_diflouritecrystals_diflouritecrystal" GUID="9HE2PFI3bkyA2Vk7CuJEkw=="/>
		<POI MapID="1271" xpos="-551.931" ypos="-9.69573" zpos="823.641" type="tw_guides.tw_lws4.tw_lws4_sandsweptisles.tw_lws4_sandsweptisles_diflouritecrystals.tw_lws4_sandsweptisles_diflouritecrystals_diflouritecrystal" GUID="fcNugU5VpEyBR05Noa0syQ=="/>
		<POI MapID="1271" xpos="-243.62" ypos="-7.51102" zpos="440.292" type="tw_guides.tw_lws4.tw_lws4_sandsweptisles.tw_lws4_sandsweptisles_diflouritecrystals.tw_lws4_sandsweptisles_diflouritecrystals_diflouritecrystal" GUID="0RxBNeatpEiS3AebiL7AWQ=="/>
		<POI MapID="1271" xpos="156.788" ypos="-30.1725" zpos="339.678" type="tw_guides.tw_lws4.tw_lws4_sandsweptisles.tw_lws4_sandsweptisles_diflouritecrystals.tw_lws4_sandsweptisles_diflouritecrystals_diflouritecrystal" GUID="TUoVQfZtXUqUUQcPITr1Gg=="/>
		<POI MapID="1271" xpos="269.813" ypos="-12.6058" zpos="397.987" type="tw_guides.tw_lws4.tw_lws4_sandsweptisles.tw_lws4_sandsweptisles_diflouritecrystals.tw_lws4_sandsweptisles_diflouritecrystals_diflouritecrystal" GUID="HQpKZ7tWakKI9upT4UOzkw=="/>
		<POI MapID="1271" xpos="450.763" ypos="19.3105" zpos="668.136" type="tw_guides.tw_lws4.tw_lws4_sandsweptisles.tw_lws4_sandsweptisles_diflouritecrystals.tw_lws4_sandsweptisles_diflouritecrystals_diflouritecrystal" GUID="74EETaBHpkyPYmYLS2pZ8Q=="/>
		<POI MapID="1271" xpos="837.851" ypos="-17.5718" zpos="785.556" type="tw_guides.tw_lws4.tw_lws4_sandsweptisles.tw_lws4_sandsweptisles_diflouritecrystals.tw_lws4_sandsweptisles_diflouritecrystals_diflouritecrystal" GUID="j+lEeOZ/DU+5ERcfkpL4Lw=="/>
		<POI MapID="1271" xpos="731.405" ypos="-12.4019" zpos="583.378" type="tw_guides.tw_lws4.tw_lws4_sandsweptisles.tw_lws4_sandsweptisles_diflouritecrystals.tw_lws4_sandsweptisles_diflouritecrystals_diflouritecrystal" GUID="ycCFny7eyEmy+Gchd+FFgQ=="/>
		<POI MapID="1271" xpos="602.206" ypos="0.918666" zpos="-46.9322" type="tw_guides.tw_lws4.tw_lws4_sandsweptisles.tw_lws4_sandsweptisles_sandpiles" GUID="RcaZ6bws30Oxb7hv0ddiiA=="/>
		<POI MapID="1271" xpos="662.514" ypos="65.9043" zpos="-660.901" type="tw_guides.tw_lws4.tw_lws4_sandsweptisles.tw_lws4_sandsweptisles_diflouritecrystals.tw_lws4_sandsweptisles_diflouritecrystals_diflouritecrystal" GUID="YGjdowGM1UilAVuJht88zw=="/>
		<POI MapID="1271" xpos="308.158" ypos="-7.16836" zpos="-1060.35" type="tw_guides.tw_lws4.tw_lws4_sandsweptisles.tw_lws4_sandsweptisles_diflouritecrystals.tw_lws4_sandsweptisles_diflouritecrystals_diflouritecrystal" GUID="wmxwIAf38UGEoFLQqG9/vw=="/>
		<POI MapID="1271" xpos="-16.7611" ypos="-4.7738" zpos="-1101.18" type="tw_guides.tw_lws4.tw_lws4_sandsweptisles.tw_lws4_sandsweptisles_diflouritecrystals.tw_lws4_sandsweptisles_diflouritecrystals_diflouritecrystal" GUID="W4ZjWmq5N0SHllCgzERQ8Q=="/>
		<POI MapID="1271" xpos="-143.056" ypos="-7.85597" zpos="-1052.95" type="tw_guides.tw_lws4.tw_lws4_sandsweptisles.tw_lws4_sandsweptisles_diflouritecrystals.tw_lws4_sandsweptisles_diflouritecrystals_diflouritecrystal" GUID="256YhbQZPkmUvomKsPRuzg=="/>
		<POI MapID="1271" xpos="-181.759" ypos="-4.16402" zpos="-986.975" type="tw_guides.tw_lws4.tw_lws4_sandsweptisles.tw_lws4_sandsweptisles_diflouritecrystals.tw_lws4_sandsweptisles_diflouritecrystals_diflouritecrystal" GUID="KriJM9z1R0KQejWQe8B3lQ=="/>
		<POI MapID="1271" xpos="-279.211" ypos="-48.4547" zpos="-978.395" type="tw_guides.tw_lws4.tw_lws4_sandsweptisles.tw_lws4_sandsweptisles_diflouritecrystals.tw_lws4_sandsweptisles_diflouritecrystals_diflouritecrystal" GUID="FfkUYqmGBUiNlDQp0gFu+Q=="/>
		<POI MapID="1271" xpos="-265.111" ypos="-5.8648" zpos="-903.075" type="tw_guides.tw_lws4.tw_lws4_sandsweptisles.tw_lws4_sandsweptisles_diflouritecrystals.tw_lws4_sandsweptisles_diflouritecrystals_diflouritecrystal" GUID="XwMbJB1dfEmRPcXO+kszYQ=="/>
		<POI MapID="1271" xpos="-501.141" ypos="-9.49911" zpos="-617.647" type="tw_guides.tw_lws4.tw_lws4_sandsweptisles.tw_lws4_sandsweptisles_diflouritecrystals.tw_lws4_sandsweptisles_diflouritecrystals_diflouritecrystal" GUID="Qm9nemHOnEiIebO03pN39w=="/>
		<POI MapID="1271" xpos="-589.44" ypos="-35.2697" zpos="-598.354" type="tw_guides.tw_lws4.tw_lws4_sandsweptisles.tw_lws4_sandsweptisles_diflouritecrystals.tw_lws4_sandsweptisles_diflouritecrystals_diflouritecrystal" GUID="9heWewqFrUiFoJ5P4ah0ig=="/>
		<POI MapID="1271" xpos="-803.787" ypos="-15.506" zpos="-213.179" type="tw_guides.tw_lws4.tw_lws4_sandsweptisles.tw_lws4_sandsweptisles_diflouritecrystals.tw_lws4_sandsweptisles_diflouritecrystals_diflouritecrystal" GUID="v0i37lp310ePAisfoms4Cw=="/>
		<POI MapID="1271" xpos="238.079" ypos="102.227" zpos="-258.989" type="tw_guides.tw_lws4.tw_lws4_sandsweptisles.tw_lws4_sandsweptisles_diflouritecrystals.tw_lws4_sandsweptisles_diflouritecrystals_diflouritecrystal" GUID="gEwYgdbQTEao7Yg0s4R+1w=="/>
		<POI MapID="1271" xpos="277.012" ypos="-0.491264" zpos="-694.916" type="tw_guides.tw_lws4.tw_lws4_sandsweptisles.tw_lws4_sandsweptisles_diflouritecrystals.tw_lws4_sandsweptisles_diflouritecrystals_diflouritecrystal" GUID="m7fa5zecc0Cj0msFmzUwDg=="/>
		<POI MapID="1271" xpos="275.26" ypos="0.28059" zpos="-843.545" type="tw_guides.tw_lws4.tw_lws4_sandsweptisles.tw_lws4_sandsweptisles_diflouritecrystals.tw_lws4_sandsweptisles_diflouritecrystals_diflouritecrystal" GUID="AVAxF+7Fs0ul+kYBC9kn7w=="/>
		<POI MapID="1271" xpos="70.8818" ypos="-4.21148" zpos="464.779" type="tw_guides.tw_lws4.tw_lws4_sandsweptisles.tw_lws4_sandsweptisles_diflouritecrystals.tw_lws4_sandsweptisles_diflouritecrystals_diflouritecrystal" GUID="l0110co0nkm4hOWt4rruKg=="/>
		<POI MapID="1271" xpos="662.493" ypos="-10.8017" zpos="996.26" type="tw_guides.tw_lws4.tw_lws4_sandsweptisles.tw_lws4_sandsweptisles_otherchests" GUID="CwZsfxw9pkGl2FyZB3Y7kA=="/>
		<POI MapID="1271" xpos="-496.073" ypos="-11.8609" zpos="471.013" type="tw_guides.tw_lws4.tw_lws4_sandsweptisles.tw_lws4_sandsweptisles_diflouritecrystals.tw_lws4_sandsweptisles_diflouritecrystals_diflouritecrystal" GUID="TKSvaBYOTUWZYi1KeYZggw=="/>
		<POI MapID="1271" xpos="-592.897" ypos="0.871183" zpos="551.963" type="tw_guides.tw_lws4.tw_lws4_sandsweptisles.tw_lws4_sandsweptisles_sandpiles" GUID="+KNxU9KQa0qxGAETanSWkw=="/>
		<POI MapID="1271" xpos="-731.178" ypos="-35.7195" zpos="-476.109" type="tw_guides.tw_lws4.tw_lws4_sandsweptisles.tw_lws4_sandsweptisles_diflouritecrystals.tw_lws4_sandsweptisles_diflouritecrystals_diflouritecrystal" GUID="Pn4akVZ840mCYoKyquH9og=="/>
		<POI MapID="1271" xpos="-529.64" ypos="-47.3288" zpos="-689.653" type="tw_guides.tw_lws4.tw_lws4_sandsweptisles.tw_lws4_sandsweptisles_diflouritecrystals.tw_lws4_sandsweptisles_diflouritecrystals_diflouritecrystal" GUID="10MuLLdejUyW/hz/FXNsoQ=="/>
		<POI MapID="1271" xpos="769.508" ypos="-0.357107" zpos="-341.794" type="tw_guides.tw_lws4.tw_lws4_sandsweptisles.tw_lws4_sandsweptisles_diflouritecrystals.tw_lws4_sandsweptisles_diflouritecrystals_diflouritecrystal" GUID="VJF0cdddnkC4o1tMutiAdQ=="/>
		<POI MapID="1271" xpos="523.878" ypos="-9.74319" zpos="-407.809" type="tw_guides.tw_lws4.tw_lws4_sandsweptisles.tw_lws4_sandsweptisles_diflouritecrystals.tw_lws4_sandsweptisles_diflouritecrystals_diflouritecrystal" GUID="YpA1WR/zc0irFgE90I8PZg=="/>
		<POI MapID="1271" xpos="479.059" ypos="-9.73211" zpos="-520.584" type="tw_guides.tw_lws4.tw_lws4_sandsweptisles.tw_lws4_sandsweptisles_diflouritecrystals.tw_lws4_sandsweptisles_diflouritecrystals_diflouritecrystal" GUID="B/GTdrD35k+fSjbiJ0rPGw=="/>
		<POI MapID="1271" xpos="186.355" ypos="-6.98891" zpos="-575.552" type="tw_guides.tw_lws4.tw_lws4_sandsweptisles.tw_lws4_sandsweptisles_diflouritecrystals.tw_lws4_sandsweptisles_diflouritecrystals_diflouritecrystal" GUID="eVqPBPDx3kK2snVO/88p3w=="/>
		<POI MapID="1271" xpos="51.0034" ypos="0.726742" zpos="-560.738" type="tw_guides.tw_lws4.tw_lws4_sandsweptisles.tw_lws4_sandsweptisles_sandpiles" GUID="ERQVK/DQAEyn+tYtjumFJQ=="/>
		<POI MapID="1271" xpos="-433.974" ypos="1.81406" zpos="-240.087" type="tw_guides.tw_lws4.tw_lws4_sandsweptisles.tw_lws4_sandsweptisles_sandpiles" GUID="5QC8BIHTQkGkglW857koJQ=="/>
		<POI MapID="1271" xpos="143.119" ypos="1.40142" zpos="230.461" type="tw_guides.tw_lws4.tw_lws4_sandsweptisles.tw_lws4_sandsweptisles_sandpiles" GUID="CNDSMmZBkkC/hXGhKQyBiA=="/>
		<POI MapID="1271" xpos="741.401" ypos="-9.56059" zpos="166.947" type="tw_guides.tw_lws4.tw_lws4_sandsweptisles.tw_lws4_sandsweptisles_diflouritecrystals.tw_lws4_sandsweptisles_diflouritecrystals_diflouritecrystal" GUID="KfquA4SHHUaGyUJFAayKDA=="/>
		<POI MapID="1271" xpos="796.121" ypos="-12.2737" zpos="69.7424" type="tw_guides.tw_lws4.tw_lws4_sandsweptisles.tw_lws4_sandsweptisles_diflouritecrystals.tw_lws4_sandsweptisles_diflouritecrystals_diflouritecrystal" GUID="ApdUGK1t8E+f0WaEVOtyBA=="/>
		<POI MapID="1271" xpos="857.802" ypos="-12.4853" zpos="-175.952" type="tw_guides.tw_lws4.tw_lws4_sandsweptisles.tw_lws4_sandsweptisles_diflouritecrystals.tw_lws4_sandsweptisles_diflouritecrystals_diflouritecrystal" GUID="fUg/C+6BcUKOjvraqFbTyQ=="/>
		<POI MapID="1271" xpos="649.271" ypos="-6.84967" zpos="244.521" type="tw_guides.tw_lws4.tw_lws4_sandsweptisles.tw_lws4_sandsweptisles_diflouritecrystals.tw_lws4_sandsweptisles_diflouritecrystals_diflouritecrystal" GUID="43LQQZt9XU2nsSbSZVNO0Q=="/>
		<POI MapID="1271" xpos="811.861" ypos="-17.9022" zpos="961.191" type="tw_guides.tw_lws4.tw_lws4_sandsweptisles.tw_lws4_sandsweptisles_diflouritecrystals.tw_lws4_sandsweptisles_diflouritecrystals_diflouritecrystal" GUID="mNxfjc2YikWSrUPVZITjBg=="/>
		<POI MapID="1271" xpos="-404.272" ypos="-48.3663" zpos="427.494" type="tw_guides.tw_lws4.tw_lws4_sandsweptisles.tw_lws4_sandsweptisles_diflouritecrystals.tw_lws4_sandsweptisles_diflouritecrystals_diflouritecrystal" GUID="aurP8Ktb3EiWvVEB7F056g=="/>
		<POI MapID="1271" xpos="-462.983" ypos="-54.3257" zpos="431.445" type="tw_guides.tw_lws4.tw_lws4_sandsweptisles.tw_lws4_sandsweptisles_diflouritecrystals.tw_lws4_sandsweptisles_diflouritecrystals_diflouritecrystal" GUID="rgcK9b0W5UuLunAhO94bcA=="/>
		<POI MapID="1271" xpos="-636.285" ypos="-58.8802" zpos="363.158" type="tw_guides.tw_lws4.tw_lws4_sandsweptisles.tw_lws4_sandsweptisles_diflouritecrystals.tw_lws4_sandsweptisles_diflouritecrystals_diflouritecrystal" GUID="ANsSRRDj2UaGqzDkWfxcQQ=="/>
		<POI MapID="1271" xpos="350.782" ypos="2.13646" zpos="-966.777" type="tw_guides.tw_lws4.tw_lws4_sandsweptisles.tw_lws4_sandsweptisles_sandpiles" GUID="5hvJcLlbSE6drWw9M0jGtg=="/>
		<POI MapID="1271" xpos="573.213" ypos="-5.58188" zpos="-424.29" type="tw_guides.tw_lws4.tw_lws4_sandsweptisles.tw_lws4_sandsweptisles_diflouritecrystals.tw_lws4_sandsweptisles_diflouritecrystals_diflouritecrystal" GUID="Q+2299q8WEGwguoWVoZYqw=="/>
		<POI MapID="1271" xpos="357.788" ypos="-12.5794" zpos="-605.833" type="tw_guides.tw_lws4.tw_lws4_sandsweptisles.tw_lws4_sandsweptisles_diflouritecrystals.tw_lws4_sandsweptisles_diflouritecrystals_diflouritecrystal" GUID="iV60Tk6PjEKNDI2kD65pYg=="/>
		<POI MapID="1271" xpos="-658.083" ypos="-5.0698" zpos="229.237" type="tw_guides.tw_lws4.tw_lws4_sandsweptisles.tw_lws4_sandsweptisles_diflouritecrystals.tw_lws4_sandsweptisles_diflouritecrystals_diflouritecrystal" GUID="2h0lNReGrEC5fDNcuF75AA=="/>
		<POI MapID="1271" xpos="-636.461" ypos="-3.62953" zpos="-307.96" type="tw_guides.tw_lws4.tw_lws4_sandsweptisles.tw_lws4_sandsweptisles_diflouritecrystals.tw_lws4_sandsweptisles_diflouritecrystals_diflouritecrystal" GUID="zFTD4fb6HE2Po9ssjCTyqA=="/>
		<POI MapID="1271" xpos="78.3849" ypos="-9.53722" zpos="-1196.5" type="tw_guides.tw_lws4.tw_lws4_sandsweptisles.tw_lws4_sandsweptisles_diflouritecrystals.tw_lws4_sandsweptisles_diflouritecrystals_diflouritecrystal" GUID="xEhiFI7rDUq5if+Dp6f3yw=="/>
		<POI MapID="1271" xpos="130.714" ypos="1.68138" zpos="-879.37" type="tw_guides.tw_lws4.tw_lws4_sandsweptisles.tw_lws4_sandsweptisles_sandpiles" GUID="sn60FOwHfUCp4kVBgyH7bQ=="/>
		<POI MapID="1271" xpos="372.708" ypos="7.64374" zpos="430.742" type="tw_guides.tw_lws4.tw_lws4_sandsweptisles.tw_lws4_sandsweptisles_sandpiles" GUID="qVifB1GRgEqo3FdpNKYwCw=="/>
		<POI MapID="1271" xpos="-300.709" ypos="-11.0832" zpos="479.906" type="tw_guides.tw_lws4.tw_lws4_sandsweptisles.tw_lws4_sandsweptisles_diflouritecrystals.tw_lws4_sandsweptisles_diflouritecrystals_diflouritecrystal" GUID="n27/DvAq6U+CwV/9mgeepw=="/>
		<POI MapID="1271" xpos="825.922" ypos="-12.6144" zpos="-1.0984" type="tw_guides.tw_lws4.tw_lws4_sandsweptisles.tw_lws4_sandsweptisles_diflouritecrystals.tw_lws4_sandsweptisles_diflouritecrystals_diflouritecrystal" GUID="8B3GHv6SN0ut6jL0Yet47A=="/>
		<POI MapID="1271" xpos="176.48" ypos="-8.45155" zpos="-1012.87" type="tw_guides.tw_lws4.tw_lws4_sandsweptisles.tw_lws4_sandsweptisles_diflouritecrystals.tw_lws4_sandsweptisles_diflouritecrystals_diflouritecrystal" GUID="AQx2LMGnhkaRQ/KujT0aXQ=="/>
		<POI MapID="1271" xpos="232.636" ypos="-12.7945" zpos="-1005.58" type="tw_guides.tw_lws4.tw_lws4_sandsweptisles.tw_lws4_sandsweptisles_diflouritecrystals.tw_lws4_sandsweptisles_diflouritecrystals_diflouritecrystal" GUID="9pnhLYi4CEaX8vOl3IbL/A=="/>
		<POI MapID="1271" xpos="592.715" ypos="-0.338121" zpos="-312.29" type="tw_guides.tw_lws4.tw_lws4_sandsweptisles.tw_lws4_sandsweptisles_diflouritecrystals.tw_lws4_sandsweptisles_diflouritecrystals_diflouritecrystal" GUID="rpQIES6eR0Wg8XKI2Pz7kw=="/>
		<POI MapID="1271" xpos="438.184" ypos="-5.32006" zpos="-576.434" type="tw_guides.tw_lws4.tw_lws4_sandsweptisles.tw_lws4_sandsweptisles_diflouritecrystals.tw_lws4_sandsweptisles_diflouritecrystals_diflouritecrystal" GUID="bmfniTs9AEuV1cem4xvrNQ=="/>
		<POI MapID="1271" xpos="-701.849" ypos="-9.59429" zpos="182.761" type="tw_guides.tw_lws4.tw_lws4_sandsweptisles.tw_lws4_sandsweptisles_diflouritecrystals.tw_lws4_sandsweptisles_diflouritecrystals_diflouritecrystal" GUID="rBOA6JIPuEKX5BJ78tJSxQ=="/>
		<POI MapID="1271" xpos="135.812" ypos="-0.501485" zpos="-948.371" type="tw_guides.tw_lws4.tw_lws4_sandsweptisles.tw_lws4_sandsweptisles_diflouritecrystals.tw_lws4_sandsweptisles_diflouritecrystals_diflouritecrystal" GUID="kQSu4nurqkSKu2mPiEDmaQ=="/>
		<POI MapID="1271" xpos="327.875" ypos="106.043" zpos="88.5301" type="tw_guides.tw_lws4.tw_lws4_sandsweptisles.tw_lws4_sandsweptisles_tradecaches" GUID="ZdomRPV4Ykm5NPqwMCfoUQ=="/>
		<POI MapID="1271" xpos="307.886" ypos="-8.7287" zpos="-787.821" type="tw_guides.tw_lws4.tw_lws4_sandsweptisles.tw_lws4_sandsweptisles_diflouritecrystals.tw_lws4_sandsweptisles_diflouritecrystals_diflouritecrystal" GUID="lREwZ2Txwk2eJKqOK6OgXA=="/>
		<POI MapID="1271" xpos="478.947" ypos="1.86285" zpos="-1211.95" type="tw_guides.tw_lws4.tw_lws4_sandsweptisles.tw_lws4_sandsweptisles_sandpiles" GUID="yHAaIn7wuEeIdlmvxg4TjQ=="/>
		<POI MapID="1271" xpos="-192.654" ypos="1.34101" zpos="305.428" type="tw_guides.tw_lws4.tw_lws4_sandsweptisles.tw_lws4_sandsweptisles_sandpiles" GUID="s94H2hXzS0avV+OiFwFppg=="/>
		<POI MapID="1271" xpos="321.91" ypos="-6.45831" zpos="302.825" type="tw_guides.tw_lws4.tw_lws4_sandsweptisles.tw_lws4_sandsweptisles_diflouritecrystals.tw_lws4_sandsweptisles_diflouritecrystals_diflouritecrystal" GUID="6FAfKw5AIkePY0Y7eP60sA=="/>
		<POI MapID="1271" xpos="-527.474" ypos="0.185777" zpos="199.308" type="tw_guides.tw_lws4.tw_lws4_sandsweptisles.tw_lws4_sandsweptisles_sandpiles" GUID="hN1X5MIo4E6nufyZGAJdCA=="/>
		<POI MapID="1271" xpos="65.7279" ypos="-5.41577" zpos="-528.414" type="tw_guides.tw_lws4.tw_lws4_sandsweptisles.tw_lws4_sandsweptisles_diflouritecrystals.tw_lws4_sandsweptisles_diflouritecrystals_diflouritecrystal" GUID="vH1sBU0eQ0SScob1tfrACQ=="/>
		<POI MapID="1271" xpos="-321.968" ypos="1.19924" zpos="225.761" type="tw_guides.tw_lws4.tw_lws4_sandsweptisles.tw_lws4_sandsweptisles_sandpiles" GUID="W/GgrEc8RkGnaBmqa7rAhQ=="/>
		<POI MapID="1271" xpos="-350.202" ypos="-3.14582" zpos="-678.641" type="tw_guides.tw_lws4.tw_lws4_sandsweptisles.tw_lws4_sandsweptisles_diflouritecrystals.tw_lws4_sandsweptisles_diflouritecrystals_diflouritecrystal" GUID="1yGrr6rMA0WSxowzSPro6Q=="/>
		<POI MapID="1271" xpos="-113.169" ypos="3.29685" zpos="688.607" type="tw_guides.tw_lws4.tw_lws4_sandsweptisles.tw_lws4_sandsweptisles_diflouritecrystals.tw_lws4_sandsweptisles_diflouritecrystals_signs.tw_lws4_sandsweptisles_diflouritecrystals_startsignp1" GUID="N9rzRI5izU+wgCLgDHVQUg=="/>
		<POI MapID="1271" xpos="243.392" ypos="10.5661" zpos="605.102" type="tw_guides.tw_lws4.tw_lws4_sandsweptisles.tw_lws4_sandsweptisles_diflouritecrystals.tw_lws4_sandsweptisles_diflouritecrystals_signs.tw_lws4_sandsweptisles_diflouritecrystals_teleport" GUID="AXABvUlqCEa44+/Ad8fxxw=="/>
		<POI MapID="1271" xpos="555.202" ypos="0.147946" zpos="150.54" type="tw_guides.tw_lws4.tw_lws4_sandsweptisles.tw_lws4_sandsweptisles_diflouritecrystals.tw_lws4_sandsweptisles_diflouritecrystals_signs.tw_lws4_sandsweptisles_diflouritecrystals_startsignp2" GUID="kcUc+9F5pU+oNNQiCltpJQ=="/>
		<POI MapID="1271" xpos="686.882" ypos="46.5173" zpos="-1112.59" type="tw_guides.tw_lws4.tw_lws4_sandsweptisles.tw_lws4_sandsweptisles_diflouritecrystals.tw_lws4_sandsweptisles_diflouritecrystals_signs.tw_lws4_sandsweptisles_diflouritecrystals_finish" GUID="WHcbQ0kDGkKU/9gADaaLZw=="/>
		<POI MapID="1271" xpos="-361.783" ypos="16.8895" zpos="-252.694" type="tw_guides.tw_lws4.tw_lws4_sandsweptisles.tw_lws4_sandsweptisles_crystalcorral.tw_lws4_sandsweptisles_crystalcorral_signs.tw_lws4_sandsweptisles_crystalcorral_trail_pickup" GUID="B//8mVKlqUeCkw5rVXYcgQ==" iconFile="Data/TekkitsWorkshop/General/tw_trail_adv_pickup.png" iconSize="1" fadeNear="5000" fadeFar="5100" heightOffset="2.5" minSize="10"/>
		<POI MapID="1271" xpos="-537.7" ypos="51.8931" zpos="-8.85491" type="tw_guides.tw_lws4.tw_lws4_sandsweptisles.tw_lws4_sandsweptisles_crystalcorral.tw_lws4_sandsweptisles_crystalcorral_signs.tw_lws4_sandsweptisles_crystalcorral_trail_pickup" GUID="cp7Y34v8WES54RQ6EY3DZg==" iconFile="Data/TekkitsWorkshop/General/tw_trail_adv_pickup.png" iconSize="1" fadeNear="5000" fadeFar="5100" heightOffset="2.5" minSize="10"/>
		<POI MapID="1271" xpos="-406.654" ypos="47.1882" zpos="167.866" type="tw_guides.tw_lws4.tw_lws4_sandsweptisles.tw_lws4_sandsweptisles_crystalcorral.tw_lws4_sandsweptisles_crystalcorral_signs.tw_lws4_sandsweptisles_crystalcorral_trail_pickup" GUID="UJNcmiTxBEiy8aE0ArYt0A==" iconFile="Data/TekkitsWorkshop/General/tw_trail_adv_pickup.png" iconSize="1" fadeNear="5000" fadeFar="5100" heightOffset="2.5" minSize="10"/>
		<POI MapID="1271" xpos="-62.6778" ypos="87.7343" zpos="69.941" type="tw_guides.tw_lws4.tw_lws4_sandsweptisles.tw_lws4_sandsweptisles_crystalcorral.tw_lws4_sandsweptisles_crystalcorral_signs.tw_lws4_sandsweptisles_crystalcorral_trail_pickup" GUID="vD+HzPYA8UW/Ov5k3/XUaQ==" iconFile="Data/TekkitsWorkshop/General/tw_trail_adv_pickup.png" iconSize="1" fadeNear="5000" fadeFar="5100" heightOffset="2.5" minSize="10"/>
		<POI MapID="1271" xpos="-63.8617" ypos="100.468" zpos="-223.864" type="tw_guides.tw_lws4.tw_lws4_sandsweptisles.tw_lws4_sandsweptisles_crystalcorral.tw_lws4_sandsweptisles_crystalcorral_signs.tw_lws4_sandsweptisles_crystalcorral_trail_pickup" GUID="TzyExt5vb0az4/V1hXcbHA==" iconFile="Data/TekkitsWorkshop/General/tw_trail_adv_pickup.png" iconSize="1" fadeNear="5000" fadeFar="5100" heightOffset="2.5" minSize="10"/>
		<POI MapID="1271" xpos="-81.9227" ypos="91.3993" zpos="-481.843" type="tw_guides.tw_lws4.tw_lws4_sandsweptisles.tw_lws4_sandsweptisles_crystalcorral.tw_lws4_sandsweptisles_crystalcorral_signs.tw_lws4_sandsweptisles_crystalcorral_trail_pickup" GUID="vGiuZh1wHUCEXd3JZbSy/g==" iconFile="Data/TekkitsWorkshop/General/tw_trail_adv_pickup.png" iconSize="1" fadeNear="5000" fadeFar="5100" heightOffset="2.5" minSize="10"/>
		<POI MapID="1271" xpos="89.7883" ypos="46.6526" zpos="-602.458" type="tw_guides.tw_lws4.tw_lws4_sandsweptisles.tw_lws4_sandsweptisles_crystalcorral.tw_lws4_sandsweptisles_crystalcorral_signs.tw_lws4_sandsweptisles_crystalcorral_trail_pickup" GUID="mkBpf9hohUiPVttoov+tNQ==" iconFile="Data/TekkitsWorkshop/General/tw_trail_adv_pickup.png" iconSize="1" fadeNear="5000" fadeFar="5100" heightOffset="2.5" minSize="10"/>
		<POI MapID="1271" xpos="-443.69" ypos="1.1712" zpos="-338.056" type="tw_guides.tw_lws4.tw_lws4_sandsweptisles.tw_lws4_sandsweptisles_crystalcorral.tw_lws4_sandsweptisles_crystalcorral_signs.tw_lws4_sandsweptisles_crystalcorral_trail_pickup" GUID="c6kqmXwLJ0++MUJmsbF0gg==" iconFile="Data/TekkitsWorkshop/General/tw_trail_adv_pickup.png" iconSize="1" fadeNear="5000" fadeFar="5100" heightOffset="2.5" minSize="10"/>
		<POI MapID="1271" xpos="-438.434" ypos="2.67835" zpos="-338.499" type="tw_guides.tw_lws4.tw_lws4_sandsweptisles.tw_lws4_sandsweptisles_crystalcorral.tw_lws4_sandsweptisles_crystalcorral_signs.tw_lws4_sandsweptisles_crystalcorral_trail_swap_griffon" GUID="G42TLo0s90yxY1OK0aeGEg==" iconFile="Data/TekkitsWorkshop/General/tw_trail_swap_griffon.png" iconSize="1" fadeNear="5000" fadeFar="5100" heightOffset="2.5" minSize="25"/>
		<POI MapID="1271" xpos="90.0804" ypos="46.6526" zpos="-593.584" type="tw_guides.tw_lws4.tw_lws4_sandsweptisles.tw_lws4_sandsweptisles_crystalcorral.tw_lws4_sandsweptisles_crystalcorral_signs.tw_lws4_sandsweptisles_crystalcorral_trail_swap_skimmer" GUID="LkZf+PNaSEK1uytkXzIVVg==" iconFile="Data/TekkitsWorkshop/General/tw_trail_swap_skimmer.png" iconSize="1" fadeNear="5000" fadeFar="5100" heightOffset="2.5" minSize="25"/>
		<POI MapID="1271" xpos="-320.576" ypos="169.904" zpos="1000.44" type="tw_guides.tw_lws4.tw_lws4_sandsweptisles.tw_lws4_sandsweptisles_masterypoint" GUID="bK7u6/bp3UO/IplrUh1tVg=="/>
		<POI MapID="1271" xpos="-727.477" ypos="54.9169" zpos="669.254" type="tw_guides.tw_lws4.tw_lws4_sandsweptisles.tw_lws4_sandsweptisles_masterypoint" GUID="OxWurXDfVEqzssZu0KLW7Q=="/>
		<POI MapID="1271" xpos="100.378" ypos="-132.861" zpos="-173.907" type="tw_guides.tw_lws4.tw_lws4_sandsweptisles.tw_lws4_sandsweptisles_masterypoint" GUID="6ksmpY1qHkK9qGM4V3boMw=="/>
		<POI MapID="1271" xpos="673.128" ypos="72.4735" zpos="-943.878" type="tw_guides.tw_lws4.tw_lws4_sandsweptisles.tw_lws4_sandsweptisles_masterypoint" GUID="9fQb7KfJBk+PO9Bl7q9GXg=="/>
		<Trail type="tw_guides.tw_lws4.tw_lws4_sandsweptisles.tw_lws4_sandsweptisles_diflouritecrystals.tw_lws4_sandsweptisles_diflouritecrystals_toggletrail" GUID="iIexMPdEJk+oFc9iqYxiyg==" fadeNear="5000" fadeFar="5100" trailData="Data/TekkitsWorkshop/LWS4/SandsweptIsles/tw_lws4_sandsweptisles_dilfuoritecrystals.trl" animSpeed="0" texture="Data/TekkitsWorkshop/General/tw_trail_b.png"/>
		<Trail type="tw_guides.tw_lws4.tw_lws4_sandsweptisles.tw_lws4_sandsweptisles_crystalcorral.tw_lws4_sandsweptisles_crystalcorral_toggletrail" GUID="cvrVJOhV9EacuJiN/VZTpw==" fadeNear="5000" fadeFar="5100" trailData="Data/TekkitsWorkshop/LWS4/SandsweptIsles/tw_lws4_sandsweptisles_crystalcorral.trl" animSpeed="0" texture="Data/TekkitsWorkshop/General/tw_trail_adv_b.png"/>
		<Trail type="tw_guides.tw_lws4.tw_lws4_sandsweptisles.tw_lws4_sandsweptisles_portals.tw_lws4_sandsweptisles_portals_toggletrail" GUID="lhf5h/icJEK8k4S07HGDRg==" fadeNear="33000" fadeFar="33100" trailData="Data/TekkitsWorkshop/LWS4/SandsweptIsles/tw_lws4_sandsweptisles_portals.trl" animSpeed="0" texture="Data/TekkitsWorkshop/General/tw_trail_link.png"/>
	</POIs>
</OverlayData>
