<OverlayData>
<MarkerCategory name="tw_guides" DisplayName="Tekkit's Guides">
	<MarkerCategory name="tw_lws3" DisplayName="Season 3">
		<MarkerCategory name="tw_lws3_lakedoric" DisplayName="Lake Doric">
    <MarkerCategory name="separatorld1" IsSeparator="1" DisplayName="&lt;-----[FARMING]-----&gt;"/>
			<MarkerCategory name="tw_lws3_lakedoric_jadeshards" DisplayName="Jade Shards">
				<MarkerCategory name="tw_lws3_lakedoric_jadeshards_toggletrail" DisplayName="Toggle Trail"/>
        <MarkerCategory name="tw_lws3_lakedoric_jadeshards_jadeshard" DisplayName="Toggle Jade Shards" mapDisplaySize="30" iconFile="Data/TekkitsWorkshop/LWS3/LakeDoric/tw_lws3_lakedoric_jadeshards_jadeshard.png" iconSize="0.5" heightOffset="1.5" minSize="10" fadeNear="5000" fadeFar="5100" behavior="2"/>      
        <MarkerCategory name="tw_lws3_lakedoric_jadeshards_signs" DisplayName="Toggle Signs">
          <MarkerCategory name="tw_lws3_lakedoric_jadeshards_startsign" DisplayName="Starting Sign" mapDisplaySize="130" iconFile="Data/TekkitsWorkshop/LWS3/LakeDoric/tw_lws3_lakedoric_jadeshards_startsign.png" iconSize="1" heightOffset="2.5" minSize="50" fadeNear="5000" fadeFar="5100"/>
          <MarkerCategory name="tw_lws3_lakedoric_jadeshards_finish" DisplayName="Finish Sign" mapDisplaySize="80" iconFile="Data/TekkitsWorkshop/General/tw_trail_finish_r.png" iconSize="1.2" fadeNear="5000" fadeFar="5100" heightOffset="2.5" minSize="50"/>
          </MarkerCategory>
		    </MarkerCategory>
      <MarkerCategory name="tw_lws3_lakedoric_harathistrongboxes" DisplayName="Harathi Strongboxes">
        <MarkerCategory name="tw_lws3_lakedoric_harathistrongboxes_strongbox" DisplayName="Toggle Harathi Strongboxes" mapDisplaySize="30" iconFile="Data/TekkitsWorkshop/LWS3/LakeDoric/tw_lws3_lakedoric_harathistrongboxes_strongbox.png" iconSize="0.5" heightOffset="1.5" minSize="10" fadeNear="5000" fadeFar="5100" behavior="2"/>             
		  </MarkerCategory>
      <MarkerCategory name="separatorld2" IsSeparator="1" DisplayName="&lt;-----[EXPLORATION]-----&gt;"/>
      <MarkerCategory name="tw_lws3_lakedoric_noranssecret" DisplayName="Noran's Secret">
				<MarkerCategory name="tw_lws3_lakedoric_noranssecret_toggletrail" DisplayName="Toggle Trail"/>  
        <MarkerCategory name="tw_lws3_lakedoric_noranssecret_signs" DisplayName="Toggle Signs">
          <MarkerCategory name="tw_lws3_lakedoric_noranssecret_startsign" DisplayName="Starting Sign" mapDisplaySize="130" iconFile="Data/TekkitsWorkshop/LWS3/LakeDoric/tw_lws3_lakedoric_noranssecret_startsign.png" iconSize="1" heightOffset="2.5" minSize="50" fadeNear="5000" fadeFar="5100"/>
          <MarkerCategory name="tw_lws3_lakedoric_noranssecret_pendulum" DisplayName="Trap - Pendulum" miniMapVisibility="0" mapVisibility="0" iconFile="Data/TekkitsWorkshop/LWS3/LakeDoric/tw_lws3_lakedoric_noranssecret_pendulum.png" iconSize="1" heightOffset="4.5" minSize="40" fadeNear="1200" fadeFar="1300"/>
          <MarkerCategory name="tw_lws3_lakedoric_noranssecret_spikeL" DisplayName="Trap - Spike Left Wall" miniMapVisibility="0" mapVisibility="0" iconFile="Data/TekkitsWorkshop/LWS3/LakeDoric/tw_lws3_lakedoric_noranssecret_spikeL.png" iconSize="0.7" heightOffset="1.0" minSize="40" fadeNear="1200" fadeFar="1300"/>
          <MarkerCategory name="tw_lws3_lakedoric_noranssecret_spikeR" DisplayName="Trap - Spike Right Wall" miniMapVisibility="0" mapVisibility="0" iconFile="Data/TekkitsWorkshop/LWS3/LakeDoric/tw_lws3_lakedoric_noranssecret_spikeR.png" iconSize="0.7" heightOffset="1.0" minSize="40" fadeNear="1200" fadeFar="1300"/>
          <MarkerCategory name="tw_lws3_lakedoric_noranssecret_spikeG" DisplayName="Trap - Spike Ground" miniMapVisibility="0" mapVisibility="0" iconFile="Data/TekkitsWorkshop/LWS3/LakeDoric/tw_lws3_lakedoric_noranssecret_spikeG.png" iconSize="0.7" heightOffset="0.5" minSize="40" fadeNear="1200" fadeFar="1300"/>
          <MarkerCategory name="tw_lws3_lakedoric_noranssecret_flameL" DisplayName="Trap - Flame/Steam Left Wall" miniMapVisibility="0" mapVisibility="0" iconFile="Data/TekkitsWorkshop/LWS3/LakeDoric/tw_lws3_lakedoric_noranssecret_flameL.png" iconSize="0.5" heightOffset="0.5" minSize="40" fadeNear="1200" fadeFar="1300"/>
          <MarkerCategory name="tw_lws3_lakedoric_noranssecret_flameR" DisplayName="Trap - Flame/Steam Right Wall" miniMapVisibility="0" mapVisibility="0" iconFile="Data/TekkitsWorkshop/LWS3/LakeDoric/tw_lws3_lakedoric_noranssecret_flameR.png" iconSize="0.5" heightOffset="0.5" minSize="40" fadeNear="1200" fadeFar="1300"/>
          <MarkerCategory name="tw_lws3_lakedoric_noranssecret_safespot" DisplayName="Safe Spot" miniMapVisibility="0" mapVisibility="0" iconFile="Data/TekkitsWorkshop/LWS3/LakeDoric/tw_lws3_lakedoric_noranssecret_safespot.png" iconSize="0.7" heightOffset="0.5" minSize="25" fadeNear="1200" fadeFar="1300"/>
          <MarkerCategory name="tw_lws3_lakedoric_noranssecret_trail_jump" DisplayName="Trailpoint Dot" miniMapVisibility="0" mapVisibility="0" iconFile="Data/TekkitsWorkshop/General/tw_trail_jump.png" iconSize="0.4" heightOffset="0.0" fadeNear="5000" fadeFar="5100"/>
          <MarkerCategory name="tw_lws3_lakedoric_noranssecret_trail_entrance" DisplayName="Entrance" miniMapVisibility="0" mapVisibility="0" iconFile="Data/TekkitsWorkshop/General/tw_trail_entrance.png" iconSize="0.7" heightOffset="0" fadeNear="5000" fadeFar="5100"/>
          </MarkerCategory>
        </MarkerCategory>
    </MarkerCategory>
	</MarkerCategory>
</MarkerCategory>
	<POIs>
		<POI MapID="1185" xpos="-208.634" ypos="79.8537" zpos="652.222" type="tw_guides.tw_lws3.tw_lws3_lakedoric.tw_lws3_lakedoric_noranssecret.tw_lws3_lakedoric_noranssecret_signs.tw_lws3_lakedoric_noranssecret_spikeg" GUID="pXUyuviC8UK7hbAfXYITqQ=="/>
		<POI MapID="1185" xpos="-194.293" ypos="84.6705" zpos="654.924" type="tw_guides.tw_lws3.tw_lws3_lakedoric.tw_lws3_lakedoric_noranssecret.tw_lws3_lakedoric_noranssecret_signs.tw_lws3_lakedoric_noranssecret_spiker" GUID="OtZ803N2+Eiyt8G/65PfIQ=="/>
		<POI MapID="1185" xpos="-235.715" ypos="72.2851" zpos="648.723" type="tw_guides.tw_lws3.tw_lws3_lakedoric.tw_lws3_lakedoric_noranssecret.tw_lws3_lakedoric_noranssecret_signs.tw_lws3_lakedoric_noranssecret_spikel" GUID="ZwMJJPn6W0KB0CwZg6h74A=="/>
		<POI MapID="1185" xpos="-226.796" ypos="71.8024" zpos="652.17" type="tw_guides.tw_lws3.tw_lws3_lakedoric.tw_lws3_lakedoric_noranssecret.tw_lws3_lakedoric_noranssecret_signs.tw_lws3_lakedoric_noranssecret_spikeg" GUID="yFFdd7xbtES/y1Hn5mW0uQ=="/>
		<POI MapID="1185" xpos="-252.111" ypos="68.569" zpos="645.991" type="tw_guides.tw_lws3.tw_lws3_lakedoric.tw_lws3_lakedoric_noranssecret.tw_lws3_lakedoric_noranssecret_signs.tw_lws3_lakedoric_noranssecret_pendulum" GUID="Ldhd/O9WhEGXJclIV5cJpg=="/>
		<POI MapID="1185" xpos="-270.671" ypos="69.2385" zpos="639.238" type="tw_guides.tw_lws3.tw_lws3_lakedoric.tw_lws3_lakedoric_noranssecret.tw_lws3_lakedoric_noranssecret_signs.tw_lws3_lakedoric_noranssecret_spikeg" GUID="P5NJAUzEzUaIG0f2Roh8Nw=="/>
		<POI MapID="1185" xpos="-286.505" ypos="72.0301" zpos="629.659" type="tw_guides.tw_lws3.tw_lws3_lakedoric.tw_lws3_lakedoric_noranssecret.tw_lws3_lakedoric_noranssecret_signs.tw_lws3_lakedoric_noranssecret_spikeg" GUID="GKS9wOFXdkGhGsFeJ6LdZg=="/>
		<POI MapID="1185" xpos="-316.072" ypos="89.0956" zpos="666.222" type="tw_guides.tw_lws3.tw_lws3_lakedoric.tw_lws3_lakedoric_noranssecret.tw_lws3_lakedoric_noranssecret_signs.tw_lws3_lakedoric_noranssecret_spikeg" GUID="busdhWNd306j4RRqzcmXqw=="/>
		<POI MapID="1185" xpos="-306.557" ypos="89.7752" zpos="659.749" type="tw_guides.tw_lws3.tw_lws3_lakedoric.tw_lws3_lakedoric_noranssecret.tw_lws3_lakedoric_noranssecret_signs.tw_lws3_lakedoric_noranssecret_spiker" GUID="7j2IEV/8Q06haDVIXrCUeQ=="/>
		<POI MapID="1185" xpos="-292.23" ypos="75.1293" zpos="646.137" type="tw_guides.tw_lws3.tw_lws3_lakedoric.tw_lws3_lakedoric_noranssecret.tw_lws3_lakedoric_noranssecret_signs.tw_lws3_lakedoric_noranssecret_spiker" GUID="8IxtP3+GTkiP8K/xmAJBWA=="/>
		<POI MapID="1185" xpos="-293.133" ypos="75.2409" zpos="648.803" type="tw_guides.tw_lws3.tw_lws3_lakedoric.tw_lws3_lakedoric_noranssecret.tw_lws3_lakedoric_noranssecret_signs.tw_lws3_lakedoric_noranssecret_spikel" GUID="tE1Sz6ktPkuOsLQ8Crxkfg=="/>
		<POI MapID="1185" xpos="-273.894" ypos="70.5357" zpos="684.411" type="tw_guides.tw_lws3.tw_lws3_lakedoric.tw_lws3_lakedoric_noranssecret.tw_lws3_lakedoric_noranssecret_signs.tw_lws3_lakedoric_noranssecret_flamel" GUID="EfVmIzziDkqFKWPqgFe+1w=="/>
		<POI MapID="1185" xpos="-278.74" ypos="69.2765" zpos="696.085" type="tw_guides.tw_lws3.tw_lws3_lakedoric.tw_lws3_lakedoric_noranssecret.tw_lws3_lakedoric_noranssecret_signs.tw_lws3_lakedoric_noranssecret_flamel" GUID="JZwTLw8reE+JHlNNKjYoeA=="/>
		<POI MapID="1185" xpos="-285.016" ypos="68.7102" zpos="698.709" type="tw_guides.tw_lws3.tw_lws3_lakedoric.tw_lws3_lakedoric_noranssecret.tw_lws3_lakedoric_noranssecret_signs.tw_lws3_lakedoric_noranssecret_flamel" GUID="Nhf9H3lu70+7IkTAery77w=="/>
		<POI MapID="1185" xpos="-301.606" ypos="67.0561" zpos="706.099" type="tw_guides.tw_lws3.tw_lws3_lakedoric.tw_lws3_lakedoric_noranssecret.tw_lws3_lakedoric_noranssecret_signs.tw_lws3_lakedoric_noranssecret_flamel" GUID="ZpqouqyVik+l0IGino0ZWA=="/>
		<POI MapID="1185" xpos="-280.108" ypos="68.7542" zpos="704.309" type="tw_guides.tw_lws3.tw_lws3_lakedoric.tw_lws3_lakedoric_noranssecret.tw_lws3_lakedoric_noranssecret_signs.tw_lws3_lakedoric_noranssecret_flamer" GUID="RiiQ9rZ5bEmHWalf9h0z/g=="/>
		<POI MapID="1185" xpos="-288.616" ypos="67.6224" zpos="708.092" type="tw_guides.tw_lws3.tw_lws3_lakedoric.tw_lws3_lakedoric_noranssecret.tw_lws3_lakedoric_noranssecret_signs.tw_lws3_lakedoric_noranssecret_flamer" GUID="CiCs8mLbaEq+XwFZpn8DUQ=="/>
		<POI MapID="1185" xpos="-323.541" ypos="69.8644" zpos="686.538" type="tw_guides.tw_lws3.tw_lws3_lakedoric.tw_lws3_lakedoric_noranssecret.tw_lws3_lakedoric_noranssecret_signs.tw_lws3_lakedoric_noranssecret_safespot" GUID="bGIrTsu+W0iWRJT68LjDkg=="/>
		<POI MapID="1185" xpos="-12.5458" ypos="67.6369" zpos="362.131" type="tw_guides.tw_lws3.tw_lws3_lakedoric.tw_lws3_lakedoric_jadeshards.tw_lws3_lakedoric_jadeshards_jadeshard" GUID="6m9KiorgeEGJ/G9XbdRCHQ=="/>
		<POI MapID="1185" xpos="-98.885" ypos="23.426" zpos="260.73" type="tw_guides.tw_lws3.tw_lws3_lakedoric.tw_lws3_lakedoric_jadeshards.tw_lws3_lakedoric_jadeshards_jadeshard" GUID="xuWnf2O1GE+qJkzEb1n7Bg=="/>
		<POI MapID="1185" xpos="-210.28" ypos="-27.1497" zpos="73.4553" type="tw_guides.tw_lws3.tw_lws3_lakedoric.tw_lws3_lakedoric_jadeshards.tw_lws3_lakedoric_jadeshards_jadeshard" GUID="O8W/86jXHk23V+gHJRM5pQ=="/>
		<POI MapID="1185" xpos="-254.45" ypos="-0.185491" zpos="24.4666" type="tw_guides.tw_lws3.tw_lws3_lakedoric.tw_lws3_lakedoric_jadeshards.tw_lws3_lakedoric_jadeshards_jadeshard" GUID="ky8KzIAgsUysUwUEAKAsbA=="/>
		<POI MapID="1185" xpos="-147.972" ypos="-0.215027" zpos="-230.007" type="tw_guides.tw_lws3.tw_lws3_lakedoric.tw_lws3_lakedoric_jadeshards.tw_lws3_lakedoric_jadeshards_jadeshard" GUID="56LOxkc7PEeDslRR/6yjyQ=="/>
		<POI MapID="1185" xpos="-158.797" ypos="0.0510235" zpos="-257.933" type="tw_guides.tw_lws3.tw_lws3_lakedoric.tw_lws3_lakedoric_jadeshards.tw_lws3_lakedoric_jadeshards_jadeshard" GUID="LS1wLQpMFkCD7IqgxQMmKw=="/>
		<POI MapID="1185" xpos="-211.515" ypos="1.25566" zpos="-307.278" type="tw_guides.tw_lws3.tw_lws3_lakedoric.tw_lws3_lakedoric_jadeshards.tw_lws3_lakedoric_jadeshards_jadeshard" GUID="YermnJnhOkClkgiELDSOiQ=="/>
		<POI MapID="1185" xpos="-210.042" ypos="1.13083" zpos="-476.506" type="tw_guides.tw_lws3.tw_lws3_lakedoric.tw_lws3_lakedoric_jadeshards.tw_lws3_lakedoric_jadeshards_jadeshard" GUID="u1avra9Lz0eBxdiAhbSa2w=="/>
		<POI MapID="1185" xpos="65.781" ypos="30.7836" zpos="-715.751" type="tw_guides.tw_lws3.tw_lws3_lakedoric.tw_lws3_lakedoric_jadeshards.tw_lws3_lakedoric_jadeshards_jadeshard" GUID="jeDbE2DKAUyzY7CiITqLMQ=="/>
		<POI MapID="1185" xpos="91.2203" ypos="29.4079" zpos="-695.442" type="tw_guides.tw_lws3.tw_lws3_lakedoric.tw_lws3_lakedoric_jadeshards.tw_lws3_lakedoric_jadeshards_jadeshard" GUID="b4aqvMYEsEyW+rctHl5zNw=="/>
		<POI MapID="1185" xpos="149.296" ypos="30.5302" zpos="-701.942" type="tw_guides.tw_lws3.tw_lws3_lakedoric.tw_lws3_lakedoric_jadeshards.tw_lws3_lakedoric_jadeshards_jadeshard" GUID="j1O8iApePEKYvw65Lrwrvw=="/>
		<POI MapID="1185" xpos="198.036" ypos="29.8421" zpos="-708.724" type="tw_guides.tw_lws3.tw_lws3_lakedoric.tw_lws3_lakedoric_jadeshards.tw_lws3_lakedoric_jadeshards_jadeshard" GUID="6dc6hduR2U2yCyMCEcn2SA=="/>
		<POI MapID="1185" xpos="50.016" ypos="30.177" zpos="-178.447" type="tw_guides.tw_lws3.tw_lws3_lakedoric.tw_lws3_lakedoric_jadeshards.tw_lws3_lakedoric_jadeshards_jadeshard" GUID="9vi0wjsijEmc++X2AdNKIg=="/>
		<POI MapID="1185" xpos="247.088" ypos="60.1199" zpos="-190.655" type="tw_guides.tw_lws3.tw_lws3_lakedoric.tw_lws3_lakedoric_jadeshards.tw_lws3_lakedoric_jadeshards_jadeshard" GUID="sQyidS4Ihk2HMyKvCVAHkg=="/>
		<POI MapID="1185" xpos="300.216" ypos="75.6253" zpos="-71.3564" type="tw_guides.tw_lws3.tw_lws3_lakedoric.tw_lws3_lakedoric_jadeshards.tw_lws3_lakedoric_jadeshards_jadeshard" GUID="Hd9ADArzEkyVSDKQl8tIyA=="/>
		<POI MapID="1185" xpos="275.141" ypos="88.3029" zpos="31.3323" type="tw_guides.tw_lws3.tw_lws3_lakedoric.tw_lws3_lakedoric_jadeshards.tw_lws3_lakedoric_jadeshards_jadeshard" GUID="NDMJUBZxk0e3IvTkmhGFzA=="/>
		<POI MapID="1185" xpos="285.508" ypos="94.6506" zpos="48.2927" type="tw_guides.tw_lws3.tw_lws3_lakedoric.tw_lws3_lakedoric_jadeshards.tw_lws3_lakedoric_jadeshards_jadeshard" GUID="0lL0uozLSEGddTbi7z8EzQ=="/>
		<POI MapID="1185" xpos="295.421" ypos="93.0234" zpos="39.6492" type="tw_guides.tw_lws3.tw_lws3_lakedoric.tw_lws3_lakedoric_jadeshards.tw_lws3_lakedoric_jadeshards_jadeshard" GUID="rui/peiRD0WF1uTIzOVKwA=="/>
		<POI MapID="1185" xpos="247.814" ypos="91.6838" zpos="21.267" type="tw_guides.tw_lws3.tw_lws3_lakedoric.tw_lws3_lakedoric_jadeshards.tw_lws3_lakedoric_jadeshards_jadeshard" GUID="jOaHvSNp2k6s74KLgiCBTA=="/>
		<POI MapID="1185" xpos="-64.1455" ypos="31.2169" zpos="286.43" type="tw_guides.tw_lws3.tw_lws3_lakedoric.tw_lws3_lakedoric_jadeshards.tw_lws3_lakedoric_jadeshards_jadeshard" GUID="XKkLWbvK5US/patdAh4C6g=="/>
		<POI MapID="1185" xpos="-129.043" ypos="3.6571" zpos="203.101" type="tw_guides.tw_lws3.tw_lws3_lakedoric.tw_lws3_lakedoric_jadeshards.tw_lws3_lakedoric_jadeshards_jadeshard" GUID="Oildos9Iq0KvS62gqrCBvQ=="/>
		<POI MapID="1185" xpos="-172.987" ypos="2.71471" zpos="145.849" type="tw_guides.tw_lws3.tw_lws3_lakedoric.tw_lws3_lakedoric_jadeshards.tw_lws3_lakedoric_jadeshards_jadeshard" GUID="HcSP/ABWz02mVC/yvpdkLg=="/>
		<POI MapID="1185" xpos="-199.484" ypos="-1.99056" zpos="126.89" type="tw_guides.tw_lws3.tw_lws3_lakedoric.tw_lws3_lakedoric_jadeshards.tw_lws3_lakedoric_jadeshards_jadeshard" GUID="W3UoJJ3tCESIrIwCZw7vmw=="/>
		<POI MapID="1185" xpos="-127.378" ypos="-0.22369" zpos="-208.835" type="tw_guides.tw_lws3.tw_lws3_lakedoric.tw_lws3_lakedoric_jadeshards.tw_lws3_lakedoric_jadeshards_jadeshard" GUID="qUo1/OSl7kSsB+w4MDq5MA=="/>
		<POI MapID="1185" xpos="-180.198" ypos="1.53885" zpos="-248.333" type="tw_guides.tw_lws3.tw_lws3_lakedoric.tw_lws3_lakedoric_jadeshards.tw_lws3_lakedoric_jadeshards_jadeshard" GUID="sspvBtcOs0uwuczEoxxyvw=="/>
		<POI MapID="1185" xpos="-218.46" ypos="6.07557" zpos="-252.925" type="tw_guides.tw_lws3.tw_lws3_lakedoric.tw_lws3_lakedoric_jadeshards.tw_lws3_lakedoric_jadeshards_jadeshard" GUID="4F6MImJoH0OKT1a5xKMkuw=="/>
		<POI MapID="1185" xpos="-160.494" ypos="-0.202749" zpos="-527.017" type="tw_guides.tw_lws3.tw_lws3_lakedoric.tw_lws3_lakedoric_jadeshards.tw_lws3_lakedoric_jadeshards_jadeshard" GUID="2EnYVKW+jEqtoZgCDxKyZQ=="/>
		<POI MapID="1185" xpos="216.385" ypos="31.5172" zpos="-696.344" type="tw_guides.tw_lws3.tw_lws3_lakedoric.tw_lws3_lakedoric_jadeshards.tw_lws3_lakedoric_jadeshards_jadeshard" GUID="sNY8jKoZ4kCD/NR3zXwbvw=="/>
		<POI MapID="1185" xpos="250.962" ypos="33.0834" zpos="-724.463" type="tw_guides.tw_lws3.tw_lws3_lakedoric.tw_lws3_lakedoric_jadeshards.tw_lws3_lakedoric_jadeshards_jadeshard" GUID="B3sT0DoC60OhllferUBlYw=="/>
		<POI MapID="1185" xpos="240.402" ypos="31.3111" zpos="-690.098" type="tw_guides.tw_lws3.tw_lws3_lakedoric.tw_lws3_lakedoric_jadeshards.tw_lws3_lakedoric_jadeshards_jadeshard" GUID="0wOQDcQORkGmk9aINgN3PQ=="/>
		<POI MapID="1185" xpos="270.265" ypos="93.0659" zpos="45.3885" type="tw_guides.tw_lws3.tw_lws3_lakedoric.tw_lws3_lakedoric_jadeshards.tw_lws3_lakedoric_jadeshards_jadeshard" GUID="ayWBeI4op06rlQHIG5HQzQ=="/>
		<POI MapID="1185" xpos="-33.7538" ypos="36.5414" zpos="321.112" type="tw_guides.tw_lws3.tw_lws3_lakedoric.tw_lws3_lakedoric_jadeshards.tw_lws3_lakedoric_jadeshards_jadeshard" GUID="7Zu0DBtfk0OqXiSlZgrnAg=="/>
		<POI MapID="1185" xpos="-123.003" ypos="8.49734" zpos="218.941" type="tw_guides.tw_lws3.tw_lws3_lakedoric.tw_lws3_lakedoric_jadeshards.tw_lws3_lakedoric_jadeshards_jadeshard" GUID="mB9eBWpsykOLeDgrQ/zLIA=="/>
		<POI MapID="1185" xpos="-186.126" ypos="-42.3387" zpos="47.7907" type="tw_guides.tw_lws3.tw_lws3_lakedoric.tw_lws3_lakedoric_jadeshards.tw_lws3_lakedoric_jadeshards_jadeshard" GUID="kkxj/HXvLk+02iTn4l0oew=="/>
		<POI MapID="1185" xpos="-48.0212" ypos="3.536" zpos="-193.745" type="tw_guides.tw_lws3.tw_lws3_lakedoric.tw_lws3_lakedoric_jadeshards.tw_lws3_lakedoric_jadeshards_jadeshard" GUID="VT7t6ok/fkaw1VJ9L50eSA=="/>
		<POI MapID="1185" xpos="-38.9725" ypos="1.66099" zpos="-224.219" type="tw_guides.tw_lws3.tw_lws3_lakedoric.tw_lws3_lakedoric_jadeshards.tw_lws3_lakedoric_jadeshards_jadeshard" GUID="1/XsI/b36EekxOY45YcLgw=="/>
		<POI MapID="1185" xpos="-10.1537" ypos="4.28928" zpos="-203.57" type="tw_guides.tw_lws3.tw_lws3_lakedoric.tw_lws3_lakedoric_jadeshards.tw_lws3_lakedoric_jadeshards_jadeshard" GUID="pdKtHvX2vEWC1F9Ji7m7eg=="/>
		<POI MapID="1185" xpos="-80.0181" ypos="-0.224943" zpos="-229.332" type="tw_guides.tw_lws3.tw_lws3_lakedoric.tw_lws3_lakedoric_jadeshards.tw_lws3_lakedoric_jadeshards_jadeshard" GUID="K+XI3KbGWEeQMGG0tPzesA=="/>
		<POI MapID="1185" xpos="-142.006" ypos="0.722165" zpos="-568.723" type="tw_guides.tw_lws3.tw_lws3_lakedoric.tw_lws3_lakedoric_jadeshards.tw_lws3_lakedoric_jadeshards_jadeshard" GUID="qow4LJMU8E+MqKBxpd6YYw=="/>
		<POI MapID="1185" xpos="119.963" ypos="31.4333" zpos="-688.576" type="tw_guides.tw_lws3.tw_lws3_lakedoric.tw_lws3_lakedoric_jadeshards.tw_lws3_lakedoric_jadeshards_jadeshard" GUID="Z+2ywS2HJ0mif7afWIbNpw=="/>
		<POI MapID="1185" xpos="167.165" ypos="29.8431" zpos="-719.537" type="tw_guides.tw_lws3.tw_lws3_lakedoric.tw_lws3_lakedoric_jadeshards.tw_lws3_lakedoric_jadeshards_jadeshard" GUID="ZsoyBAK7wka5ZWRpQWeIVw=="/>
		<POI MapID="1185" xpos="249.102" ypos="30.5785" zpos="-665.999" type="tw_guides.tw_lws3.tw_lws3_lakedoric.tw_lws3_lakedoric_jadeshards.tw_lws3_lakedoric_jadeshards_jadeshard" GUID="eYbzASP0xEmxNaOKAWnMxg=="/>
		<POI MapID="1185" xpos="280.391" ypos="104.641" zpos="56.2704" type="tw_guides.tw_lws3.tw_lws3_lakedoric.tw_lws3_lakedoric_jadeshards.tw_lws3_lakedoric_jadeshards_jadeshard" GUID="nkEKiQE0XE+JJ+ixBi1e9Q=="/>
		<POI MapID="1185" xpos="-51.1397" ypos="47.0027" zpos="328.963" type="tw_guides.tw_lws3.tw_lws3_lakedoric.tw_lws3_lakedoric_jadeshards.tw_lws3_lakedoric_jadeshards_jadeshard" GUID="4umdRtOByk+qweJaqkv0oQ=="/>
		<POI MapID="1185" xpos="-98.3119" ypos="15.0974" zpos="245.284" type="tw_guides.tw_lws3.tw_lws3_lakedoric.tw_lws3_lakedoric_jadeshards.tw_lws3_lakedoric_jadeshards_jadeshard" GUID="xvzKjWod30K5f4tQPUqENQ=="/>
		<POI MapID="1185" xpos="-188.092" ypos="-26.3766" zpos="109.88" type="tw_guides.tw_lws3.tw_lws3_lakedoric.tw_lws3_lakedoric_jadeshards.tw_lws3_lakedoric_jadeshards_jadeshard" GUID="86ei9j/Ij0y5VsKq4fq86Q=="/>
		<POI MapID="1185" xpos="-221.765" ypos="-18.0508" zpos="16.2807" type="tw_guides.tw_lws3.tw_lws3_lakedoric.tw_lws3_lakedoric_jadeshards.tw_lws3_lakedoric_jadeshards_jadeshard" GUID="NqgUPuL1OkusjAnupScdsA=="/>
		<POI MapID="1185" xpos="-243.594" ypos="1.51219" zpos="-289.813" type="tw_guides.tw_lws3.tw_lws3_lakedoric.tw_lws3_lakedoric_jadeshards.tw_lws3_lakedoric_jadeshards_jadeshard" GUID="4J73RAGVWkGfeFhov6wuOA=="/>
		<POI MapID="1185" xpos="-230.48" ypos="2.13202" zpos="-517.988" type="tw_guides.tw_lws3.tw_lws3_lakedoric.tw_lws3_lakedoric_jadeshards.tw_lws3_lakedoric_jadeshards_jadeshard" GUID="Q0VjMBp2UU2zGaOVeOP26A=="/>
		<POI MapID="1185" xpos="-151.833" ypos="5.65329" zpos="190.155" type="tw_guides.tw_lws3.tw_lws3_lakedoric.tw_lws3_lakedoric_jadeshards.tw_lws3_lakedoric_jadeshards_jadeshard" GUID="xRSYVTxTQEmFRsVB9W4BLw=="/>
		<POI MapID="1185" xpos="-246.846" ypos="-2.59649" zpos="80.3433" type="tw_guides.tw_lws3.tw_lws3_lakedoric.tw_lws3_lakedoric_jadeshards.tw_lws3_lakedoric_jadeshards_jadeshard" GUID="LtH3Ga6A+0eJ/VIRdCr6jA=="/>
		<POI MapID="1185" xpos="294.987" ypos="76.1271" zpos="-131.332" type="tw_guides.tw_lws3.tw_lws3_lakedoric.tw_lws3_lakedoric_jadeshards.tw_lws3_lakedoric_jadeshards_jadeshard" GUID="eP6nO1QHcECRh1HjPZEEOg=="/>
		<POI MapID="1185" xpos="245.611" ypos="66.7198" zpos="-103.066" type="tw_guides.tw_lws3.tw_lws3_lakedoric.tw_lws3_lakedoric_jadeshards.tw_lws3_lakedoric_jadeshards_jadeshard" GUID="UMj8B3HW/EOpnpAQBD7efg=="/>
		<POI MapID="1185" xpos="-183.108" ypos="2.39291" zpos="150.084" type="tw_guides.tw_lws3.tw_lws3_lakedoric.tw_lws3_lakedoric_jadeshards.tw_lws3_lakedoric_jadeshards_jadeshard" GUID="hxxAJ9bSzUSvyNGiGs21/w=="/>
		<POI MapID="1185" xpos="-63.4285" ypos="4.91215" zpos="-601.013" type="tw_guides.tw_lws3.tw_lws3_lakedoric.tw_lws3_lakedoric_jadeshards.tw_lws3_lakedoric_jadeshards_jadeshard" GUID="JmZz4q906kGpoWiKMwCHHg=="/>
		<POI MapID="1185" xpos="-276.122" ypos="-0.378917" zpos="85.2545" type="tw_guides.tw_lws3.tw_lws3_lakedoric.tw_lws3_lakedoric_jadeshards.tw_lws3_lakedoric_jadeshards_jadeshard" GUID="ShUC0DDShUOYDV/daf7y/w=="/>
		<POI MapID="1185" xpos="-136.691" ypos="-0.105578" zpos="-259.804" type="tw_guides.tw_lws3.tw_lws3_lakedoric.tw_lws3_lakedoric_jadeshards.tw_lws3_lakedoric_jadeshards_jadeshard" GUID="6vD/YpRxwUmF5F25Hhm8JA=="/>
		<POI MapID="1185" xpos="-140.828" ypos="0.771445" zpos="-558.12" type="tw_guides.tw_lws3.tw_lws3_lakedoric.tw_lws3_lakedoric_jadeshards.tw_lws3_lakedoric_jadeshards_jadeshard" GUID="Z7lhmlpYLkWWKv9WkgJJAg=="/>
		<POI MapID="1185" xpos="-1.55076" ypos="38.416" zpos="357.62" type="tw_guides.tw_lws3.tw_lws3_lakedoric.tw_lws3_lakedoric_jadeshards.tw_lws3_lakedoric_jadeshards_jadeshard" GUID="70b7sEyFqku6KGU2ZZ2+JQ=="/>
		<POI MapID="1185" xpos="196.066" ypos="60.5535" zpos="-116.437" type="tw_guides.tw_lws3.tw_lws3_lakedoric.tw_lws3_lakedoric_jadeshards.tw_lws3_lakedoric_jadeshards_jadeshard" GUID="yPWIgjCIrkGo1M1IOEdsag=="/>
		<POI MapID="1185" xpos="-123.409" ypos="0.558474" zpos="-571.453" type="tw_guides.tw_lws3.tw_lws3_lakedoric.tw_lws3_lakedoric_jadeshards.tw_lws3_lakedoric_jadeshards_jadeshard" GUID="6QwIt+waL0qqQI3sGraCZw=="/>
		<POI MapID="1185" xpos="35.354" ypos="23.7815" zpos="-181.221" type="tw_guides.tw_lws3.tw_lws3_lakedoric.tw_lws3_lakedoric_jadeshards.tw_lws3_lakedoric_jadeshards_jadeshard" GUID="ohbApxfLTEme2MVHtMixgQ=="/>
		<POI MapID="1185" xpos="-173.474" ypos="1.05356" zpos="132.882" type="tw_guides.tw_lws3.tw_lws3_lakedoric.tw_lws3_lakedoric_jadeshards.tw_lws3_lakedoric_jadeshards_jadeshard" GUID="Hr+Ndsr1QEy4+bD4a5NZNA=="/>
		<POI MapID="1185" xpos="-171.312" ypos="-52.2926" zpos="72.0558" type="tw_guides.tw_lws3.tw_lws3_lakedoric.tw_lws3_lakedoric_jadeshards.tw_lws3_lakedoric_jadeshards_jadeshard" GUID="JrWmLr7ui0+40rYWPww7rg=="/>
		<POI MapID="1185" xpos="265.929" ypos="67.0566" zpos="-0.906377" type="tw_guides.tw_lws3.tw_lws3_lakedoric.tw_lws3_lakedoric_jadeshards.tw_lws3_lakedoric_jadeshards_jadeshard" GUID="JrSG7671n0OYrvPO68sxZw=="/>
		<POI MapID="1185" xpos="-65.434" ypos="0.115824" zpos="-207.172" type="tw_guides.tw_lws3.tw_lws3_lakedoric.tw_lws3_lakedoric_jadeshards.tw_lws3_lakedoric_jadeshards_jadeshard" GUID="ybB76cuF/0iv8pduPzbclg=="/>
		<POI MapID="1185" xpos="-211.323" ypos="6.37496" zpos="-508.581" type="tw_guides.tw_lws3.tw_lws3_lakedoric.tw_lws3_lakedoric_jadeshards.tw_lws3_lakedoric_jadeshards_jadeshard" GUID="jsJl1LAvTkafiu/ytTxBBw=="/>
		<POI MapID="1185" xpos="359.749" ypos="112.378" zpos="107.245" type="tw_guides.tw_lws3.tw_lws3_lakedoric.tw_lws3_lakedoric_jadeshards.tw_lws3_lakedoric_jadeshards_jadeshard" GUID="pi8aJazCfUCCrsqzpc10jg=="/>
		<POI MapID="1185" xpos="52.1345" ypos="31.9639" zpos="-170.742" type="tw_guides.tw_lws3.tw_lws3_lakedoric.tw_lws3_lakedoric_jadeshards.tw_lws3_lakedoric_jadeshards_jadeshard" GUID="s2L5YaTUQ0yBj3zRENLm4Q=="/>
		<POI MapID="1185" xpos="-236.881" ypos="0.841755" zpos="-484.23" type="tw_guides.tw_lws3.tw_lws3_lakedoric.tw_lws3_lakedoric_jadeshards.tw_lws3_lakedoric_jadeshards_jadeshard" GUID="yyw2ADh8rEu4WuvgLRN3Ww=="/>
		<POI MapID="1185" xpos="215.661" ypos="68.2997" zpos="-70.5328" type="tw_guides.tw_lws3.tw_lws3_lakedoric.tw_lws3_lakedoric_jadeshards.tw_lws3_lakedoric_jadeshards_jadeshard" GUID="4eOBYjSuwkOvziXDqbZ1qQ=="/>
		<POI MapID="1185" xpos="-199.683" ypos="-33.5394" zpos="38.9805" type="tw_guides.tw_lws3.tw_lws3_lakedoric.tw_lws3_lakedoric_jadeshards.tw_lws3_lakedoric_jadeshards_jadeshard" GUID="QdVywp2q2ECvob3AjFaLSg=="/>
		<POI MapID="1185" xpos="-38.9924" ypos="48.4745" zpos="337.23" type="tw_guides.tw_lws3.tw_lws3_lakedoric.tw_lws3_lakedoric_jadeshards.tw_lws3_lakedoric_jadeshards_jadeshard" GUID="0Uo26z3x+kqGiMQZtoqpXw=="/>
		<POI MapID="1185" xpos="-113.871" ypos="-0.209032" zpos="-557.359" type="tw_guides.tw_lws3.tw_lws3_lakedoric.tw_lws3_lakedoric_jadeshards.tw_lws3_lakedoric_jadeshards_jadeshard" GUID="ANm3qM7x+EWYO5Krqz6zJg=="/>
		<POI MapID="1185" xpos="-181.612" ypos="-0.174719" zpos="-527.404" type="tw_guides.tw_lws3.tw_lws3_lakedoric.tw_lws3_lakedoric_jadeshards.tw_lws3_lakedoric_jadeshards_jadeshard" GUID="dru9wW1cZkyLN61K/V5rhw=="/>
		<POI MapID="1185" xpos="-199.323" ypos="-0.0347801" zpos="-523.681" type="tw_guides.tw_lws3.tw_lws3_lakedoric.tw_lws3_lakedoric_jadeshards.tw_lws3_lakedoric_jadeshards_jadeshard" GUID="y6ELKX0lAUGIywkzUYTESA=="/>
		<POI MapID="1185" xpos="-45.213" ypos="4.63283" zpos="-614.109" type="tw_guides.tw_lws3.tw_lws3_lakedoric.tw_lws3_lakedoric_jadeshards.tw_lws3_lakedoric_jadeshards_jadeshard" GUID="HXCUZaolr0WZ/9X9ZdJEYw=="/>
		<POI MapID="1185" xpos="-288.838" ypos="-0.540254" zpos="45.0856" type="tw_guides.tw_lws3.tw_lws3_lakedoric.tw_lws3_lakedoric_jadeshards.tw_lws3_lakedoric_jadeshards_jadeshard" GUID="v9RY5Fdlz0iTG2VtLm26aQ=="/>
		<POI MapID="1185" xpos="-244.457" ypos="1.5082" zpos="-462.491" type="tw_guides.tw_lws3.tw_lws3_lakedoric.tw_lws3_lakedoric_jadeshards.tw_lws3_lakedoric_jadeshards_jadeshard" GUID="d+HmXQ4imUOndjFF8WZ4hQ=="/>
		<POI MapID="1185" xpos="-177.281" ypos="3.127" zpos="-496.822" type="tw_guides.tw_lws3.tw_lws3_lakedoric.tw_lws3_lakedoric_jadeshards.tw_lws3_lakedoric_jadeshards_jadeshard" GUID="hnSwyZw/TUaQ3WWY6hd6Mw=="/>
		<POI MapID="1185" xpos="-150.344" ypos="-0.135981" zpos="-575.853" type="tw_guides.tw_lws3.tw_lws3_lakedoric.tw_lws3_lakedoric_jadeshards.tw_lws3_lakedoric_jadeshards_jadeshard" GUID="aAG9gmeKVEeL/+QaIga++A=="/>
		<POI MapID="1185" xpos="288.406" ypos="45.9351" zpos="-280.828" type="tw_guides.tw_lws3.tw_lws3_lakedoric.tw_lws3_lakedoric_jadeshards.tw_lws3_lakedoric_jadeshards_signs.tw_lws3_lakedoric_jadeshards_startsign" GUID="gcqsaXKGOUKqdhvu/2ygeA=="/>
		<POI MapID="1185" xpos="217.963" ypos="110.823" zpos="444.213" type="tw_guides.tw_lws3.tw_lws3_lakedoric.tw_lws3_lakedoric_harathistrongboxes.tw_lws3_lakedoric_harathistrongboxes_strongbox" GUID="CFqDD2sKZEG8vWs0bmcRGg=="/>
		<POI MapID="1185" xpos="245.574" ypos="78.0548" zpos="525.729" type="tw_guides.tw_lws3.tw_lws3_lakedoric.tw_lws3_lakedoric_harathistrongboxes.tw_lws3_lakedoric_harathistrongboxes_strongbox" GUID="vyLU487sOEiC9FBq5mJcng=="/>
		<POI MapID="1185" xpos="224.85" ypos="72.3621" zpos="590.279" type="tw_guides.tw_lws3.tw_lws3_lakedoric.tw_lws3_lakedoric_harathistrongboxes.tw_lws3_lakedoric_harathistrongboxes_strongbox" GUID="hCqgjr5uLUGh7REPUM4mSg=="/>
		<POI MapID="1185" xpos="327.469" ypos="153.629" zpos="554.47" type="tw_guides.tw_lws3.tw_lws3_lakedoric.tw_lws3_lakedoric_harathistrongboxes.tw_lws3_lakedoric_harathistrongboxes_strongbox" GUID="FWqjunqnk0+mSG24nvJuAg=="/>
		<POI MapID="1185" xpos="325.84" ypos="162.104" zpos="587.656" type="tw_guides.tw_lws3.tw_lws3_lakedoric.tw_lws3_lakedoric_harathistrongboxes.tw_lws3_lakedoric_harathistrongboxes_strongbox" GUID="fds7wHiRw0+dq+lg7/m+ww=="/>
		<POI MapID="1185" xpos="258.925" ypos="157.721" zpos="569.052" type="tw_guides.tw_lws3.tw_lws3_lakedoric.tw_lws3_lakedoric_harathistrongboxes.tw_lws3_lakedoric_harathistrongboxes_strongbox" GUID="SgNnWuZOjkiMni+sAQXAtA=="/>
		<POI MapID="1185" xpos="287.454" ypos="149.961" zpos="520.696" type="tw_guides.tw_lws3.tw_lws3_lakedoric.tw_lws3_lakedoric_harathistrongboxes.tw_lws3_lakedoric_harathistrongboxes_strongbox" GUID="a38ZuxrnckSAjV6Q8+RMmA=="/>
		<POI MapID="1185" xpos="288.936" ypos="173.563" zpos="583.638" type="tw_guides.tw_lws3.tw_lws3_lakedoric.tw_lws3_lakedoric_harathistrongboxes.tw_lws3_lakedoric_harathistrongboxes_strongbox" GUID="dfWucKfM3E2BsENDODrbOQ=="/>
		<POI MapID="1185" xpos="351.357" ypos="195.414" zpos="607.486" type="tw_guides.tw_lws3.tw_lws3_lakedoric.tw_lws3_lakedoric_harathistrongboxes.tw_lws3_lakedoric_harathistrongboxes_strongbox" GUID="aakWDUmobUmFCH/QtTvPVQ=="/>
		<POI MapID="1185" xpos="375.057" ypos="192.293" zpos="634.116" type="tw_guides.tw_lws3.tw_lws3_lakedoric.tw_lws3_lakedoric_harathistrongboxes.tw_lws3_lakedoric_harathistrongboxes_strongbox" GUID="sx4hczj3UEqZLK5IZw9MpA=="/>
		<POI MapID="1185" xpos="384.405" ypos="204.202" zpos="657.247" type="tw_guides.tw_lws3.tw_lws3_lakedoric.tw_lws3_lakedoric_harathistrongboxes.tw_lws3_lakedoric_harathistrongboxes_strongbox" GUID="An4n3IoCWEyuud8qmihEQg=="/>
		<POI MapID="1185" xpos="350.093" ypos="187.442" zpos="737.06" type="tw_guides.tw_lws3.tw_lws3_lakedoric.tw_lws3_lakedoric_harathistrongboxes.tw_lws3_lakedoric_harathistrongboxes_strongbox" GUID="u9qsb2Jsc0ulwKXq3K+Kgg=="/>
		<POI MapID="1185" xpos="178.64" ypos="175.605" zpos="715.35" type="tw_guides.tw_lws3.tw_lws3_lakedoric.tw_lws3_lakedoric_harathistrongboxes.tw_lws3_lakedoric_harathistrongboxes_strongbox" GUID="86WteGFeUkec6xARzNn/PQ=="/>
		<POI MapID="1185" xpos="266.356" ypos="189.548" zpos="620.664" type="tw_guides.tw_lws3.tw_lws3_lakedoric.tw_lws3_lakedoric_harathistrongboxes.tw_lws3_lakedoric_harathistrongboxes_strongbox" GUID="SqrIykbx20Ku6GbG16dB8g=="/>
		<POI MapID="1185" xpos="311.15" ypos="196.765" zpos="661.283" type="tw_guides.tw_lws3.tw_lws3_lakedoric.tw_lws3_lakedoric_harathistrongboxes.tw_lws3_lakedoric_harathistrongboxes_strongbox" GUID="tBwHv7m3D0OgfHU21EXOAQ=="/>
		<POI MapID="1185" xpos="310.462" ypos="197.608" zpos="705.75" type="tw_guides.tw_lws3.tw_lws3_lakedoric.tw_lws3_lakedoric_harathistrongboxes.tw_lws3_lakedoric_harathistrongboxes_strongbox" GUID="BxNmTC0wL067Wzaq439ZYQ=="/>
		<POI MapID="1185" xpos="261.967" ypos="192.228" zpos="684.588" type="tw_guides.tw_lws3.tw_lws3_lakedoric.tw_lws3_lakedoric_harathistrongboxes.tw_lws3_lakedoric_harathistrongboxes_strongbox" GUID="cIXSnuZLJEOLm8KKvXuFqA=="/>
		<POI MapID="1185" xpos="206.624" ypos="150.144" zpos="662.644" type="tw_guides.tw_lws3.tw_lws3_lakedoric.tw_lws3_lakedoric_harathistrongboxes.tw_lws3_lakedoric_harathistrongboxes_strongbox" GUID="PZe6fJ5lxkm5dJPu9hyfIg=="/>
		<POI MapID="1185" xpos="242.731" ypos="149.216" zpos="602.186" type="tw_guides.tw_lws3.tw_lws3_lakedoric.tw_lws3_lakedoric_harathistrongboxes.tw_lws3_lakedoric_harathistrongboxes_strongbox" GUID="DHB82L3TRUa+JDbsfXC4Gg=="/>
		<POI MapID="1185" xpos="-323.188" ypos="88.6019" zpos="650.835" type="tw_guides.tw_lws3.tw_lws3_lakedoric.tw_lws3_lakedoric_noranssecret.tw_lws3_lakedoric_noranssecret_signs.tw_lws3_lakedoric_noranssecret_spikeg" GUID="RYWbne3Drkq8knS6tekl6g=="/>
		<POI MapID="1185" xpos="-338.091" ypos="69.8644" zpos="678.779" type="tw_guides.tw_lws3.tw_lws3_lakedoric.tw_lws3_lakedoric_noranssecret.tw_lws3_lakedoric_noranssecret_signs.tw_lws3_lakedoric_noranssecret_safespot" GUID="TOwt9tYAgkqCvS57wSlrtg=="/>
		<POI MapID="1185" xpos="-331.105" ypos="69.8644" zpos="681.87" type="tw_guides.tw_lws3.tw_lws3_lakedoric.tw_lws3_lakedoric_noranssecret.tw_lws3_lakedoric_noranssecret_signs.tw_lws3_lakedoric_noranssecret_safespot" GUID="vazfGMLNDUyQjTC3tZb0HQ=="/>
		<POI MapID="1185" xpos="-348.791" ypos="69.8644" zpos="667.861" type="tw_guides.tw_lws3.tw_lws3_lakedoric.tw_lws3_lakedoric_noranssecret.tw_lws3_lakedoric_noranssecret_signs.tw_lws3_lakedoric_noranssecret_safespot" GUID="hLygxxAfkk2vuq3k2FDOcA=="/>
		<POI MapID="1185" xpos="-357.679" ypos="69.7033" zpos="663.999" type="tw_guides.tw_lws3.tw_lws3_lakedoric.tw_lws3_lakedoric_noranssecret.tw_lws3_lakedoric_noranssecret_signs.tw_lws3_lakedoric_noranssecret_safespot" GUID="OowpYPff7keMSFo1gfG/+g=="/>
		<POI MapID="1185" xpos="-194.272" ypos="21.398" zpos="579.381" type="tw_guides.tw_lws3.tw_lws3_lakedoric.tw_lws3_lakedoric_noranssecret.tw_lws3_lakedoric_noranssecret_signs.tw_lws3_lakedoric_noranssecret_trail_entrance" GUID="iOxK3FUlckiaRnfKXtzefQ=="/>
		<POI MapID="1185" xpos="-161.399" ypos="95.2588" zpos="633.595" type="tw_guides.tw_lws3.tw_lws3_lakedoric.tw_lws3_lakedoric_noranssecret.tw_lws3_lakedoric_noranssecret_signs.tw_lws3_lakedoric_noranssecret_startsign" GUID="zkRUOT8IjEu+LfAN+5oUuQ=="/>
		<POI MapID="1185" xpos="-179.54" ypos="87.7883" zpos="653.839" type="tw_guides.tw_lws3.tw_lws3_lakedoric.tw_lws3_lakedoric_noranssecret.tw_lws3_lakedoric_noranssecret_signs.tw_lws3_lakedoric_noranssecret_trail_entrance" GUID="xysWDkBvc0qYngQG/rs0Rw=="/>
		<POI MapID="1185" xpos="-326.549" ypos="69.8763" zpos="684.302" type="tw_guides.tw_lws3.tw_lws3_lakedoric.tw_lws3_lakedoric_noranssecret.tw_lws3_lakedoric_noranssecret_signs.tw_lws3_lakedoric_noranssecret_pendulum" GUID="UR0w3QzNQEiUP6wYQkrwdw=="/>
		<POI MapID="1185" xpos="-339.802" ypos="69.8644" zpos="675.744" type="tw_guides.tw_lws3.tw_lws3_lakedoric.tw_lws3_lakedoric_noranssecret.tw_lws3_lakedoric_noranssecret_signs.tw_lws3_lakedoric_noranssecret_pendulum" GUID="sk36DtQM/0eioiUn4EpCbg=="/>
		<POI MapID="1185" xpos="-345.386" ypos="69.8644" zpos="670.149" type="tw_guides.tw_lws3.tw_lws3_lakedoric.tw_lws3_lakedoric_noranssecret.tw_lws3_lakedoric_noranssecret_signs.tw_lws3_lakedoric_noranssecret_pendulum" GUID="y4scxGOQQESgdmsUDTs/mw=="/>
		<POI MapID="1185" xpos="-352.92" ypos="69.8695" zpos="666.16" type="tw_guides.tw_lws3.tw_lws3_lakedoric.tw_lws3_lakedoric_noranssecret.tw_lws3_lakedoric_noranssecret_signs.tw_lws3_lakedoric_noranssecret_pendulum" GUID="AUAudAptb0W2uAuStobu4A=="/>
		<POI MapID="1185" xpos="-359.886" ypos="69.6993" zpos="661.006" type="tw_guides.tw_lws3.tw_lws3_lakedoric.tw_lws3_lakedoric_noranssecret.tw_lws3_lakedoric_noranssecret_signs.tw_lws3_lakedoric_noranssecret_pendulum" GUID="NkYnMWuCE0WEv5f8zy3TOw=="/>
		<POI MapID="1185" xpos="-362.782" ypos="69.8644" zpos="654.81" type="tw_guides.tw_lws3.tw_lws3_lakedoric.tw_lws3_lakedoric_noranssecret.tw_lws3_lakedoric_noranssecret_signs.tw_lws3_lakedoric_noranssecret_pendulum" GUID="ryQKp0F4o0u1mXVFncRTcQ=="/>
		<POI MapID="1185" xpos="-362.936" ypos="70.0639" zpos="648.967" type="tw_guides.tw_lws3.tw_lws3_lakedoric.tw_lws3_lakedoric_noranssecret.tw_lws3_lakedoric_noranssecret_signs.tw_lws3_lakedoric_noranssecret_pendulum" GUID="U7x5ANS05kOGHMH5yW4yRw=="/>
		<POI MapID="1185" xpos="-346.402" ypos="41.9003" zpos="630.663" type="tw_guides.tw_lws3.tw_lws3_lakedoric.tw_lws3_lakedoric_noranssecret.tw_lws3_lakedoric_noranssecret_signs.tw_lws3_lakedoric_noranssecret_trail_jump" GUID="T6+pC8ce+UiNoMr8nQcUKw=="/>
		<POI MapID="1185" xpos="-333.396" ypos="41.959" zpos="629.272" type="tw_guides.tw_lws3.tw_lws3_lakedoric.tw_lws3_lakedoric_noranssecret.tw_lws3_lakedoric_noranssecret_signs.tw_lws3_lakedoric_noranssecret_trail_jump" GUID="PhTC/tEHX0qOpOUSUnYwHA=="/>
		<POI MapID="1185" xpos="-340.415" ypos="42.2003" zpos="631.937" type="tw_guides.tw_lws3.tw_lws3_lakedoric.tw_lws3_lakedoric_noranssecret.tw_lws3_lakedoric_noranssecret_signs.tw_lws3_lakedoric_noranssecret_trail_jump" GUID="eM1YIPTs+U+CCzNJqxCRlg=="/>
		<POI MapID="1185" xpos="-325.28" ypos="40.5526" zpos="613.7" type="tw_guides.tw_lws3.tw_lws3_lakedoric.tw_lws3_lakedoric_noranssecret.tw_lws3_lakedoric_noranssecret_signs.tw_lws3_lakedoric_noranssecret_trail_jump" GUID="VYdsqGzXkUGBX20fDnib0A=="/>
		<POI MapID="1185" xpos="-326.179" ypos="40.349" zpos="607.259" type="tw_guides.tw_lws3.tw_lws3_lakedoric.tw_lws3_lakedoric_noranssecret.tw_lws3_lakedoric_noranssecret_signs.tw_lws3_lakedoric_noranssecret_trail_jump" GUID="nZJ0avQR1km/ifsJWKIt3w=="/>
		<POI MapID="1185" xpos="-293.778" ypos="29.8167" zpos="578.907" type="tw_guides.tw_lws3.tw_lws3_lakedoric.tw_lws3_lakedoric_noranssecret.tw_lws3_lakedoric_noranssecret_signs.tw_lws3_lakedoric_noranssecret_trail_jump" GUID="3bT0rPDfuU6qi18HoQkGJA=="/>
		<POI MapID="1185" xpos="-288.077" ypos="29.8121" zpos="581.798" type="tw_guides.tw_lws3.tw_lws3_lakedoric.tw_lws3_lakedoric_noranssecret.tw_lws3_lakedoric_noranssecret_signs.tw_lws3_lakedoric_noranssecret_trail_jump" GUID="plgDFY1zJkqO/aZizBcFxQ=="/>
		<POI MapID="1185" xpos="-286.085" ypos="29.7734" zpos="583.986" type="tw_guides.tw_lws3.tw_lws3_lakedoric.tw_lws3_lakedoric_noranssecret.tw_lws3_lakedoric_noranssecret_signs.tw_lws3_lakedoric_noranssecret_trail_jump" GUID="4wvJtz1t/0CoayVTjlJEqw=="/>
		<POI MapID="1185" xpos="-283.101" ypos="29.2128" zpos="591.34" type="tw_guides.tw_lws3.tw_lws3_lakedoric.tw_lws3_lakedoric_noranssecret.tw_lws3_lakedoric_noranssecret_signs.tw_lws3_lakedoric_noranssecret_trail_jump" GUID="GLIDOA/SpkyVO8UZmzRblw=="/>
		<POI MapID="1185" xpos="-283.22" ypos="30.8275" zpos="595.731" type="tw_guides.tw_lws3.tw_lws3_lakedoric.tw_lws3_lakedoric_noranssecret.tw_lws3_lakedoric_noranssecret_signs.tw_lws3_lakedoric_noranssecret_trail_jump" GUID="kzpCHgBKDEuJRJtxU+tLJA=="/>
		<POI MapID="1185" xpos="-285.031" ypos="30.7894" zpos="597.978" type="tw_guides.tw_lws3.tw_lws3_lakedoric.tw_lws3_lakedoric_noranssecret.tw_lws3_lakedoric_noranssecret_signs.tw_lws3_lakedoric_noranssecret_trail_jump" GUID="86/3bmm+i0KyUQUIkzXzvg=="/>
		<POI MapID="1185" xpos="-289.775" ypos="30.7266" zpos="601.079" type="tw_guides.tw_lws3.tw_lws3_lakedoric.tw_lws3_lakedoric_noranssecret.tw_lws3_lakedoric_noranssecret_signs.tw_lws3_lakedoric_noranssecret_trail_jump" GUID="L4zv2erEQ0+qYQ1TYM+I8A=="/>
		<POI MapID="1185" xpos="249.001" ypos="30.1078" zpos="-665.751" type="tw_guides.tw_lws3.tw_lws3_lakedoric.tw_lws3_lakedoric_jadeshards.tw_lws3_lakedoric_jadeshards_signs.tw_lws3_lakedoric_jadeshards_finish" GUID="1pswQ/8QmEW8DhrnbWFZpA=="/>
    <Trail type="tw_guides.tw_lws3.tw_lws3_lakedoric.tw_lws3_lakedoric_jadeshards.tw_lws3_lakedoric_jadeshards_toggletrail" GUID="k2OaF8A7AEuDZiNde22Asw==" fadeNear="5000" fadeFar="5100" trailData="Data/TekkitsWorkshop/LWS3/LakeDoric/tw_lws3_lakedoric_jadeshards.trl" animSpeed="0.0" texture="Data/TekkitsWorkshop/General/tw_trail_r.png"/>
		<Trail type="tw_guides.tw_lws3.tw_lws3_lakedoric.tw_lws3_lakedoric_noranssecret.tw_lws3_lakedoric_noranssecret_toggletrail" GUID="Pe6aB6GUBUWPQW8a+dxWfw==" fadeNear="2500" fadeFar="2600" trailData="Data/TekkitsWorkshop/LWS3/LakeDoric/tw_lws3_lakedoric_noranssecret1.trl" animSpeed="0.0" texture="Data/TekkitsWorkshop/General/tw_trail_g.png"/>
		<Trail type="tw_guides.tw_lws3.tw_lws3_lakedoric.tw_lws3_lakedoric_noranssecret.tw_lws3_lakedoric_noranssecret_toggletrail" GUID="d485qwOciEekxC36VtCeow==" fadeNear="2500" fadeFar="2600" trailData="Data/TekkitsWorkshop/LWS3/LakeDoric/tw_lws3_lakedoric_noranssecret2.trl" animSpeed="0.0" texture="Data/TekkitsWorkshop/General/tw_trail_dg.png"/>
	</POIs>
</OverlayData>
