<OverlayData>
	<MarkerCategory name="tw_guides" DisplayName="Tekkit's Guides">
		<MarkerCategory name="tw_lws2" DisplayName="Season 2">
			<MarkerCategory name="tw_lws2_drytop" DisplayName="Dry Top">
				<MarkerCategory name="tw_lws2_drytop_buriedlockedchests" DisplayName="Buried Locked Chests">
					<MarkerCategory name="tw_lws2_drytop_buriedlockedchests_buriedlockedchest" DisplayName="Toggle Buried Locked Chests" mapDisplaySize="30" iconFile="Data/TekkitsWorkshop/LWS2/DryTop/tw_lws2_drytop_buriedlockedchests_buriedlockedchest.png" iconSize="0.7" fadeNear="5000" fadeFar="5100" heightOffset="1.5" behavior="2" minSize="10"/>
					<MarkerCategory name="tw_lws2_drytop_buriedlockedchests_toggletrails" DisplayName="Toggle Trails">
						<MarkerCategory name="tw_lws2_drytop_buriedlockedchests_toggletrailp1" DisplayName="Toggle Trail Part 1"/>
						<MarkerCategory name="tw_lws2_drytop_buriedlockedchests_toggletrailp2" DisplayName="Toggle Trail Part 2"/>
						<MarkerCategory name="tw_lws2_drytop_buriedlockedchests_toggletrailp3" DisplayName="Toggle Trail Part 3"/>
						<MarkerCategory name="tw_lws2_drytop_buriedlockedchests_toggletrailp4" DisplayName="Toggle Trail Part 4"/>
					</MarkerCategory>
					<MarkerCategory name="tw_lws2_drytop_buriedlockedchests_signs" DisplayName="Toggle Signs">
						<MarkerCategory name="tw_lws2_drytop_buriedlockedchests_startsign1" DisplayName="Starting Sign Part 1" mapDisplaySize="130" iconFile="Data/TekkitsWorkshop/LWS2/DryTop/tw_lws2_drytop_buriedlockedchests_startsign1.png" iconSize="2" fadeNear="5000" fadeFar="5100" heightOffset="2.5"/>
						<MarkerCategory name="tw_lws2_drytop_buriedlockedchests_startsign2" DisplayName="Starting Sign Part 2" mapDisplaySize="130" iconFile="Data/TekkitsWorkshop/LWS2/DryTop/tw_lws2_drytop_buriedlockedchests_startsign2.png" iconSize="2" fadeNear="5000" fadeFar="5100" heightOffset="2.5"/>
						<MarkerCategory name="tw_lws2_drytop_buriedlockedchests_startsign3" DisplayName="Starting Sign Part 3" mapDisplaySize="130" iconFile="Data/TekkitsWorkshop/LWS2/DryTop/tw_lws2_drytop_buriedlockedchests_startsign3.png" iconSize="2" fadeNear="5000" fadeFar="5100" heightOffset="2.5"/>
						<MarkerCategory name="tw_lws2_drytop_buriedlockedchests_startsign4" DisplayName="Starting Sign Part 4" mapDisplaySize="130" iconFile="Data/TekkitsWorkshop/LWS2/DryTop/tw_lws2_drytop_buriedlockedchests_startsign4.png" iconSize="2" fadeNear="5000" fadeFar="5100" heightOffset="2.5"/>
						<MarkerCategory name="tw_lws2_drytop_buriedlockedchests_teleport1" DisplayName="Teleport Sign 1" miniMapVisibility="0" mapVisibility="0" iconFile="Data/TekkitsWorkshop/LWS2/DryTop/tw_lws2_drytop_buriedlockedchests_teleport1.png" iconSize="2.5" fadeNear="5000" fadeFar="5100" heightOffset="2.5"/>
						<MarkerCategory name="tw_lws2_drytop_buriedlockedchests_teleport2" DisplayName="Teleport Sign 2" miniMapVisibility="0" mapVisibility="0" iconFile="Data/TekkitsWorkshop/LWS2/DryTop/tw_lws2_drytop_buriedlockedchests_teleport2.png" iconSize="2.5" fadeNear="5000" fadeFar="5100" heightOffset="2.5"/>
						<MarkerCategory name="tw_lws2_drytop_buriedlockedchests_teleport3" DisplayName="Teleport Sign 3" miniMapVisibility="0" mapVisibility="0" iconFile="Data/TekkitsWorkshop/LWS2/DryTop/tw_lws2_drytop_buriedlockedchests_teleport3.png" iconSize="2.5" fadeNear="5000" fadeFar="5100" heightOffset="2.5"/>
						<MarkerCategory name="tw_lws2_drytop_buriedlockedchests_finish" DisplayName="Finish Sign" mapDisplaySize="80" iconFile="Data/TekkitsWorkshop/General/tw_trail_finish_b.png" iconSize="1.2" fadeNear="5000" fadeFar="5100" heightOffset="2.5" minSize="50"/>
					</MarkerCategory>
				</MarkerCategory>
			</MarkerCategory>
		</MarkerCategory>
	</MarkerCategory>
	<POIs>
		<POI MapID="988" xpos="238.437" ypos="47.8343" zpos="-579.775" type="tw_guides.tw_lws2.tw_lws2_drytop.tw_lws2_drytop_buriedlockedchests.tw_lws2_drytop_buriedlockedchests_buriedlockedchest" GUID="h8Av3WseKEi2CK7AsoLA5g=="/>
		<POI MapID="988" xpos="327.878" ypos="42.5329" zpos="-418.297" type="tw_guides.tw_lws2.tw_lws2_drytop.tw_lws2_drytop_buriedlockedchests.tw_lws2_drytop_buriedlockedchests_buriedlockedchest" GUID="7Y++ovKLpUS/pViFzmdpUg=="/>
		<POI MapID="988" xpos="375.565" ypos="39.6762" zpos="-214.12" type="tw_guides.tw_lws2.tw_lws2_drytop.tw_lws2_drytop_buriedlockedchests.tw_lws2_drytop_buriedlockedchests_buriedlockedchest" GUID="ugSgHgrHmkuhtIGhQZ93Mg=="/>
		<POI MapID="988" xpos="186.149" ypos="52.3887" zpos="-492.264" type="tw_guides.tw_lws2.tw_lws2_drytop.tw_lws2_drytop_buriedlockedchests.tw_lws2_drytop_buriedlockedchests_buriedlockedchest" GUID="OqpZfOhsF02A92DUwTT/EA=="/>
		<POI MapID="988" xpos="135.058" ypos="44.8831" zpos="-526.799" type="tw_guides.tw_lws2.tw_lws2_drytop.tw_lws2_drytop_buriedlockedchests.tw_lws2_drytop_buriedlockedchests_buriedlockedchest" GUID="6Q3wHu2Sq0OOwCAzHJ5nBQ=="/>
		<POI MapID="988" xpos="101.492" ypos="26.9757" zpos="-398.388" type="tw_guides.tw_lws2.tw_lws2_drytop.tw_lws2_drytop_buriedlockedchests.tw_lws2_drytop_buriedlockedchests_buriedlockedchest" GUID="1p/qbUcs0Uazx8G7UJfSeg=="/>
		<POI MapID="988" xpos="-49.4197" ypos="49.2429" zpos="-290.459" type="tw_guides.tw_lws2.tw_lws2_drytop.tw_lws2_drytop_buriedlockedchests.tw_lws2_drytop_buriedlockedchests_buriedlockedchest" GUID="TvdffvHpE0Wnn477+xPajQ=="/>
		<POI MapID="988" xpos="195.138" ypos="31.1788" zpos="-103.606" type="tw_guides.tw_lws2.tw_lws2_drytop.tw_lws2_drytop_buriedlockedchests.tw_lws2_drytop_buriedlockedchests_buriedlockedchest" GUID="a3Q6CP/SWkC1/t6PEeMSHQ=="/>
		<POI MapID="988" xpos="189.409" ypos="37.6783" zpos="-30.2039" type="tw_guides.tw_lws2.tw_lws2_drytop.tw_lws2_drytop_buriedlockedchests.tw_lws2_drytop_buriedlockedchests_buriedlockedchest" GUID="lj/CNMnsR0muWk0beBtd7w=="/>
		<POI MapID="988" xpos="-58.7403" ypos="56.0075" zpos="59.5582" type="tw_guides.tw_lws2.tw_lws2_drytop.tw_lws2_drytop_buriedlockedchests.tw_lws2_drytop_buriedlockedchests_buriedlockedchest" GUID="uSIdy0DSgUeMGbMUWVRtbA=="/>
		<POI MapID="988" xpos="-114.19" ypos="12.9274" zpos="6.78579" type="tw_guides.tw_lws2.tw_lws2_drytop.tw_lws2_drytop_buriedlockedchests.tw_lws2_drytop_buriedlockedchests_buriedlockedchest" GUID="fFOFlRNrbkWiOniwxdDHtQ=="/>
		<POI MapID="988" xpos="-214.562" ypos="9.002" zpos="24.579" type="tw_guides.tw_lws2.tw_lws2_drytop.tw_lws2_drytop_buriedlockedchests.tw_lws2_drytop_buriedlockedchests_buriedlockedchest" GUID="f/a4+Dt2p0+qzF6X/lPnLw=="/>
		<POI MapID="988" xpos="-521.151" ypos="37.2329" zpos="-131.845" type="tw_guides.tw_lws2.tw_lws2_drytop.tw_lws2_drytop_buriedlockedchests.tw_lws2_drytop_buriedlockedchests_buriedlockedchest" GUID="XgSR6oyC3kiJ/3e6YXk3EQ=="/>
		<POI MapID="988" xpos="-565.247" ypos="58.4151" zpos="-143.072" type="tw_guides.tw_lws2.tw_lws2_drytop.tw_lws2_drytop_buriedlockedchests.tw_lws2_drytop_buriedlockedchests_buriedlockedchest" GUID="rminhnx6cki+FIzfkjxDgA=="/>
		<POI MapID="988" xpos="-493.526" ypos="89.4431" zpos="-328.875" type="tw_guides.tw_lws2.tw_lws2_drytop.tw_lws2_drytop_buriedlockedchests.tw_lws2_drytop_buriedlockedchests_buriedlockedchest" GUID="0R0zV1IEUEKb7bRxzW81Fg=="/>
		<POI MapID="988" xpos="-328.271" ypos="120.983" zpos="-451.476" type="tw_guides.tw_lws2.tw_lws2_drytop.tw_lws2_drytop_buriedlockedchests.tw_lws2_drytop_buriedlockedchests_buriedlockedchest" GUID="ku6UAELXxkSUuBKYTVIUjw=="/>
		<POI MapID="988" xpos="-460.102" ypos="74.6096" zpos="-516.889" type="tw_guides.tw_lws2.tw_lws2_drytop.tw_lws2_drytop_buriedlockedchests.tw_lws2_drytop_buriedlockedchests_buriedlockedchest" GUID="DisRv4YkME+F2hc4eFtKJw=="/>
		<POI MapID="988" xpos="-425.07" ypos="38.3307" zpos="-463.576" type="tw_guides.tw_lws2.tw_lws2_drytop.tw_lws2_drytop_buriedlockedchests.tw_lws2_drytop_buriedlockedchests_buriedlockedchest" GUID="jVp2zkyBkkuQ2B1ahA0tHg=="/>
		<POI MapID="988" xpos="-281.659" ypos="111.398" zpos="-343.355" type="tw_guides.tw_lws2.tw_lws2_drytop.tw_lws2_drytop_buriedlockedchests.tw_lws2_drytop_buriedlockedchests_buriedlockedchest" GUID="v1biI2SzlUumsuvQqXU75w=="/>
		<POI MapID="988" xpos="-214.999" ypos="76.9789" zpos="-560.378" type="tw_guides.tw_lws2.tw_lws2_drytop.tw_lws2_drytop_buriedlockedchests.tw_lws2_drytop_buriedlockedchests_buriedlockedchest" GUID="akxlr1RGPkinW39KRzjKgg=="/>
		<POI MapID="988" xpos="334.963" ypos="81.4416" zpos="-398.984" type="tw_guides.tw_lws2.tw_lws2_drytop.tw_lws2_drytop_buriedlockedchests.tw_lws2_drytop_buriedlockedchests_buriedlockedchest" GUID="+cseS5Cmc06vSOiMMu32OA=="/>
		<POI MapID="988" xpos="313.569" ypos="79.0512" zpos="-450.134" type="tw_guides.tw_lws2.tw_lws2_drytop.tw_lws2_drytop_buriedlockedchests.tw_lws2_drytop_buriedlockedchests_buriedlockedchest" GUID="+Z924Tt80E2GgwpS4hbJpQ=="/>
		<POI MapID="988" xpos="310.412" ypos="21.7492" zpos="-388.878" type="tw_guides.tw_lws2.tw_lws2_drytop.tw_lws2_drytop_buriedlockedchests.tw_lws2_drytop_buriedlockedchests_buriedlockedchest" GUID="ZXYyLYtDqE6r70RPFh4Tbw=="/>
		<POI MapID="988" xpos="385.02" ypos="10.7762" zpos="-255.176" type="tw_guides.tw_lws2.tw_lws2_drytop.tw_lws2_drytop_buriedlockedchests.tw_lws2_drytop_buriedlockedchests_buriedlockedchest" GUID="sw+hoMS4S025RSVqYGYM1A=="/>
		<POI MapID="988" xpos="252.872" ypos="31.0151" zpos="-168.968" type="tw_guides.tw_lws2.tw_lws2_drytop.tw_lws2_drytop_buriedlockedchests.tw_lws2_drytop_buriedlockedchests_buriedlockedchest" GUID="mAXJpk5xc0qSNSpFoVGbBQ=="/>
		<POI MapID="988" xpos="129.435" ypos="25.9782" zpos="-381.81" type="tw_guides.tw_lws2.tw_lws2_drytop.tw_lws2_drytop_buriedlockedchests.tw_lws2_drytop_buriedlockedchests_buriedlockedchest" GUID="16VUMgKC3Eqv/0k7WWiXyQ=="/>
		<POI MapID="988" xpos="30.5269" ypos="40.1948" zpos="-502.777" type="tw_guides.tw_lws2.tw_lws2_drytop.tw_lws2_drytop_buriedlockedchests.tw_lws2_drytop_buriedlockedchests_buriedlockedchest" GUID="f5xWYC3a5UWd1FFAqP6qJQ=="/>
		<POI MapID="988" xpos="-54.9832" ypos="63.5575" zpos="-179.039" type="tw_guides.tw_lws2.tw_lws2_drytop.tw_lws2_drytop_buriedlockedchests.tw_lws2_drytop_buriedlockedchests_buriedlockedchest" GUID="JPuNJW0H40er8eH8JQwTtQ=="/>
		<POI MapID="988" xpos="-53.5049" ypos="17.4962" zpos="-58.5224" type="tw_guides.tw_lws2.tw_lws2_drytop.tw_lws2_drytop_buriedlockedchests.tw_lws2_drytop_buriedlockedchests_buriedlockedchest" GUID="MRPn62m6ZkeTP+pXWkIY+Q=="/>
		<POI MapID="988" xpos="-51.4208" ypos="4.39357" zpos="-69.8863" type="tw_guides.tw_lws2.tw_lws2_drytop.tw_lws2_drytop_buriedlockedchests.tw_lws2_drytop_buriedlockedchests_buriedlockedchest" GUID="5fHCpD/mZUWCMj+DGfUSew=="/>
		<POI MapID="988" xpos="-245.099" ypos="90.968" zpos="-446.848" type="tw_guides.tw_lws2.tw_lws2_drytop.tw_lws2_drytop_buriedlockedchests.tw_lws2_drytop_buriedlockedchests_buriedlockedchest" GUID="EOgCvSG1kEGRyUxDvj6Aog=="/>
		<POI MapID="988" xpos="-241.908" ypos="60.5127" zpos="-542.745" type="tw_guides.tw_lws2.tw_lws2_drytop.tw_lws2_drytop_buriedlockedchests.tw_lws2_drytop_buriedlockedchests_buriedlockedchest" GUID="joq5iswwjU2WKviJt6wN6A=="/>
		<POI MapID="988" xpos="-349.961" ypos="106.378" zpos="-339.339" type="tw_guides.tw_lws2.tw_lws2_drytop.tw_lws2_drytop_buriedlockedchests.tw_lws2_drytop_buriedlockedchests_buriedlockedchest" GUID="o3S4FAcC0kScs5GB0Qjy/Q=="/>
		<POI MapID="988" xpos="364.363" ypos="14.6388" zpos="-515.63" type="tw_guides.tw_lws2.tw_lws2_drytop.tw_lws2_drytop_buriedlockedchests.tw_lws2_drytop_buriedlockedchests_buriedlockedchest" GUID="T1vRPY5lY0mhz5suScrPlA=="/>
		<POI MapID="988" xpos="328.23" ypos="16.0014" zpos="-433.673" type="tw_guides.tw_lws2.tw_lws2_drytop.tw_lws2_drytop_buriedlockedchests.tw_lws2_drytop_buriedlockedchests_buriedlockedchest" GUID="WZuu/z7wMEeasl3Y4auY9w=="/>
		<POI MapID="988" xpos="313.966" ypos="20.0492" zpos="-493.529" type="tw_guides.tw_lws2.tw_lws2_drytop.tw_lws2_drytop_buriedlockedchests.tw_lws2_drytop_buriedlockedchests_buriedlockedchest" GUID="zHHYZJXc5UyfPFvIrr7A0w=="/>
		<POI MapID="988" xpos="282.643" ypos="22.8493" zpos="-458.318" type="tw_guides.tw_lws2.tw_lws2_drytop.tw_lws2_drytop_buriedlockedchests.tw_lws2_drytop_buriedlockedchests_buriedlockedchest" GUID="IIDd7mEKY0eBbZ2StFC/sA=="/>
		<POI MapID="988" xpos="158.174" ypos="12.6163" zpos="-315.087" type="tw_guides.tw_lws2.tw_lws2_drytop.tw_lws2_drytop_buriedlockedchests.tw_lws2_drytop_buriedlockedchests_buriedlockedchest" GUID="n90n7yrDwE21vv+fv9ejjQ=="/>
		<POI MapID="988" xpos="155.034" ypos="52.4814" zpos="-512.324" type="tw_guides.tw_lws2.tw_lws2_drytop.tw_lws2_drytop_buriedlockedchests.tw_lws2_drytop_buriedlockedchests_buriedlockedchest" GUID="iu3y+iDXlkG0ynEnQ6v69w=="/>
		<POI MapID="988" xpos="164.043" ypos="26.317" zpos="-119.689" type="tw_guides.tw_lws2.tw_lws2_drytop.tw_lws2_drytop_buriedlockedchests.tw_lws2_drytop_buriedlockedchests_buriedlockedchest" GUID="gMv/7Uy+R02LclA5fjmc3w=="/>
		<POI MapID="988" xpos="-279.158" ypos="17.1294" zpos="-9.64981" type="tw_guides.tw_lws2.tw_lws2_drytop.tw_lws2_drytop_buriedlockedchests.tw_lws2_drytop_buriedlockedchests_buriedlockedchest" GUID="3QeNeJDzh0SR88YpzOiLpA=="/>
		<POI MapID="988" xpos="-562.186" ypos="3.04569" zpos="-537.87" type="tw_guides.tw_lws2.tw_lws2_drytop.tw_lws2_drytop_buriedlockedchests.tw_lws2_drytop_buriedlockedchests_buriedlockedchest" GUID="9ElRWx5/f0yeILMZhEwyvg=="/>
		<POI MapID="988" xpos="-202.094" ypos="90.9175" zpos="-314.681" type="tw_guides.tw_lws2.tw_lws2_drytop.tw_lws2_drytop_buriedlockedchests.tw_lws2_drytop_buriedlockedchests_buriedlockedchest" GUID="q+nP/ztb00mxXS28W6vyRg=="/>
		<POI MapID="988" xpos="304.721" ypos="57.8357" zpos="-457.494" type="tw_guides.tw_lws2.tw_lws2_drytop.tw_lws2_drytop_buriedlockedchests.tw_lws2_drytop_buriedlockedchests_buriedlockedchest" GUID="j9avZMK3U0mSNGXxQJWK/A=="/>
		<POI MapID="988" xpos="323.284" ypos="46.1099" zpos="-391.026" type="tw_guides.tw_lws2.tw_lws2_drytop.tw_lws2_drytop_buriedlockedchests.tw_lws2_drytop_buriedlockedchests_buriedlockedchest" GUID="jn10Il/IB060tYvYkTA9ww=="/>
		<POI MapID="988" xpos="255.353" ypos="18.8927" zpos="-541.818" type="tw_guides.tw_lws2.tw_lws2_drytop.tw_lws2_drytop_buriedlockedchests.tw_lws2_drytop_buriedlockedchests_buriedlockedchest" GUID="G3kirEIBmkmYV7lFf+eRXg=="/>
		<POI MapID="988" xpos="284.465" ypos="-3.43254" zpos="-420.478" type="tw_guides.tw_lws2.tw_lws2_drytop.tw_lws2_drytop_buriedlockedchests.tw_lws2_drytop_buriedlockedchests_buriedlockedchest" GUID="ur6QDfIN4UeFBVv09AEW7A=="/>
		<POI MapID="988" xpos="7.55197" ypos="61.7532" zpos="-451.445" type="tw_guides.tw_lws2.tw_lws2_drytop.tw_lws2_drytop_buriedlockedchests.tw_lws2_drytop_buriedlockedchests_buriedlockedchest" GUID="mv9ZPqXaHE2CgV0e+nHxyg=="/>
		<POI MapID="988" xpos="30.2265" ypos="73.7428" zpos="-315.637" type="tw_guides.tw_lws2.tw_lws2_drytop.tw_lws2_drytop_buriedlockedchests.tw_lws2_drytop_buriedlockedchests_buriedlockedchest" GUID="Qxmyec42BEy3S1/lBnzjbw=="/>
		<POI MapID="988" xpos="-249.686" ypos="15.8761" zpos="-60.0581" type="tw_guides.tw_lws2.tw_lws2_drytop.tw_lws2_drytop_buriedlockedchests.tw_lws2_drytop_buriedlockedchests_buriedlockedchest" GUID="CzkrdJlGrUOFvfUGZcHCjw=="/>
		<POI MapID="988" xpos="-561.224" ypos="141.851" zpos="-459.784" type="tw_guides.tw_lws2.tw_lws2_drytop.tw_lws2_drytop_buriedlockedchests.tw_lws2_drytop_buriedlockedchests_buriedlockedchest" GUID="ESm9MK2WZE+mTHTh+q82kA=="/>
		<POI MapID="988" xpos="-274.926" ypos="92.2689" zpos="-290.718" type="tw_guides.tw_lws2.tw_lws2_drytop.tw_lws2_drytop_buriedlockedchests.tw_lws2_drytop_buriedlockedchests_buriedlockedchest" GUID="0HEEH4Dmq02oUkVZhhaeFw=="/>
		<POI MapID="988" xpos="-134.056" ypos="83.5267" zpos="-430.062" type="tw_guides.tw_lws2.tw_lws2_drytop.tw_lws2_drytop_buriedlockedchests.tw_lws2_drytop_buriedlockedchests_buriedlockedchest" GUID="4BlQDwRQ4E6jVth7Qmw7Iw=="/>
		<POI MapID="988" xpos="236.121" ypos="45.3512" zpos="-440.581" type="tw_guides.tw_lws2.tw_lws2_drytop.tw_lws2_drytop_buriedlockedchests.tw_lws2_drytop_buriedlockedchests_buriedlockedchest" GUID="ncXGjDYfcEWrHHMoj16gKQ=="/>
		<POI MapID="988" xpos="215.395" ypos="33.37" zpos="-500.839" type="tw_guides.tw_lws2.tw_lws2_drytop.tw_lws2_drytop_buriedlockedchests.tw_lws2_drytop_buriedlockedchests_buriedlockedchest" GUID="4gmDN7P6LkWHksEWg2lGpA=="/>
		<POI MapID="988" xpos="419.249" ypos="89.0014" zpos="-423.035" type="tw_guides.tw_lws2.tw_lws2_drytop.tw_lws2_drytop_buriedlockedchests.tw_lws2_drytop_buriedlockedchests_buriedlockedchest" GUID="e0W/FFD06UGIuzeWUEuotg=="/>
		<POI MapID="988" xpos="404.918" ypos="55.2119" zpos="-438.2" type="tw_guides.tw_lws2.tw_lws2_drytop.tw_lws2_drytop_buriedlockedchests.tw_lws2_drytop_buriedlockedchests_buriedlockedchest" GUID="78RBhOFysUGTVTl+KoA9/A=="/>
		<POI MapID="988" xpos="66.2318" ypos="48.2035" zpos="-471.946" type="tw_guides.tw_lws2.tw_lws2_drytop.tw_lws2_drytop_buriedlockedchests.tw_lws2_drytop_buriedlockedchests_buriedlockedchest" GUID="4CpQiN0ACU6Zg3uF6C1VIA=="/>
		<POI MapID="988" xpos="48.976" ypos="58.9051" zpos="-358.661" type="tw_guides.tw_lws2.tw_lws2_drytop.tw_lws2_drytop_buriedlockedchests.tw_lws2_drytop_buriedlockedchests_buriedlockedchest" GUID="YVtdQJdJmkGyCDrPuKitDw=="/>
		<POI MapID="988" xpos="79.606" ypos="41.6956" zpos="2.8035" type="tw_guides.tw_lws2.tw_lws2_drytop.tw_lws2_drytop_buriedlockedchests.tw_lws2_drytop_buriedlockedchests_buriedlockedchest" GUID="hf3RvDYHkkC7xZMysyHhLQ=="/>
		<POI MapID="988" xpos="-20.1805" ypos="60.7993" zpos="69.1341" type="tw_guides.tw_lws2.tw_lws2_drytop.tw_lws2_drytop_buriedlockedchests.tw_lws2_drytop_buriedlockedchests_buriedlockedchest" GUID="KUh2r/k9f0SOwaEyERIqnA=="/>
		<POI MapID="988" xpos="-189.825" ypos="85.0461" zpos="-281.712" type="tw_guides.tw_lws2.tw_lws2_drytop.tw_lws2_drytop_buriedlockedchests.tw_lws2_drytop_buriedlockedchests_buriedlockedchest" GUID="WIdxeTg0dkSDUgkKuWOMkQ=="/>
		<POI MapID="988" xpos="-182.902" ypos="119.36" zpos="-182.218" type="tw_guides.tw_lws2.tw_lws2_drytop.tw_lws2_drytop_buriedlockedchests.tw_lws2_drytop_buriedlockedchests_buriedlockedchest" GUID="fZmuab24bE+BgX68OoJTbA=="/>
		<POI MapID="988" xpos="258.32" ypos="38.216" zpos="-456.212" type="tw_guides.tw_lws2.tw_lws2_drytop.tw_lws2_drytop_buriedlockedchests.tw_lws2_drytop_buriedlockedchests_buriedlockedchest" GUID="ah8+8ttwbUGpDhWVMPEmfg=="/>
		<POI MapID="988" xpos="239.1" ypos="23.8127" zpos="-400.859" type="tw_guides.tw_lws2.tw_lws2_drytop.tw_lws2_drytop_buriedlockedchests.tw_lws2_drytop_buriedlockedchests_buriedlockedchest" GUID="VayQdYCyc0C2iIDlQfCfEg=="/>
		<POI MapID="988" xpos="399.356" ypos="37.7191" zpos="-350.203" type="tw_guides.tw_lws2.tw_lws2_drytop.tw_lws2_drytop_buriedlockedchests.tw_lws2_drytop_buriedlockedchests_buriedlockedchest" GUID="/8VNye9HtUuhjWZd2SfHNw=="/>
		<POI MapID="988" xpos="430.299" ypos="23.2889" zpos="-152.368" type="tw_guides.tw_lws2.tw_lws2_drytop.tw_lws2_drytop_buriedlockedchests.tw_lws2_drytop_buriedlockedchests_buriedlockedchest" GUID="d7E6T8LmXUSziBu3lytfWg=="/>
		<POI MapID="988" xpos="-402.681" ypos="139.575" zpos="-562.825" type="tw_guides.tw_lws2.tw_lws2_drytop.tw_lws2_drytop_buriedlockedchests.tw_lws2_drytop_buriedlockedchests_buriedlockedchest" GUID="nvYy/5IRO06kAvDdc/vcLw=="/>
		<POI MapID="988" xpos="-204.412" ypos="99.9272" zpos="-532.309" type="tw_guides.tw_lws2.tw_lws2_drytop.tw_lws2_drytop_buriedlockedchests.tw_lws2_drytop_buriedlockedchests_buriedlockedchest" GUID="N/2hfBZbqUSuV/jakVCXgQ=="/>
		<POI MapID="988" xpos="-440.304" ypos="49.6475" zpos="-145.255" type="tw_guides.tw_lws2.tw_lws2_drytop.tw_lws2_drytop_buriedlockedchests.tw_lws2_drytop_buriedlockedchests_buriedlockedchest" GUID="D6pRnGAtr0+6NocX7rmiew=="/>
		<POI MapID="988" xpos="-454.083" ypos="32.281" zpos="-109.149" type="tw_guides.tw_lws2.tw_lws2_drytop.tw_lws2_drytop_buriedlockedchests.tw_lws2_drytop_buriedlockedchests_buriedlockedchest" GUID="1WZKOcwhHUW2dZh+fl9KbA=="/>
		<POI MapID="988" xpos="364.932" ypos="15.8078" zpos="-471.354" type="tw_guides.tw_lws2.tw_lws2_drytop.tw_lws2_drytop_buriedlockedchests.tw_lws2_drytop_buriedlockedchests_buriedlockedchest" GUID="63chut3dl0OfbHKyzYxpqg=="/>
		<POI MapID="988" xpos="399.921" ypos="80.4813" zpos="-399.717" type="tw_guides.tw_lws2.tw_lws2_drytop.tw_lws2_drytop_buriedlockedchests.tw_lws2_drytop_buriedlockedchests_buriedlockedchest" GUID="EfgYvT3euUWIsTL0wjKi9A=="/>
		<POI MapID="988" xpos="127.313" ypos="38.7994" zpos="-270.251" type="tw_guides.tw_lws2.tw_lws2_drytop.tw_lws2_drytop_buriedlockedchests.tw_lws2_drytop_buriedlockedchests_buriedlockedchest" GUID="laZdZfT280+by/kfrU7Vgw=="/>
		<POI MapID="988" xpos="-68.9535" ypos="74.0339" zpos="-297.576" type="tw_guides.tw_lws2.tw_lws2_drytop.tw_lws2_drytop_buriedlockedchests.tw_lws2_drytop_buriedlockedchests_buriedlockedchest" GUID="+rnxqxNPaUaI4qpfqXp6DQ=="/>
		<POI MapID="988" xpos="6.43299" ypos="33.5727" zpos="53.7263" type="tw_guides.tw_lws2.tw_lws2_drytop.tw_lws2_drytop_buriedlockedchests.tw_lws2_drytop_buriedlockedchests_buriedlockedchest" GUID="SdoxCmnonkuewjydnXk8Jg=="/>
		<POI MapID="988" xpos="-115.693" ypos="29.0242" zpos="53.5065" type="tw_guides.tw_lws2.tw_lws2_drytop.tw_lws2_drytop_buriedlockedchests.tw_lws2_drytop_buriedlockedchests_buriedlockedchest" GUID="AN0OEIVpyEiXDBbRWBXLDQ=="/>
		<POI MapID="988" xpos="-205.154" ypos="63.0605" zpos="-54.4557" type="tw_guides.tw_lws2.tw_lws2_drytop.tw_lws2_drytop_buriedlockedchests.tw_lws2_drytop_buriedlockedchests_buriedlockedchest" GUID="jGz6f3OxME+1bC828u86iQ=="/>
		<POI MapID="988" xpos="-559.959" ypos="32.62" zpos="-199.033" type="tw_guides.tw_lws2.tw_lws2_drytop.tw_lws2_drytop_buriedlockedchests.tw_lws2_drytop_buriedlockedchests_buriedlockedchest" GUID="K4F8tM7va0KJO0RQzddrlA=="/>
		<POI MapID="988" xpos="-333.578" ypos="82.0308" zpos="-329.567" type="tw_guides.tw_lws2.tw_lws2_drytop.tw_lws2_drytop_buriedlockedchests.tw_lws2_drytop_buriedlockedchests_buriedlockedchest" GUID="ahHYnj2FaUy2JvU8GkC0kg=="/>
		<POI MapID="988" xpos="266.772" ypos="9.61171" zpos="-468.497" type="tw_guides.tw_lws2.tw_lws2_drytop.tw_lws2_drytop_buriedlockedchests.tw_lws2_drytop_buriedlockedchests_buriedlockedchest" GUID="BCm6K9CJlUOlTath0xgerA=="/>
		<POI MapID="988" xpos="323.461" ypos="30.7629" zpos="-226.779" type="tw_guides.tw_lws2.tw_lws2_drytop.tw_lws2_drytop_buriedlockedchests.tw_lws2_drytop_buriedlockedchests_buriedlockedchest" GUID="8QMIWYA/l0GUXFXALlsooQ=="/>
		<POI MapID="988" xpos="250.481" ypos="29.1092" zpos="-226.847" type="tw_guides.tw_lws2.tw_lws2_drytop.tw_lws2_drytop_buriedlockedchests.tw_lws2_drytop_buriedlockedchests_buriedlockedchest" GUID="SK5/IVPJC02sXhIU/pkuhg=="/>
		<POI MapID="988" xpos="225.822" ypos="29.6062" zpos="-334.705" type="tw_guides.tw_lws2.tw_lws2_drytop.tw_lws2_drytop_buriedlockedchests.tw_lws2_drytop_buriedlockedchests_buriedlockedchest" GUID="j08TRk53dEiG7u8ec6UMoQ=="/>
		<POI MapID="988" xpos="47.8969" ypos="36.7887" zpos="-225.453" type="tw_guides.tw_lws2.tw_lws2_drytop.tw_lws2_drytop_buriedlockedchests.tw_lws2_drytop_buriedlockedchests_buriedlockedchest" GUID="eoL32CrT2kKmZJoA5yz7lw=="/>
		<POI MapID="988" xpos="-45.8715" ypos="40.586" zpos="-27.2659" type="tw_guides.tw_lws2.tw_lws2_drytop.tw_lws2_drytop_buriedlockedchests.tw_lws2_drytop_buriedlockedchests_buriedlockedchest" GUID="t9KY8/qtVE+cLOuCPagirg=="/>
		<POI MapID="988" xpos="-136.608" ypos="49.2279" zpos="65.9384" type="tw_guides.tw_lws2.tw_lws2_drytop.tw_lws2_drytop_buriedlockedchests.tw_lws2_drytop_buriedlockedchests_buriedlockedchest" GUID="dSUyToGjP0CHv6Jpoo44iQ=="/>
		<POI MapID="988" xpos="-392.157" ypos="84.0622" zpos="-184.123" type="tw_guides.tw_lws2.tw_lws2_drytop.tw_lws2_drytop_buriedlockedchests.tw_lws2_drytop_buriedlockedchests_buriedlockedchest" GUID="gTcnrxXTok2rK/l5VaB8Eg=="/>
		<POI MapID="988" xpos="367.524" ypos="19.5832" zpos="-355.081" type="tw_guides.tw_lws2.tw_lws2_drytop.tw_lws2_drytop_buriedlockedchests.tw_lws2_drytop_buriedlockedchests_buriedlockedchest" GUID="NFSPu+/EjUumXRNWH46Tsg=="/>
		<POI MapID="988" xpos="180.976" ypos="15.6339" zpos="-454.94" type="tw_guides.tw_lws2.tw_lws2_drytop.tw_lws2_drytop_buriedlockedchests.tw_lws2_drytop_buriedlockedchests_buriedlockedchest" GUID="DxDtLqfJHEq0g/0+8dYcSw=="/>
		<POI MapID="988" xpos="98.228" ypos="52.0649" zpos="-394.358" type="tw_guides.tw_lws2.tw_lws2_drytop.tw_lws2_drytop_buriedlockedchests.tw_lws2_drytop_buriedlockedchests_buriedlockedchest" GUID="RB9KCHgVL0eCX4tnQlJTdA=="/>
		<POI MapID="988" xpos="161.409" ypos="47.4231" zpos="-232.414" type="tw_guides.tw_lws2.tw_lws2_drytop.tw_lws2_drytop_buriedlockedchests.tw_lws2_drytop_buriedlockedchests_buriedlockedchest" GUID="ZpmM0xSXQ0Ks7lxQ1TlDog=="/>
		<POI MapID="988" xpos="-217.6" ypos="3.84032" zpos="-83.6847" type="tw_guides.tw_lws2.tw_lws2_drytop.tw_lws2_drytop_buriedlockedchests.tw_lws2_drytop_buriedlockedchests_buriedlockedchest" GUID="eip0FTL1YkuCxtA+15vM1A=="/>
		<POI MapID="988" xpos="-267.955" ypos="53.0717" zpos="56.9983" type="tw_guides.tw_lws2.tw_lws2_drytop.tw_lws2_drytop_buriedlockedchests.tw_lws2_drytop_buriedlockedchests_buriedlockedchest" GUID="yM7J4/zcXEecrflZIElklQ=="/>
		<POI MapID="988" xpos="292.227" ypos="46.8212" zpos="-508.243" type="tw_guides.tw_lws2.tw_lws2_drytop.tw_lws2_drytop_buriedlockedchests.tw_lws2_drytop_buriedlockedchests_buriedlockedchest" GUID="1RucXobYgUycvjbLZp94Gw=="/>
		<POI MapID="988" xpos="-277.995" ypos="0.422396" zpos="32.3664" type="tw_guides.tw_lws2.tw_lws2_drytop.tw_lws2_drytop_buriedlockedchests.tw_lws2_drytop_buriedlockedchests_buriedlockedchest" GUID="9s5F298JbkKkmhtD5us2YA=="/>
		<POI MapID="988" xpos="317.686" ypos="15.4615" zpos="-539.078" type="tw_guides.tw_lws2.tw_lws2_drytop.tw_lws2_drytop_buriedlockedchests.tw_lws2_drytop_buriedlockedchests_buriedlockedchest" GUID="zFLBt94pnE+9Se6rRokHqg=="/>
		<POI MapID="988" xpos="162.938" ypos="33.9551" zpos="-420.676" type="tw_guides.tw_lws2.tw_lws2_drytop.tw_lws2_drytop_buriedlockedchests.tw_lws2_drytop_buriedlockedchests_buriedlockedchest" GUID="P6kmYNWhPUmY8NGAa+HWQA=="/>
		<POI MapID="988" xpos="77.0939" ypos="34.205" zpos="-286.118" type="tw_guides.tw_lws2.tw_lws2_drytop.tw_lws2_drytop_buriedlockedchests.tw_lws2_drytop_buriedlockedchests_buriedlockedchest" GUID="WfNL2BaD50SiD7ngcRN6Fw=="/>
		<POI MapID="988" xpos="244.066" ypos="13.1936" zpos="-251.026" type="tw_guides.tw_lws2.tw_lws2_drytop.tw_lws2_drytop_buriedlockedchests.tw_lws2_drytop_buriedlockedchests_buriedlockedchest" GUID="2DPdcrJWpU+u00o0+rWlgg=="/>
		<POI MapID="988" xpos="133.66" ypos="38.9295" zpos="-290.478" type="tw_guides.tw_lws2.tw_lws2_drytop.tw_lws2_drytop_buriedlockedchests.tw_lws2_drytop_buriedlockedchests_buriedlockedchest" GUID="g317i8CK+E64DdmXK6X3sQ=="/>
		<POI MapID="988" xpos="-105.553" ypos="15.1238" zpos="-81.0783" type="tw_guides.tw_lws2.tw_lws2_drytop.tw_lws2_drytop_buriedlockedchests.tw_lws2_drytop_buriedlockedchests_buriedlockedchest" GUID="fq0YhmGbIUmjojE51uJBYA=="/>
		<POI MapID="988" xpos="26.4694" ypos="57.8849" zpos="-91.2249" type="tw_guides.tw_lws2.tw_lws2_drytop.tw_lws2_drytop_buriedlockedchests.tw_lws2_drytop_buriedlockedchests_buriedlockedchest" GUID="ccr05xxQd0yw4dlcL6uJRw=="/>
		<POI MapID="988" xpos="408.948" ypos="51.7152" zpos="-308.906" type="tw_guides.tw_lws2.tw_lws2_drytop.tw_lws2_drytop_buriedlockedchests.tw_lws2_drytop_buriedlockedchests_buriedlockedchest" GUID="izbj3iuON0Ss3HaHRTZETA=="/>
		<POI MapID="988" xpos="41.5959" ypos="25.6107" zpos="-528.401" type="tw_guides.tw_lws2.tw_lws2_drytop.tw_lws2_drytop_buriedlockedchests.tw_lws2_drytop_buriedlockedchests_buriedlockedchest" GUID="eg1ZMea4FESnY3feEIG6Ew=="/>
		<POI MapID="988" xpos="-33.1073" ypos="50.3229" zpos="-160.672" type="tw_guides.tw_lws2.tw_lws2_drytop.tw_lws2_drytop_buriedlockedchests.tw_lws2_drytop_buriedlockedchests_buriedlockedchest" GUID="jN7pwD72G0iXuH+gZyKpcA=="/>
		<POI MapID="988" xpos="160.175" ypos="49.8549" zpos="-8.96455" type="tw_guides.tw_lws2.tw_lws2_drytop.tw_lws2_drytop_buriedlockedchests.tw_lws2_drytop_buriedlockedchests_buriedlockedchest" GUID="FehZ9qlbZkKwPs8GpT0JfA=="/>
		<POI MapID="988" xpos="-165.062" ypos="46.0864" zpos="-101.262" type="tw_guides.tw_lws2.tw_lws2_drytop.tw_lws2_drytop_buriedlockedchests.tw_lws2_drytop_buriedlockedchests_buriedlockedchest" GUID="xW9svsEmf0CSJl1Xxj2QIQ=="/>
		<POI MapID="988" xpos="-282.292" ypos="63.7642" zpos="-144.255" type="tw_guides.tw_lws2.tw_lws2_drytop.tw_lws2_drytop_buriedlockedchests.tw_lws2_drytop_buriedlockedchests_buriedlockedchest" GUID="cmH/ChBdnky/gyvP5r760A=="/>
		<POI MapID="988" xpos="-532.106" ypos="136.776" zpos="-571.71" type="tw_guides.tw_lws2.tw_lws2_drytop.tw_lws2_drytop_buriedlockedchests.tw_lws2_drytop_buriedlockedchests_buriedlockedchest" GUID="iHKu1UmrrUiMJfbbpfdk9w=="/>
		<POI MapID="988" xpos="13.9593" ypos="35.2687" zpos="-404.475" type="tw_guides.tw_lws2.tw_lws2_drytop.tw_lws2_drytop_buriedlockedchests.tw_lws2_drytop_buriedlockedchests_buriedlockedchest" GUID="oe3DW4n1QkmmwTM9PHmzTQ=="/>
		<POI MapID="988" xpos="123.818" ypos="20.042" zpos="-37.8734" type="tw_guides.tw_lws2.tw_lws2_drytop.tw_lws2_drytop_buriedlockedchests.tw_lws2_drytop_buriedlockedchests_buriedlockedchest" GUID="LXOdD4CaaUiG0jhbGNmhKg=="/>
		<POI MapID="988" xpos="-264.419" ypos="82.0937" zpos="-325.985" type="tw_guides.tw_lws2.tw_lws2_drytop.tw_lws2_drytop_buriedlockedchests.tw_lws2_drytop_buriedlockedchests_buriedlockedchest" GUID="8nPEl81Pb0i4Tp0fMI0YeA=="/>
		<POI MapID="988" xpos="208.565" ypos="11.1762" zpos="-279.296" type="tw_guides.tw_lws2.tw_lws2_drytop.tw_lws2_drytop_buriedlockedchests.tw_lws2_drytop_buriedlockedchests_buriedlockedchest" GUID="YxLBeQtjtkGS+8RVIvQsNA=="/>
		<POI MapID="988" xpos="303.723" ypos="38.6689" zpos="-26.6779" type="tw_guides.tw_lws2.tw_lws2_drytop.tw_lws2_drytop_buriedlockedchests.tw_lws2_drytop_buriedlockedchests_buriedlockedchest" GUID="EBH73DL130CeIuv4vuS2gw=="/>
		<POI MapID="988" xpos="-394.252" ypos="21.432" zpos="-82.7315" type="tw_guides.tw_lws2.tw_lws2_drytop.tw_lws2_drytop_buriedlockedchests.tw_lws2_drytop_buriedlockedchests_buriedlockedchest" GUID="ijjQ2o6G0k628Pb5zfQAiw=="/>
		<POI MapID="988" xpos="186.007" ypos="34.1732" zpos="-261.908" type="tw_guides.tw_lws2.tw_lws2_drytop.tw_lws2_drytop_buriedlockedchests.tw_lws2_drytop_buriedlockedchests_buriedlockedchest" GUID="lmnjtFa92U+rj2qGfvwARg==" iconFile="Data/TekkitsWorkshop/LWS2/DryTop/tw_lws2_drytop_buriedlockedchests_buriedlockedchest.png" iconSize="1" heightOffset="0.5" behavior="2" minSize="10"/>
		<POI MapID="988" xpos="402.076" ypos="23.8276" zpos="-503.638" type="tw_guides.tw_lws2.tw_lws2_drytop.tw_lws2_drytop_buriedlockedchests.tw_lws2_drytop_buriedlockedchests_signs.tw_lws2_drytop_buriedlockedchests_startsign1" GUID="0bprPY/ZhkK0y7wSzEQROw==" iconFile="Data/TekkitsWorkshop/LWS2/DryTop/tw_lws2_drytop_buriedlockedchests_startsign1.png" iconSize="2" fadeNear="3500" fadeFar="3600" heightOffset="2.5"/>
		<POI MapID="988" xpos="185.742" ypos="34.185" zpos="-262.189" type="tw_guides.tw_lws2.tw_lws2_drytop.tw_lws2_drytop_buriedlockedchests.tw_lws2_drytop_buriedlockedchests_signs.tw_lws2_drytop_buriedlockedchests_teleport1" GUID="QzyNOsHw0EiKAOVvma3PDg==" iconFile="Data/TekkitsWorkshop/LWS2/DryTop/tw_lws2_drytop_buriedlockedchests_teleport1.png" iconSize="2" fadeNear="3500" fadeFar="3600" heightOffset="2.5"/>
		<POI MapID="988" xpos="66.7739" ypos="33.6351" zpos="-286.943" type="tw_guides.tw_lws2.tw_lws2_drytop.tw_lws2_drytop_buriedlockedchests.tw_lws2_drytop_buriedlockedchests_signs.tw_lws2_drytop_buriedlockedchests_startsign2" GUID="8Pbt2YzWbUyzXAD4BI631A==" iconFile="Data/TekkitsWorkshop/LWS2/DryTop/tw_lws2_drytop_buriedlockedchests_startsign2.png" iconSize="2" fadeNear="3500" fadeFar="3600" heightOffset="2.5"/>
		<POI MapID="988" xpos="-440.491" ypos="49.2528" zpos="-145.281" type="tw_guides.tw_lws2.tw_lws2_drytop.tw_lws2_drytop_buriedlockedchests.tw_lws2_drytop_buriedlockedchests_signs.tw_lws2_drytop_buriedlockedchests_teleport2" GUID="HO/fo39C5k+n/1nI0OGxXA==" iconFile="Data/TekkitsWorkshop/LWS2/DryTop/tw_lws2_drytop_buriedlockedchests_teleport2.png" iconSize="2.5" fadeNear="3500" fadeFar="3600" heightOffset="2.5"/>
		<POI MapID="988" xpos="-555.307" ypos="80.3223" zpos="-311.058" type="tw_guides.tw_lws2.tw_lws2_drytop.tw_lws2_drytop_buriedlockedchests.tw_lws2_drytop_buriedlockedchests_signs.tw_lws2_drytop_buriedlockedchests_startsign3" GUID="gL5Xuy1OzkO5bPq09xrVug==" iconFile="Data/TekkitsWorkshop/LWS2/DryTop/tw_lws2_drytop_buriedlockedchests_startsign3.png" iconSize="2" fadeNear="3500" fadeFar="3600" heightOffset="2.5"/>
		<POI MapID="988" xpos="-425.12" ypos="37.9603" zpos="-463.139" type="tw_guides.tw_lws2.tw_lws2_drytop.tw_lws2_drytop_buriedlockedchests.tw_lws2_drytop_buriedlockedchests_signs.tw_lws2_drytop_buriedlockedchests_teleport3" GUID="eHhmq/+lq0CmqiISSUxiDw==" iconFile="Data/TekkitsWorkshop/LWS2/DryTop/tw_lws2_drytop_buriedlockedchests_teleport3.png" iconSize="2.5" fadeNear="3500" fadeFar="3600" heightOffset="2.5"/>
		<POI MapID="988" xpos="-442.679" ypos="78.7805" zpos="-258.167" type="tw_guides.tw_lws2.tw_lws2_drytop.tw_lws2_drytop_buriedlockedchests.tw_lws2_drytop_buriedlockedchests_signs.tw_lws2_drytop_buriedlockedchests_startsign4" GUID="soRlITX+8k6sCn6sQRj5wg==" iconFile="Data/TekkitsWorkshop/LWS2/DryTop/tw_lws2_drytop_buriedlockedchests_startsign4.png" iconSize="2" fadeNear="3500" fadeFar="3600" heightOffset="2.5"/>
		<POI MapID="988" xpos="-214.768" ypos="76.6171" zpos="-559.951" type="tw_guides.tw_lws2.tw_lws2_drytop.tw_lws2_drytop_buriedlockedchests.tw_lws2_drytop_buriedlockedchests_signs.tw_lws2_drytop_buriedlockedchests_finish" GUID="m8IHhxKuJ0a/vAbUiSHP9Q==" iconFile="Data/TekkitsWorkshop/General/tw_trail_finish_b.png" iconSize="1.2" fadeNear="3500" fadeFar="3600" heightOffset="2.5" minSize="50"/>
		<Trail type="tw_guides.tw_lws2.tw_lws2_drytop.tw_lws2_drytop_buriedlockedchests.tw_lws2_drytop_buriedlockedchests_toggletrails.tw_lws2_drytop_buriedlockedchests_toggletrailp1" GUID="asdfgsfghsfgh" fadeNear="5000" fadeFar="5100" trailData="Data/TekkitsWorkshop/LWS2/DryTop/tw_lws2_drytop_buriedlockedchests_p1.trl" animSpeed="0.0" texture="Data/TekkitsWorkshop/General/tw_trail_b.png"/>
		<Trail type="tw_guides.tw_lws2.tw_lws2_drytop.tw_lws2_drytop_buriedlockedchests.tw_lws2_drytop_buriedlockedchests_toggletrails.tw_lws2_drytop_buriedlockedchests_toggletrailp2" GUID="swrthsfghsrth" fadeNear="5000" fadeFar="5100" trailData="Data/TekkitsWorkshop/LWS2/DryTop/tw_lws2_drytop_buriedlockedchests_p2.trl" animSpeed="0.0" texture="Data/TekkitsWorkshop/General/tw_trail_b.png"/>
		<Trail type="tw_guides.tw_lws2.tw_lws2_drytop.tw_lws2_drytop_buriedlockedchests.tw_lws2_drytop_buriedlockedchests_toggletrails.tw_lws2_drytop_buriedlockedchests_toggletrailp3" GUID="edghwzhsfdghwsrt" fadeNear="5000" fadeFar="5100" trailData="Data/TekkitsWorkshop/LWS2/DryTop/tw_lws2_drytop_buriedlockedchests_p3.trl" animSpeed="0.0" texture="Data/TekkitsWorkshop/General/tw_trail_b.png"/>
		<Trail type="tw_guides.tw_lws2.tw_lws2_drytop.tw_lws2_drytop_buriedlockedchests.tw_lws2_drytop_buriedlockedchests_toggletrails.tw_lws2_drytop_buriedlockedchests_toggletrailp4" GUID="srtjjdfghjdghj" fadeNear="5000" fadeFar="5100" trailData="Data/TekkitsWorkshop/LWS2/DryTop/tw_lws2_drytop_buriedlockedchests_p4.trl" animSpeed="0.0" texture="Data/TekkitsWorkshop/General/tw_trail_b.png"/>
	</POIs>
</OverlayData>
