<OverlayData>
<MarkerCategory name="tw_guides" DisplayName="Tekkit's Guides">
	<MarkerCategory name="tw_lws3" DisplayName="Season 3">
		<MarkerCategory name="tw_lws3_bloodstonefen" DisplayName="Bloodstone Fen">
    	<MarkerCategory name="tw_lws3_bloodstonefen_bloodrubies" DisplayName="Blood Rubies">
				<MarkerCategory name="tw_lws3_bloodstonefen_bloodrubies_toggletrails" DisplayName="Toggle Trails">
          <MarkerCategory name="tw_lws3_bloodstonefen_bloodrubies_toggletrailp1" DisplayName="Toggle Trail Part1"/>
          <MarkerCategory name="tw_lws3_bloodstonefen_bloodrubies_toggletrailp2" DisplayName="Toggle Trail Part2"/>
          <MarkerCategory name="tw_lws3_bloodstonefen_bloodrubies_toggletrailp3" DisplayName="Toggle Trail Part3"/>
        </MarkerCategory>
        <MarkerCategory name="tw_lws3_bloodstonefen_bloodrubies_bloodruby" DisplayName="Toggle Blood Rubies" mapDisplaySize="30"iconFile="Data/TekkitsWorkshop/LWS3/BloodstoneFen/tw_lws3_bloodstonefen_bloodrubies_bloodruby.png" iconSize="0.5" heightOffset="1.5" minSize="10" fadeNear="5000" fadeFar="5100" behavior="2"/>      
        <MarkerCategory name="tw_lws3_bloodstonefen_bloodrubies_signs" DisplayName="Toggle Signs">
          <MarkerCategory name="tw_lws3_bloodstonefen_bloodrubies_startsignp1" DisplayName="Starting Sign Part 1" mapDisplaySize="130"iconFile="Data/TekkitsWorkshop/LWS3/BloodstoneFen/tw_lws3_bloodstonefen_bloodrubies_startsignp1.png" iconSize="1.2" heightOffset="2.5" minSize="50" fadeNear="5000" fadeFar="5100"/>
          <MarkerCategory name="tw_lws3_bloodstonefen_bloodrubies_startsignp2" DisplayName="Starting Sign Part 2" mapDisplaySize="130"iconFile="Data/TekkitsWorkshop/LWS3/BloodstoneFen/tw_lws3_bloodstonefen_bloodrubies_startsignp2.png" iconSize="1.2" heightOffset="2.5" minSize="50" fadeNear="5000" fadeFar="5100"/>
          <MarkerCategory name="tw_lws3_bloodstonefen_bloodrubies_startsignp3" DisplayName="Starting Sign Part 3" mapDisplaySize="130"iconFile="Data/TekkitsWorkshop/LWS3/BloodstoneFen/tw_lws3_bloodstonefen_bloodrubies_startsignp3.png" iconSize="1.2" heightOffset="2.5" minSize="50" fadeNear="5000" fadeFar="5100"/>
          <MarkerCategory name="tw_lws3_bloodstonefen_bloodrubies_teleport1" DisplayName="Teleport Sign 1" miniMapVisibility="0" mapVisibility="0" iconFile="Data/TekkitsWorkshop/LWS3/BloodstoneFen/tw_lws3_bloodstonefen_bloodrubies_teleport1.png" iconSize="1.5" heightOffset="2.5" minSize="50" fadeNear="5000" fadeFar="5100"/>
          <MarkerCategory name="tw_lws3_bloodstonefen_bloodrubies_teleport2" DisplayName="Teleport Sign 2" miniMapVisibility="0" mapVisibility="0" iconFile="Data/TekkitsWorkshop/LWS3/BloodstoneFen/tw_lws3_bloodstonefen_bloodrubies_teleport2.png" iconSize="1.5" heightOffset="2.5" minSize="50" fadeNear="5000" fadeFar="5100"/>
          <MarkerCategory name="tw_lws3_bloodstonefen_bloodrubies_finishsign" DisplayName="Finish Sign" mapDisplaySize="80"iconFile="Data/TekkitsWorkshop/General/tw_trail_finish_b.png" iconSize="1" heightOffset="2.5" minSize="50" fadeNear="5000" fadeFar="5100"/>         
		    </MarkerCategory>
      </MarkerCategory>
    </MarkerCategory>
	</MarkerCategory>
</MarkerCategory>
	<POIs>
		<POI MapID="1165" xpos="-61.268" ypos="669.36" zpos="121.351" type="tw_guides.tw_lws3.tw_lws3_bloodstonefen.tw_lws3_bloodstonefen_bloodrubies.tw_lws3_bloodstonefen_bloodrubies_bloodruby" GUID="s9sF7NgkXEqUKSUKKQV0Mg=="/>
		<POI MapID="1165" xpos="34.1931" ypos="698.022" zpos="1.39908" type="tw_guides.tw_lws3.tw_lws3_bloodstonefen.tw_lws3_bloodstonefen_bloodrubies.tw_lws3_bloodstonefen_bloodrubies_bloodruby" GUID="p8T4tuvaxkyCjDyPxFiM5Q=="/>
		<POI MapID="1165" xpos="-96.413" ypos="533.027" zpos="31.6477" type="tw_guides.tw_lws3.tw_lws3_bloodstonefen.tw_lws3_bloodstonefen_bloodrubies.tw_lws3_bloodstonefen_bloodrubies_bloodruby" GUID="pdbgj5fn9kiRO3DuJ7EXow=="/>
		<POI MapID="1165" xpos="6.27708" ypos="564.172" zpos="63.8582" type="tw_guides.tw_lws3.tw_lws3_bloodstonefen.tw_lws3_bloodstonefen_bloodrubies.tw_lws3_bloodstonefen_bloodrubies_bloodruby" GUID="f6St/5wOiUKg+919HPhwKw=="/>
		<POI MapID="1165" xpos="-60.8884" ypos="528.223" zpos="86.7391" type="tw_guides.tw_lws3.tw_lws3_bloodstonefen.tw_lws3_bloodstonefen_bloodrubies.tw_lws3_bloodstonefen_bloodrubies_bloodruby" GUID="KuzWzHbwxU+O6488BYIjtw=="/>
		<POI MapID="1165" xpos="41.4119" ypos="518.02" zpos="50.1817" type="tw_guides.tw_lws3.tw_lws3_bloodstonefen.tw_lws3_bloodstonefen_bloodrubies.tw_lws3_bloodstonefen_bloodrubies_bloodruby" GUID="FZY6Pecb3Uirzg6JkcpABg=="/>
		<POI MapID="1165" xpos="115.082" ypos="494.14" zpos="19.0657" type="tw_guides.tw_lws3.tw_lws3_bloodstonefen.tw_lws3_bloodstonefen_bloodrubies.tw_lws3_bloodstonefen_bloodrubies_bloodruby" GUID="b1cvqfgvN02nVtmK2pMDEg=="/>
		<POI MapID="1165" xpos="186.796" ypos="490.187" zpos="16.5645" type="tw_guides.tw_lws3.tw_lws3_bloodstonefen.tw_lws3_bloodstonefen_bloodrubies.tw_lws3_bloodstonefen_bloodrubies_bloodruby" GUID="UIja93VjRkSuGhzJ+hOS/w=="/>
		<POI MapID="1165" xpos="196.949" ypos="338.026" zpos="81.3633" type="tw_guides.tw_lws3.tw_lws3_bloodstonefen.tw_lws3_bloodstonefen_bloodrubies.tw_lws3_bloodstonefen_bloodrubies_bloodruby" GUID="t8EMFvD1wk+MlNWyVSz0Ww=="/>
		<POI MapID="1165" xpos="81.862" ypos="326.579" zpos="130.862" type="tw_guides.tw_lws3.tw_lws3_bloodstonefen.tw_lws3_bloodstonefen_bloodrubies.tw_lws3_bloodstonefen_bloodrubies_bloodruby" GUID="hf0iYIyKrk6e1jnjnd7MRQ=="/>
		<POI MapID="1165" xpos="82.5661" ypos="740.153" zpos="-9.16254" type="tw_guides.tw_lws3.tw_lws3_bloodstonefen.tw_lws3_bloodstonefen_bloodrubies.tw_lws3_bloodstonefen_bloodrubies_bloodruby" GUID="hs6vbYteYUGcCfkUYOt1aQ=="/>
		<POI MapID="1165" xpos="226.053" ypos="821.414" zpos="156.318" type="tw_guides.tw_lws3.tw_lws3_bloodstonefen.tw_lws3_bloodstonefen_bloodrubies.tw_lws3_bloodstonefen_bloodrubies_bloodruby" GUID="699d/WMax0qMoULiRwahww=="/>
		<POI MapID="1165" xpos="125.992" ypos="522.5" zpos="160.681" type="tw_guides.tw_lws3.tw_lws3_bloodstonefen.tw_lws3_bloodstonefen_bloodrubies.tw_lws3_bloodstonefen_bloodrubies_bloodruby" GUID="RfenERmOBUaH/+Oun90aTA=="/>
		<POI MapID="1165" xpos="178.387" ypos="518.725" zpos="146.681" type="tw_guides.tw_lws3.tw_lws3_bloodstonefen.tw_lws3_bloodstonefen_bloodrubies.tw_lws3_bloodstonefen_bloodrubies_bloodruby" GUID="Di8Bkew7oEmJwMThGB/VGg=="/>
		<POI MapID="1165" xpos="105.588" ypos="621.544" zpos="21.2536" type="tw_guides.tw_lws3.tw_lws3_bloodstonefen.tw_lws3_bloodstonefen_bloodrubies.tw_lws3_bloodstonefen_bloodrubies_bloodruby" GUID="SkDc0rq3eUSnBs46NhUIJg=="/>
		<POI MapID="1165" xpos="45.1346" ypos="613.302" zpos="53.5127" type="tw_guides.tw_lws3.tw_lws3_bloodstonefen.tw_lws3_bloodstonefen_bloodrubies.tw_lws3_bloodstonefen_bloodrubies_bloodruby" GUID="QxSltEcuEk+4Nj2BoG3z3Q=="/>
		<POI MapID="1165" xpos="-202.948" ypos="697.592" zpos="136.182" type="tw_guides.tw_lws3.tw_lws3_bloodstonefen.tw_lws3_bloodstonefen_bloodrubies.tw_lws3_bloodstonefen_bloodrubies_bloodruby" GUID="SOTP4mGYv0yXi/LLB3vHBg=="/>
		<POI MapID="1165" xpos="200.382" ypos="775.021" zpos="123.849" type="tw_guides.tw_lws3.tw_lws3_bloodstonefen.tw_lws3_bloodstonefen_bloodrubies.tw_lws3_bloodstonefen_bloodrubies_bloodruby" GUID="uGxgdnQJ90GLv2gciCvSfg=="/>
		<POI MapID="1165" xpos="-237.291" ypos="680.759" zpos="75.5501" type="tw_guides.tw_lws3.tw_lws3_bloodstonefen.tw_lws3_bloodstonefen_bloodrubies.tw_lws3_bloodstonefen_bloodrubies_bloodruby" GUID="zO4nWIxY9E2thCilTo7JsQ=="/>
		<POI MapID="1165" xpos="244.772" ypos="535.753" zpos="101.099" type="tw_guides.tw_lws3.tw_lws3_bloodstonefen.tw_lws3_bloodstonefen_bloodrubies.tw_lws3_bloodstonefen_bloodrubies_bloodruby" GUID="AvAe3JajIEKAXA8pbnygAA=="/>
		<POI MapID="1165" xpos="-41.2886" ypos="152.274" zpos="72.5782" type="tw_guides.tw_lws3.tw_lws3_bloodstonefen.tw_lws3_bloodstonefen_bloodrubies.tw_lws3_bloodstonefen_bloodrubies_bloodruby" GUID="wY61AD7IGkiP/HGqmlAxFQ=="/>
		<POI MapID="1165" xpos="-9.0817" ypos="141.869" zpos="46.1632" type="tw_guides.tw_lws3.tw_lws3_bloodstonefen.tw_lws3_bloodstonefen_bloodrubies.tw_lws3_bloodstonefen_bloodrubies_bloodruby" GUID="tC7zgjyKpEypN7Hxm4pR9g=="/>
		<POI MapID="1165" xpos="-230.381" ypos="112.375" zpos="19.1726" type="tw_guides.tw_lws3.tw_lws3_bloodstonefen.tw_lws3_bloodstonefen_bloodrubies.tw_lws3_bloodstonefen_bloodrubies_bloodruby" GUID="923WbFGJvk+JEY8z7B/u5A=="/>
		<POI MapID="1165" xpos="-193.845" ypos="111.445" zpos="-23.8171" type="tw_guides.tw_lws3.tw_lws3_bloodstonefen.tw_lws3_bloodstonefen_bloodrubies.tw_lws3_bloodstonefen_bloodrubies_bloodruby" GUID="Q3lmzHIPNUeo+5uXywsbAw=="/>
		<POI MapID="1165" xpos="-226.63" ypos="95.8082" zpos="-44.6534" type="tw_guides.tw_lws3.tw_lws3_bloodstonefen.tw_lws3_bloodstonefen_bloodrubies.tw_lws3_bloodstonefen_bloodrubies_bloodruby" GUID="c2ksmHXRTUW7EU+AUeIXig=="/>
		<POI MapID="1165" xpos="202.141" ypos="175.792" zpos="142.3" type="tw_guides.tw_lws3.tw_lws3_bloodstonefen.tw_lws3_bloodstonefen_bloodrubies.tw_lws3_bloodstonefen_bloodrubies_bloodruby" GUID="Ma/4E/CHKEuKShgDFeztHg=="/>
		<POI MapID="1165" xpos="139.322" ypos="177.075" zpos="204.472" type="tw_guides.tw_lws3.tw_lws3_bloodstonefen.tw_lws3_bloodstonefen_bloodrubies.tw_lws3_bloodstonefen_bloodrubies_bloodruby" GUID="Vi1NV/+uY0m7PdEYjAjkaA=="/>
		<POI MapID="1165" xpos="-87.5753" ypos="538.248" zpos="74.8081" type="tw_guides.tw_lws3.tw_lws3_bloodstonefen.tw_lws3_bloodstonefen_bloodrubies.tw_lws3_bloodstonefen_bloodrubies_bloodruby" GUID="twn94W5zH0GHZEcSvq6YWw=="/>
		<POI MapID="1165" xpos="-100.911" ypos="522.36" zpos="121.855" type="tw_guides.tw_lws3.tw_lws3_bloodstonefen.tw_lws3_bloodstonefen_bloodrubies.tw_lws3_bloodstonefen_bloodrubies_bloodruby" GUID="HlnH61fqhUSlB2+NBlyssQ=="/>
		<POI MapID="1165" xpos="47.548" ypos="563.817" zpos="136.778" type="tw_guides.tw_lws3.tw_lws3_bloodstonefen.tw_lws3_bloodstonefen_bloodrubies.tw_lws3_bloodstonefen_bloodrubies_bloodruby" GUID="3UYnuY62YkS7BL8Sm2b5cQ=="/>
		<POI MapID="1165" xpos="258.744" ypos="819.511" zpos="99.2138" type="tw_guides.tw_lws3.tw_lws3_bloodstonefen.tw_lws3_bloodstonefen_bloodrubies.tw_lws3_bloodstonefen_bloodrubies_bloodruby" GUID="npZhkMIAzkWMHWJk3EGaAA=="/>
		<POI MapID="1165" xpos="127.517" ypos="690.67" zpos="161.923" type="tw_guides.tw_lws3.tw_lws3_bloodstonefen.tw_lws3_bloodstonefen_bloodrubies.tw_lws3_bloodstonefen_bloodrubies_bloodruby" GUID="3uWALE3R4EOYstd0VNDTag=="/>
		<POI MapID="1165" xpos="85.7898" ypos="690.546" zpos="115.72" type="tw_guides.tw_lws3.tw_lws3_bloodstonefen.tw_lws3_bloodstonefen_bloodrubies.tw_lws3_bloodstonefen_bloodrubies_bloodruby" GUID="A2uR2yDNVE2q/9UYY9b7og=="/>
		<POI MapID="1165" xpos="82.8742" ypos="608.119" zpos="-8.33187" type="tw_guides.tw_lws3.tw_lws3_bloodstonefen.tw_lws3_bloodstonefen_bloodrubies.tw_lws3_bloodstonefen_bloodrubies_bloodruby" GUID="3PPTpeXL/kOsWYf2Ajy8pg=="/>
		<POI MapID="1165" xpos="130.695" ypos="494.991" zpos="114.916" type="tw_guides.tw_lws3.tw_lws3_bloodstonefen.tw_lws3_bloodstonefen_bloodrubies.tw_lws3_bloodstonefen_bloodrubies_bloodruby" GUID="4BqJloU0QkekqJ3CdMubJQ=="/>
		<POI MapID="1165" xpos="18.8342" ypos="552.778" zpos="15.0249" type="tw_guides.tw_lws3.tw_lws3_bloodstonefen.tw_lws3_bloodstonefen_bloodrubies.tw_lws3_bloodstonefen_bloodrubies_bloodruby" GUID="UHsM2gWVR0GdjNgoammkwQ=="/>
		<POI MapID="1165" xpos="52.6012" ypos="612.164" zpos="20.953" type="tw_guides.tw_lws3.tw_lws3_bloodstonefen.tw_lws3_bloodstonefen_bloodrubies.tw_lws3_bloodstonefen_bloodrubies_bloodruby" GUID="MQxnBG/jzEGiM8EtJVWBTg=="/>
		<POI MapID="1165" xpos="-159.53" ypos="513.068" zpos="122.799" type="tw_guides.tw_lws3.tw_lws3_bloodstonefen.tw_lws3_bloodstonefen_bloodrubies.tw_lws3_bloodstonefen_bloodrubies_bloodruby" GUID="Fb6uUhzIykSUUWBwH7NJ3w=="/>
		<POI MapID="1165" xpos="173.702" ypos="177.293" zpos="73.7831" type="tw_guides.tw_lws3.tw_lws3_bloodstonefen.tw_lws3_bloodstonefen_bloodrubies.tw_lws3_bloodstonefen_bloodrubies_bloodruby" GUID="fkW88gWPVkmbsTGokuNMCw=="/>
		<POI MapID="1165" xpos="159.55" ypos="751.151" zpos="2.53175" type="tw_guides.tw_lws3.tw_lws3_bloodstonefen.tw_lws3_bloodstonefen_bloodrubies.tw_lws3_bloodstonefen_bloodrubies_bloodruby" GUID="BzGcpSyng0mNlY5HGHusFQ=="/>
		<POI MapID="1165" xpos="184.797" ypos="783.171" zpos="-27.9287" type="tw_guides.tw_lws3.tw_lws3_bloodstonefen.tw_lws3_bloodstonefen_bloodrubies.tw_lws3_bloodstonefen_bloodrubies_bloodruby" GUID="VLb0GTIfjkq/kd2HHcrtzQ=="/>
		<POI MapID="1165" xpos="-70.2574" ypos="529.447" zpos="43.9201" type="tw_guides.tw_lws3.tw_lws3_bloodstonefen.tw_lws3_bloodstonefen_bloodrubies.tw_lws3_bloodstonefen_bloodrubies_bloodruby" GUID="2SRWgN4RM0aBhuBfZgMa+g=="/>
		<POI MapID="1165" xpos="53.1056" ypos="555.146" zpos="-119.186" type="tw_guides.tw_lws3.tw_lws3_bloodstonefen.tw_lws3_bloodstonefen_bloodrubies.tw_lws3_bloodstonefen_bloodrubies_bloodruby" GUID="g3h58v3RQUejettPqCRhoA=="/>
		<POI MapID="1165" xpos="82.5107" ypos="723.803" zpos="-103.089" type="tw_guides.tw_lws3.tw_lws3_bloodstonefen.tw_lws3_bloodstonefen_bloodrubies.tw_lws3_bloodstonefen_bloodrubies_bloodruby" GUID="N0cz7YOUKUKzncLRrxpwFQ=="/>
		<POI MapID="1165" xpos="50.7381" ypos="780.947" zpos="87.2635" type="tw_guides.tw_lws3.tw_lws3_bloodstonefen.tw_lws3_bloodstonefen_bloodrubies.tw_lws3_bloodstonefen_bloodrubies_bloodruby" GUID="xjd5hOiEOkC9EKa3I9KPRA=="/>
		<POI MapID="1165" xpos="88.639" ypos="369.772" zpos="128.175" type="tw_guides.tw_lws3.tw_lws3_bloodstonefen.tw_lws3_bloodstonefen_bloodrubies.tw_lws3_bloodstonefen_bloodrubies_bloodruby" GUID="2S1Z1LdwzEm2zCNVlX+Tow=="/>
		<POI MapID="1165" xpos="-192.092" ypos="765.07" zpos="118.658" type="tw_guides.tw_lws3.tw_lws3_bloodstonefen.tw_lws3_bloodstonefen_bloodrubies.tw_lws3_bloodstonefen_bloodrubies_signs.tw_lws3_bloodstonefen_bloodrubies_startsignp1" GUID="feVgzYaiXEmtq8CQfd+v8Q=="/>
		<POI MapID="1165" xpos="-159.513" ypos="514.698" zpos="122.782" type="tw_guides.tw_lws3.tw_lws3_bloodstonefen.tw_lws3_bloodstonefen_bloodrubies.tw_lws3_bloodstonefen_bloodrubies_signs.tw_lws3_bloodstonefen_bloodrubies_teleport1" GUID="HZI7gQhV+kG7ecxb0vTwrw=="/>
		<POI MapID="1165" xpos="-56.3475" ypos="652.711" zpos="21.4219" type="tw_guides.tw_lws3.tw_lws3_bloodstonefen.tw_lws3_bloodstonefen_bloodrubies.tw_lws3_bloodstonefen_bloodrubies_signs.tw_lws3_bloodstonefen_bloodrubies_startsignp2" GUID="Q/VB3GHfmU2+59QjOx3aLA=="/>
		<POI MapID="1165" xpos="34.414" ypos="698.129" zpos="1.53284" type="tw_guides.tw_lws3.tw_lws3_bloodstonefen.tw_lws3_bloodstonefen_bloodrubies.tw_lws3_bloodstonefen_bloodrubies_signs.tw_lws3_bloodstonefen_bloodrubies_teleport2" GUID="JtGHJhH6pkSulQcD97V+3g=="/>
		<POI MapID="1165" xpos="143.918" ypos="503.267" zpos="-9.50068" type="tw_guides.tw_lws3.tw_lws3_bloodstonefen.tw_lws3_bloodstonefen_bloodrubies.tw_lws3_bloodstonefen_bloodrubies_signs.tw_lws3_bloodstonefen_bloodrubies_startsignp3" GUID="/vbX/fpbjEiF/YENJRaTLQ=="/>
		<POI MapID="1165" xpos="-230.973" ypos="111.201" zpos="20.219" type="tw_guides.tw_lws3.tw_lws3_bloodstonefen.tw_lws3_bloodstonefen_bloodrubies.tw_lws3_bloodstonefen_bloodrubies_signs.tw_lws3_bloodstonefen_bloodrubies_finishsign" GUID="mrh4mY37jEyoSe3SzSafXQ=="/>
		<Trail type="tw_guides.tw_lws3.tw_lws3_bloodstonefen.tw_lws3_bloodstonefen_bloodrubies.tw_lws3_bloodstonefen_bloodrubies_toggletrails.tw_lws3_bloodstonefen_bloodrubies_toggletrailp1" GUID="fibios20cE2m4C3DEQFZjA==" fadeNear="5000" fadeFar="5100" trailData="Data/TekkitsWorkshop/LWS3/BloodstoneFen/tw_lws3_bloodstonefen_bloodrubiesp1.trl" animSpeed="0.0" texture="Data/TekkitsWorkshop/General/tw_trail_b.png"/>
		<Trail type="tw_guides.tw_lws3.tw_lws3_bloodstonefen.tw_lws3_bloodstonefen_bloodrubies.tw_lws3_bloodstonefen_bloodrubies_toggletrails.tw_lws3_bloodstonefen_bloodrubies_toggletrailp2" GUID="VBEYrUz8PkyTPRPnnM5HcA==" fadeNear="5000" fadeFar="5100" trailData="Data/TekkitsWorkshop/LWS3/BloodstoneFen/tw_lws3_bloodstonefen_bloodrubiesp2.trl" animSpeed="0.0" texture="Data/TekkitsWorkshop/General/tw_trail_b.png"/>
		<Trail type="tw_guides.tw_lws3.tw_lws3_bloodstonefen.tw_lws3_bloodstonefen_bloodrubies.tw_lws3_bloodstonefen_bloodrubies_toggletrails.tw_lws3_bloodstonefen_bloodrubies_toggletrailp3" GUID="adfgsdfghdfghsartdsfgg==" fadeNear="5000" fadeFar="5100" trailData="Data/TekkitsWorkshop/LWS3/BloodstoneFen/tw_lws3_bloodstonefen_bloodrubiesp3.trl" animSpeed="0.0" texture="Data/TekkitsWorkshop/General/tw_trail_b.png"/>
	</POIs>
</OverlayData>
