<OverlayData>
	<MarkerCategory name="tw_guides" DisplayName="Tekkit's Guides">
		<MarkerCategory name="tw_lws3" DisplayName="Season 3">
			<MarkerCategory name="tw_lws3_emberbay" DisplayName="Ember Bay">
				<MarkerCategory name="separatoreb1" IsSeparator="1" DisplayName="&lt;-----[FARMING]-----&gt;"/>
				<MarkerCategory name="tw_lws3_emberbay_petrifiedstumps" DisplayName="Petrified Stumps">
					<MarkerCategory name="tw_lws3_emberbay_petrifiedstumps_toggletrail" DisplayName="Toggle Trail"/>
					<MarkerCategory name="tw_lws3_emberbay_petrifiedstumps_petrifiedstump" DisplayName="Toggle Petrified Stumps" mapDisplaySize="30" iconFile="Data/TekkitsWorkshop/LWS3/EmberBay/tw_lws3_emberbay_petrifiedstumps_petrifiedstump.png" iconSize="0.7" fadeNear="3000" fadeFar="3100" heightOffset="1.5" behavior="2" minSize="10"/>
					<MarkerCategory name="tw_lws3_emberbay_petrifiedstumps_signs" DisplayName="Toggle Signs">
						<MarkerCategory name="tw_lws3_emberbay_petrifiedstumps_startsignp1" DisplayName="Starting Sign Part1" mapDisplaySize="130" iconFile="Data/TekkitsWorkshop/LWS3/EmberBay/tw_lws3_emberbay_petrifiedstumps_startsignp1.png" iconSize="1" fadeNear="5000" fadeFar="5100" heightOffset="2.5" minSize="50"/>
						<MarkerCategory name="tw_lws3_emberbay_petrifiedstumps_startsignp2" DisplayName="Starting Sign Part2" mapDisplaySize="130" iconFile="Data/TekkitsWorkshop/LWS3/EmberBay/tw_lws3_emberbay_petrifiedstumps_startsignp2.png" iconSize="1" fadeNear="5000" fadeFar="5100" heightOffset="2.5" minSize="50"/>
						<MarkerCategory name="tw_lws3_emberbay_petrifiedstumps_startsignp3" DisplayName="Starting Sign Part3" mapDisplaySize="130" iconFile="Data/TekkitsWorkshop/LWS3/EmberBay/tw_lws3_emberbay_petrifiedstumps_startsignp3.png" iconSize="1" fadeNear="5000" fadeFar="5100" heightOffset="2.5" minSize="50"/>
						<MarkerCategory name="tw_lws3_emberbay_petrifiedstumps_startsignp4" DisplayName="Starting Sign Part4" mapDisplaySize="130" iconFile="Data/TekkitsWorkshop/LWS3/EmberBay/tw_lws3_emberbay_petrifiedstumps_startsignp4.png" iconSize="1" fadeNear="5000" fadeFar="5100" heightOffset="2.5" minSize="50"/>
						<MarkerCategory name="tw_lws3_emberbay_petrifiedstumps_teleportsignp1" DisplayName="Teleport Sign Part1" miniMapVisibility="0" mapVisibility="0" iconFile="Data/TekkitsWorkshop/LWS3/EmberBay/tw_lws3_emberbay_teleportsign1.png" iconSize="1.5" fadeNear="5000" fadeFar="5100" heightOffset="2.5" minSize="50"/>
						<MarkerCategory name="tw_lws3_emberbay_petrifiedstumps_teleportsignp2" DisplayName="Teleport Sign Part2" miniMapVisibility="0" mapVisibility="0" iconFile="Data/TekkitsWorkshop/LWS3/EmberBay/tw_lws3_emberbay_teleportsign2.png" iconSize="1.5" fadeNear="5000" fadeFar="5100" heightOffset="2.5" minSize="50"/>
						<MarkerCategory name="tw_lws3_emberbay_petrifiedstumps_teleportsignp3" DisplayName="Teleport Sign Part3" miniMapVisibility="0" mapVisibility="0" iconFile="Data/TekkitsWorkshop/LWS3/EmberBay/tw_lws3_emberbay_teleportsign3.png" iconSize="1.5" fadeNear="5000" fadeFar="5100" heightOffset="2.5" minSize="50"/>
						<MarkerCategory name="tw_lws3_emberbay_petrifiedstumps_teleportsignp4" DisplayName="Teleport Sign Part4" miniMapVisibility="0" mapVisibility="0" iconFile="Data/TekkitsWorkshop/LWS3/EmberBay/tw_lws3_emberbay_teleportsign4.png" iconSize="1.5" fadeNear="5000" fadeFar="5100" heightOffset="2.5" minSize="50"/>
						<MarkerCategory name="tw_lws3_emberbay_petrifiedstumps_finish" DisplayName="Finish Sign" mapDisplaySize="80" iconFile="Data/TekkitsWorkshop/General/tw_trail_finish_r.png" iconSize="1.2" fadeNear="5000" fadeFar="5100" heightOffset="2.5" minSize="50"/>
						<MarkerCategory name="tw_lws3_emberbay_petrifiedstumps_trailpoint_entrance" DisplayName="Trailpoint Tube Entrance" mapDisplaySize="30" iconFile="Data/TekkitsWorkshop/General/tw_trail_entrance.png" iconSize="0.7" fadeNear="5000" fadeFar="5100" heightOffset="0"/>
					</MarkerCategory>
				</MarkerCategory>
				<MarkerCategory name="tw_lws3_emberbay_skrittstashes" DisplayName="Skritt Stashes">
					<MarkerCategory name="tw_lws3_emberbay_skrittstashes_toggletrail" DisplayName="Toggle Trail"/>
					<MarkerCategory name="tw_lws3_emberbay_skrittstashes_skrittstash" DisplayName="Toggle Skritt Stashes" mapDisplaySize="30" iconFile="Data/TekkitsWorkshop/LWS3/EmberBay/tw_lws3_emberbay_skrittstashes_skrittstash.png" iconSize="0.7" fadeNear="5000" fadeFar="5100" heightOffset="1.5" behavior="2" minSize="10"/>
					<MarkerCategory name="tw_lws3_emberbay_skrittstashes_signs" DisplayName="Toggle Signs">
						<MarkerCategory name="tw_lws3_emberbay_skrittstashes_startsignp1" DisplayName="Starting Sign Part1" mapDisplaySize="130" iconFile="Data/TekkitsWorkshop/LWS3/EmberBay/tw_lws3_emberbay_skrittstashes_startsignp1.png" iconSize="1" fadeNear="5000" fadeFar="5100" heightOffset="2.5" minSize="50"/>
						<MarkerCategory name="tw_lws3_emberbay_skrittstashes_startsignp2" DisplayName="Starting Sign Part2" mapDisplaySize="130" iconFile="Data/TekkitsWorkshop/LWS3/EmberBay/tw_lws3_emberbay_skrittstashes_startsignp2.png" iconSize="1" fadeNear="5000" fadeFar="5100" heightOffset="2.5" minSize="50"/>
						<MarkerCategory name="tw_lws3_emberbay_skrittstashes_startsignp3" DisplayName="Starting Sign Part3" mapDisplaySize="130" iconFile="Data/TekkitsWorkshop/LWS3/EmberBay/tw_lws3_emberbay_skrittstashes_startsignp3.png" iconSize="1" fadeNear="5000" fadeFar="5100" heightOffset="2.5" minSize="50"/>
						<MarkerCategory name="tw_lws3_emberbay_skrittstashes_teleportsignp1" DisplayName="Teleport Sign Part1" miniMapVisibility="0" mapVisibility="0" iconFile="Data/TekkitsWorkshop/LWS3/EmberBay/tw_lws3_emberbay_teleportsign1.png" iconSize="1.5" fadeNear="5000" fadeFar="5100" heightOffset="2.5" minSize="50"/>
						<MarkerCategory name="tw_lws3_emberbay_skrittstashes_teleportsignp2" DisplayName="Teleport Sign Part2" miniMapVisibility="0" mapVisibility="0" iconFile="Data/TekkitsWorkshop/LWS3/EmberBay/tw_lws3_emberbay_teleportsign2.png" iconSize="1.5" fadeNear="5000" fadeFar="5100" heightOffset="2.5" minSize="50"/>
						<MarkerCategory name="tw_lws3_emberbay_skrittstashes_teleportsignp3" DisplayName="Teleport Sign Part3" miniMapVisibility="0" mapVisibility="0" iconFile="Data/TekkitsWorkshop/LWS3/EmberBay/tw_lws3_emberbay_teleportsign3.png" iconSize="1.5" fadeNear="5000" fadeFar="5100" heightOffset="2.5" minSize="50"/>
						<MarkerCategory name="tw_lws3_emberbay_skrittstashes_teleportsignp4" DisplayName="Teleport Sign Part4" miniMapVisibility="0" mapVisibility="0" iconFile="Data/TekkitsWorkshop/LWS3/EmberBay/tw_lws3_emberbay_teleportsign4.png" iconSize="1.5" fadeNear="5000" fadeFar="5100" heightOffset="2.5" minSize="50"/>
						<MarkerCategory name="tw_lws3_emberbay_skrittstashes_finish" DisplayName="Finish Sign" mapDisplaySize="80" iconFile="Data/TekkitsWorkshop/General/tw_trail_finish_b.png" iconSize="1.2" fadeNear="5000" fadeFar="5100" heightOffset="2.5" minSize="50"/>
						<MarkerCategory name="tw_lws3_emberbay_skrittstashes_trail_entrance" DisplayName="Trailpoint Tube Entrance" mapDisplaySize="30" iconFile="Data/TekkitsWorkshop/General/tw_trail_entrance.png" iconSize="0.7" fadeNear="5000" fadeFar="5100" heightOffset="0"/>
					</MarkerCategory>
				</MarkerCategory>
				<MarkerCategory name="separatoreb2" IsSeparator="1" DisplayName="&lt;-----[JUMPING PUZZLE]-----&gt;"/>
				<MarkerCategory name="tw_lws3_emberbay_chaliceoftears" DisplayName="Searing Ascent">
					<MarkerCategory name="tw_lws3_emberbay_chaliceoftears_toggletrail" DisplayName="Toggle Trail"/>
					<MarkerCategory name="tw_lws3_emberbay_chaliceoftears_signs" DisplayName="Toggle Signs">
						<MarkerCategory name="tw_lws3_emberbay_chaliceoftears_startsign" DisplayName="Starting Sign" mapDisplaySize="130" iconFile="Data/TekkitsWorkshop/LWS3/EmberBay/tw_lws3_emberbay_chaliceoftears_startsign.png" iconSize="2" fadeNear="5000" fadeFar="5100" heightOffset="2.5"/>
						<MarkerCategory name="tw_lws3_emberbay_chaliceoftears_finish" DisplayName="Finish Sign" mapDisplaySize="80" iconFile="Data/TekkitsWorkshop/General/tw_trail_finish_w.png" iconSize="1.2" fadeNear="5000" fadeFar="5100" heightOffset="2.5" minSize="50"/>
						<MarkerCategory name="tw_lws3_emberbay_chaliceoftears_trail_jump" DisplayName="Trail - Jump" miniMapVisibility="0" mapVisibility="0" iconFile="Data/TekkitsWorkshop/General/tw_trail_jump.png" iconSize="0.5" fadeNear="5000" fadeFar="5100" heightOffset="0" minSize="10"/>
						<MarkerCategory name="tw_lws3_emberbay_chaliceoftears_trail_glide" DisplayName="Trail - Glide" miniMapVisibility="0" mapVisibility="0" iconFile="Data/TekkitsWorkshop/General/tw_trail_glide.png" iconSize="0.7" fadeNear="5000" fadeFar="5100" heightOffset="0" minSize="10"/>
					</MarkerCategory>
				</MarkerCategory>
			</MarkerCategory>
		</MarkerCategory>
	</MarkerCategory>
	<POIs>
		<POI MapID="1175" xpos="-746.153" ypos="24.0357" zpos="-343.679" type="tw_guides.tw_lws3.tw_lws3_emberbay.tw_lws3_emberbay_petrifiedstumps.tw_lws3_emberbay_petrifiedstumps_petrifiedstump" GUID="KIt/iA3DjUyAVQup5/qYNg=="/>
		<POI MapID="1175" xpos="-913.169" ypos="2.99932" zpos="-34.9673" type="tw_guides.tw_lws3.tw_lws3_emberbay.tw_lws3_emberbay_petrifiedstumps.tw_lws3_emberbay_petrifiedstumps_petrifiedstump" GUID="5ZFHrWN1CEuPO2/A2b8vlw=="/>
		<POI MapID="1175" xpos="-787.456" ypos="4.5528" zpos="-886.941" type="tw_guides.tw_lws3.tw_lws3_emberbay.tw_lws3_emberbay_skrittstashes.tw_lws3_emberbay_skrittstashes_skrittstash" GUID="DY4Om1fjJk67VHMjiljpmg=="/>
		<POI MapID="1175" xpos="-660.814" ypos="23.5312" zpos="-310.935" type="tw_guides.tw_lws3.tw_lws3_emberbay.tw_lws3_emberbay_skrittstashes.tw_lws3_emberbay_skrittstashes_skrittstash" GUID="i0aUbQXtIkCmhwyJNXcz4w=="/>
		<POI MapID="1175" xpos="-237.687" ypos="12.8765" zpos="-314.159" type="tw_guides.tw_lws3.tw_lws3_emberbay.tw_lws3_emberbay_skrittstashes.tw_lws3_emberbay_skrittstashes_skrittstash" GUID="qmoMegDPUkeKo0uDbArL+w=="/>
		<POI MapID="1175" xpos="-175.062" ypos="36.7081" zpos="-300.441" type="tw_guides.tw_lws3.tw_lws3_emberbay.tw_lws3_emberbay_skrittstashes.tw_lws3_emberbay_skrittstashes_skrittstash" GUID="2mY9HvQcB0yr4YFptONYXA=="/>
		<POI MapID="1175" xpos="-7.42221" ypos="3.40155" zpos="-321.517" type="tw_guides.tw_lws3.tw_lws3_emberbay.tw_lws3_emberbay_petrifiedstumps.tw_lws3_emberbay_petrifiedstumps_petrifiedstump" GUID="ZC93T1Oolkai0a/i83Dclw=="/>
		<POI MapID="1175" xpos="107.986" ypos="48.9125" zpos="-238.823" type="tw_guides.tw_lws3.tw_lws3_emberbay.tw_lws3_emberbay_skrittstashes.tw_lws3_emberbay_skrittstashes_skrittstash" GUID="OMj2ZwaofkasgXS9nUVsqg=="/>
		<POI MapID="1175" xpos="47.2456" ypos="45.0013" zpos="-196.62" type="tw_guides.tw_lws3.tw_lws3_emberbay.tw_lws3_emberbay_skrittstashes.tw_lws3_emberbay_skrittstashes_skrittstash" GUID="Ozyz9MnF5E6hBMoc3Dznmw=="/>
		<POI MapID="1175" xpos="142.151" ypos="46.7876" zpos="-239.11" type="tw_guides.tw_lws3.tw_lws3_emberbay.tw_lws3_emberbay_petrifiedstumps.tw_lws3_emberbay_petrifiedstumps_petrifiedstump" GUID="5ei5tSjIiEyJXmeUXdiq0g=="/>
		<POI MapID="1175" xpos="169.74" ypos="17.2609" zpos="-475.072" type="tw_guides.tw_lws3.tw_lws3_emberbay.tw_lws3_emberbay_petrifiedstumps.tw_lws3_emberbay_petrifiedstumps_petrifiedstump" GUID="tEOBlV+vAUuooE7Efor9XA=="/>
		<POI MapID="1175" xpos="451.318" ypos="1.87639" zpos="-638.825" type="tw_guides.tw_lws3.tw_lws3_emberbay.tw_lws3_emberbay_skrittstashes.tw_lws3_emberbay_skrittstashes_skrittstash" GUID="C18lpH//AE29i+fj57vSQw=="/>
		<POI MapID="1175" xpos="416.696" ypos="2.4948" zpos="-490.003" type="tw_guides.tw_lws3.tw_lws3_emberbay.tw_lws3_emberbay_skrittstashes.tw_lws3_emberbay_skrittstashes_skrittstash" GUID="Z/Dx9Hodgk+5wzhQRVUUfg=="/>
		<POI MapID="1175" xpos="375.741" ypos="24.2955" zpos="-221.752" type="tw_guides.tw_lws3.tw_lws3_emberbay.tw_lws3_emberbay_petrifiedstumps.tw_lws3_emberbay_petrifiedstumps_petrifiedstump" GUID="50OYJYCM6UGSeGm5osyiGg=="/>
		<POI MapID="1175" xpos="518.527" ypos="8.12904" zpos="-371.683" type="tw_guides.tw_lws3.tw_lws3_emberbay.tw_lws3_emberbay_petrifiedstumps.tw_lws3_emberbay_petrifiedstumps_petrifiedstump" GUID="yd8m+8YrhE27W1ROrRnJLQ=="/>
		<POI MapID="1175" xpos="693.424" ypos="1.86692" zpos="-369.025" type="tw_guides.tw_lws3.tw_lws3_emberbay.tw_lws3_emberbay_petrifiedstumps.tw_lws3_emberbay_petrifiedstumps_petrifiedstump" GUID="aFNy9dzpIkWYg0a+vLk7TQ=="/>
		<POI MapID="1175" xpos="630.608" ypos="6.89049" zpos="-239.948" type="tw_guides.tw_lws3.tw_lws3_emberbay.tw_lws3_emberbay_petrifiedstumps.tw_lws3_emberbay_petrifiedstumps_petrifiedstump" GUID="TEzFOAlPf02bSjcOByzkIw=="/>
		<POI MapID="1175" xpos="683.899" ypos="3.52287" zpos="-150.818" type="tw_guides.tw_lws3.tw_lws3_emberbay.tw_lws3_emberbay_petrifiedstumps.tw_lws3_emberbay_petrifiedstumps_petrifiedstump" GUID="JY/nLQUgCkGJg+9sGCPziA=="/>
		<POI MapID="1175" xpos="698.233" ypos="8.88381" zpos="-94.9329" type="tw_guides.tw_lws3.tw_lws3_emberbay.tw_lws3_emberbay_skrittstashes.tw_lws3_emberbay_skrittstashes_skrittstash" GUID="6f6fqxl8x0WjGdYog5f8yA=="/>
		<POI MapID="1175" xpos="843.043" ypos="2.68169" zpos="-215.303" type="tw_guides.tw_lws3.tw_lws3_emberbay.tw_lws3_emberbay_skrittstashes.tw_lws3_emberbay_skrittstashes_skrittstash" GUID="GZY7IZycpUS/miJ+FKYfuw=="/>
		<POI MapID="1175" xpos="749.854" ypos="1.69273" zpos="156.966" type="tw_guides.tw_lws3.tw_lws3_emberbay.tw_lws3_emberbay_skrittstashes.tw_lws3_emberbay_skrittstashes_skrittstash" GUID="Ho8adSLs/UuvGkq7SxFPRg=="/>
		<POI MapID="1175" xpos="570.288" ypos="39.5228" zpos="-142.765" type="tw_guides.tw_lws3.tw_lws3_emberbay.tw_lws3_emberbay_petrifiedstumps.tw_lws3_emberbay_petrifiedstumps_petrifiedstump" GUID="ntZG+qQCQUaQQWrZSadfLg=="/>
		<POI MapID="1175" xpos="546.399" ypos="78.5884" zpos="-77.2725" type="tw_guides.tw_lws3.tw_lws3_emberbay.tw_lws3_emberbay_skrittstashes.tw_lws3_emberbay_skrittstashes_skrittstash" GUID="QOj9zMPayUSBhTBvU3/Dlg=="/>
		<POI MapID="1175" xpos="284.398" ypos="62.5847" zpos="278.071" type="tw_guides.tw_lws3.tw_lws3_emberbay.tw_lws3_emberbay_skrittstashes.tw_lws3_emberbay_skrittstashes_skrittstash" GUID="q2uT123EpkSsO3vBkAR7KQ=="/>
		<POI MapID="1175" xpos="187.943" ypos="78.4925" zpos="171.769" type="tw_guides.tw_lws3.tw_lws3_emberbay.tw_lws3_emberbay_petrifiedstumps.tw_lws3_emberbay_petrifiedstumps_petrifiedstump" GUID="5QsHvbwYO0iUBQ1LIAFk5g=="/>
		<POI MapID="1175" xpos="108.463" ypos="85.0242" zpos="163.533" type="tw_guides.tw_lws3.tw_lws3_emberbay.tw_lws3_emberbay_petrifiedstumps.tw_lws3_emberbay_petrifiedstumps_petrifiedstump" GUID="j+PsFbXiIUKiIL7ZE06Jng=="/>
		<POI MapID="1175" xpos="-205.772" ypos="21.3655" zpos="-573.001" type="tw_guides.tw_lws3.tw_lws3_emberbay.tw_lws3_emberbay_petrifiedstumps.tw_lws3_emberbay_petrifiedstumps_petrifiedstump" GUID="iAqLr8NS50+PMaPExEG2hQ=="/>
		<POI MapID="1175" xpos="-647.085" ypos="138.281" zpos="-165.953" type="tw_guides.tw_lws3.tw_lws3_emberbay.tw_lws3_emberbay_skrittstashes.tw_lws3_emberbay_skrittstashes_skrittstash" GUID="1fLyFPJk3kqmunbKjU5RYA=="/>
		<POI MapID="1175" xpos="-865.556" ypos="48.2062" zpos="-438.593" type="tw_guides.tw_lws3.tw_lws3_emberbay.tw_lws3_emberbay_skrittstashes.tw_lws3_emberbay_skrittstashes_skrittstash" GUID="cH2uWl0e1kq703ZMO7riYw=="/>
		<POI MapID="1175" xpos="337.498" ypos="103.052" zpos="125.438" type="tw_guides.tw_lws3.tw_lws3_emberbay.tw_lws3_emberbay_skrittstashes.tw_lws3_emberbay_skrittstashes_skrittstash" GUID="DBgbbqClT02LSU/EUa1vEg=="/>
		<POI MapID="1175" xpos="332.188" ypos="103.284" zpos="-7.00468" type="tw_guides.tw_lws3.tw_lws3_emberbay.tw_lws3_emberbay_skrittstashes.tw_lws3_emberbay_skrittstashes_skrittstash" GUID="uAhIBhjgokSwYQ3N4FNpHQ=="/>
		<POI MapID="1175" xpos="251.771" ypos="79.6335" zpos="-33.0445" type="tw_guides.tw_lws3.tw_lws3_emberbay.tw_lws3_emberbay_petrifiedstumps.tw_lws3_emberbay_petrifiedstumps_petrifiedstump" GUID="X1BFpV3TTkuHphdyf892Gw=="/>
		<POI MapID="1175" xpos="588.199" ypos="1.33765" zpos="-413.194" type="tw_guides.tw_lws3.tw_lws3_emberbay.tw_lws3_emberbay_skrittstashes.tw_lws3_emberbay_skrittstashes_skrittstash" GUID="uNtN1Gq1E0iFP91BxiWMQA=="/>
		<POI MapID="1175" xpos="886.137" ypos="0.792672" zpos="42.8005" type="tw_guides.tw_lws3.tw_lws3_emberbay.tw_lws3_emberbay_skrittstashes.tw_lws3_emberbay_skrittstashes_skrittstash" GUID="ehNYcSWS0E+dWOXhGvp/TQ=="/>
		<POI MapID="1175" xpos="389.03" ypos="99.4383" zpos="1.45968" type="tw_guides.tw_lws3.tw_lws3_emberbay.tw_lws3_emberbay_skrittstashes.tw_lws3_emberbay_skrittstashes_skrittstash" GUID="tCkWumxBb0WErs6HpQWhzg=="/>
		<POI MapID="1175" xpos="123.15" ypos="127.878" zpos="-99.7906" type="tw_guides.tw_lws3.tw_lws3_emberbay.tw_lws3_emberbay_skrittstashes.tw_lws3_emberbay_skrittstashes_skrittstash" GUID="Nul/0fxrpkmNJq6ZSNpVVg=="/>
		<POI MapID="1175" xpos="-318.46" ypos="172.33" zpos="-181.152" type="tw_guides.tw_lws3.tw_lws3_emberbay.tw_lws3_emberbay_skrittstashes.tw_lws3_emberbay_skrittstashes_skrittstash" GUID="wYUfJIjeX0O3B+m5zaHDtw=="/>
		<POI MapID="1175" xpos="-453.631" ypos="143.478" zpos="-255.575" type="tw_guides.tw_lws3.tw_lws3_emberbay.tw_lws3_emberbay_skrittstashes.tw_lws3_emberbay_skrittstashes_skrittstash" GUID="wJ2vXQ12fEucG04/rk5pXQ=="/>
		<POI MapID="1175" xpos="-778.723" ypos="134.948" zpos="124.663" type="tw_guides.tw_lws3.tw_lws3_emberbay.tw_lws3_emberbay_skrittstashes.tw_lws3_emberbay_skrittstashes_skrittstash" GUID="p3AvaaGJCEq7mGgA/J/JwA=="/>
		<POI MapID="1175" xpos="-567.875" ypos="70.1238" zpos="-799.903" type="tw_guides.tw_lws3.tw_lws3_emberbay.tw_lws3_emberbay_skrittstashes.tw_lws3_emberbay_skrittstashes_skrittstash" GUID="+9rFDeLD30GXbZlemG6mQA=="/>
		<POI MapID="1175" xpos="-211.518" ypos="11.6519" zpos="-363.86" type="tw_guides.tw_lws3.tw_lws3_emberbay.tw_lws3_emberbay_skrittstashes.tw_lws3_emberbay_skrittstashes_skrittstash" GUID="HmZuXhumYEWzSq61IDhBAw=="/>
		<POI MapID="1175" xpos="315.327" ypos="16.1419" zpos="-297.641" type="tw_guides.tw_lws3.tw_lws3_emberbay.tw_lws3_emberbay_skrittstashes.tw_lws3_emberbay_skrittstashes_skrittstash" GUID="NA63rODP8E+jgu2JLppVPg=="/>
		<POI MapID="1175" xpos="-199.06" ypos="64.7065" zpos="-489.459" type="tw_guides.tw_lws3.tw_lws3_emberbay.tw_lws3_emberbay_skrittstashes.tw_lws3_emberbay_skrittstashes_skrittstash" GUID="0uUe2RcswUegy44mAD3IrA=="/>
		<POI MapID="1175" xpos="-191.045" ypos="81.8175" zpos="-366.463" type="tw_guides.tw_lws3.tw_lws3_emberbay.tw_lws3_emberbay_skrittstashes.tw_lws3_emberbay_skrittstashes_skrittstash" GUID="bYoY4w1l4kaDXauR9miCOQ=="/>
		<POI MapID="1175" xpos="209.195" ypos="61.868" zpos="88.5554" type="tw_guides.tw_lws3.tw_lws3_emberbay.tw_lws3_emberbay_petrifiedstumps.tw_lws3_emberbay_petrifiedstumps_petrifiedstump" GUID="1yF4EsiZUkuJXo/DIsSSfg=="/>
		<POI MapID="1175" xpos="-62.1013" ypos="68.2041" zpos="-8.19052" type="tw_guides.tw_lws3.tw_lws3_emberbay.tw_lws3_emberbay_petrifiedstumps.tw_lws3_emberbay_petrifiedstumps_petrifiedstump" GUID="dXyU9HZtRk2kg2wzFKSnFQ=="/>
		<POI MapID="1175" xpos="564.905" ypos="2.53862" zpos="-654.006" type="tw_guides.tw_lws3.tw_lws3_emberbay.tw_lws3_emberbay_petrifiedstumps.tw_lws3_emberbay_petrifiedstumps_petrifiedstump" GUID="hsnDnJLk4U6rji7Cv6tCwg=="/>
		<POI MapID="1175" xpos="332.119" ypos="1.91157" zpos="-1050.75" type="tw_guides.tw_lws3.tw_lws3_emberbay.tw_lws3_emberbay_petrifiedstumps.tw_lws3_emberbay_petrifiedstumps_petrifiedstump" GUID="baQY7KIN0UGprV7JrK3QEA=="/>
		<POI MapID="1175" xpos="20.6912" ypos="59.8697" zpos="-85.9068" type="tw_guides.tw_lws3.tw_lws3_emberbay.tw_lws3_emberbay_petrifiedstumps.tw_lws3_emberbay_petrifiedstumps_petrifiedstump" GUID="HJx0+8//ykCdJlzJcbQX5g=="/>
		<POI MapID="1175" xpos="-514.408" ypos="47.8527" zpos="-322.925" type="tw_guides.tw_lws3.tw_lws3_emberbay.tw_lws3_emberbay_petrifiedstumps.tw_lws3_emberbay_petrifiedstumps_petrifiedstump" GUID="leGX8T2IcUKmD+Xa+dR2tQ=="/>
		<POI MapID="1175" xpos="521.878" ypos="44.2414" zpos="-4.10197" type="tw_guides.tw_lws3.tw_lws3_emberbay.tw_lws3_emberbay_petrifiedstumps.tw_lws3_emberbay_petrifiedstumps_petrifiedstump" GUID="tDV82GwVJ0u6/TKcP5QyFw=="/>
		<POI MapID="1175" xpos="-846.825" ypos="21.738" zpos="-127.28" type="tw_guides.tw_lws3.tw_lws3_emberbay.tw_lws3_emberbay_petrifiedstumps.tw_lws3_emberbay_petrifiedstumps_petrifiedstump" GUID="PUy0j+ovxUqUvdNfEdcmLw=="/>
		<POI MapID="1175" xpos="369.549" ypos="8.11022" zpos="-514.31" type="tw_guides.tw_lws3.tw_lws3_emberbay.tw_lws3_emberbay_petrifiedstumps.tw_lws3_emberbay_petrifiedstumps_petrifiedstump" GUID="+vSibl/EjECQH0d1AbZmYw=="/>
		<POI MapID="1175" xpos="418.171" ypos="12.5394" zpos="-460.908" type="tw_guides.tw_lws3.tw_lws3_emberbay.tw_lws3_emberbay_petrifiedstumps.tw_lws3_emberbay_petrifiedstumps_petrifiedstump" GUID="9UHb4RRasU6WI+vjEZ1kYw=="/>
		<POI MapID="1175" xpos="846.891" ypos="1.59167" zpos="-121.645" type="tw_guides.tw_lws3.tw_lws3_emberbay.tw_lws3_emberbay_petrifiedstumps.tw_lws3_emberbay_petrifiedstumps_petrifiedstump" GUID="kvHqG7a9JU+1Dv7IzeL3QA=="/>
		<POI MapID="1175" xpos="257.552" ypos="20.0001" zpos="-319.706" type="tw_guides.tw_lws3.tw_lws3_emberbay.tw_lws3_emberbay_petrifiedstumps.tw_lws3_emberbay_petrifiedstumps_petrifiedstump" GUID="/2yA0jQjdku33o/kNVdGpg=="/>
		<POI MapID="1175" xpos="-74.9105" ypos="28.5644" zpos="-248.324" type="tw_guides.tw_lws3.tw_lws3_emberbay.tw_lws3_emberbay_petrifiedstumps.tw_lws3_emberbay_petrifiedstumps_petrifiedstump" GUID="I+zsGwmbVkmHRrYRf0jxUg=="/>
		<POI MapID="1175" xpos="-231.35" ypos="14.1663" zpos="-610.693" type="tw_guides.tw_lws3.tw_lws3_emberbay.tw_lws3_emberbay_petrifiedstumps.tw_lws3_emberbay_petrifiedstumps_petrifiedstump" GUID="mPgG8SIcEEOdMUTkexgiAw=="/>
		<POI MapID="1175" xpos="346.407" ypos="8.29646" zpos="-615.947" type="tw_guides.tw_lws3.tw_lws3_emberbay.tw_lws3_emberbay_petrifiedstumps.tw_lws3_emberbay_petrifiedstumps_petrifiedstump" GUID="JwYLt7NBqEud+EVC4oq4PQ=="/>
		<POI MapID="1175" xpos="622.993" ypos="13.3243" zpos="-30.1551" type="tw_guides.tw_lws3.tw_lws3_emberbay.tw_lws3_emberbay_petrifiedstumps.tw_lws3_emberbay_petrifiedstumps_petrifiedstump" GUID="lrfeBi0ZXEyoQ83tDuRlrA=="/>
		<POI MapID="1175" xpos="46.9541" ypos="74.8929" zpos="114.802" type="tw_guides.tw_lws3.tw_lws3_emberbay.tw_lws3_emberbay_petrifiedstumps.tw_lws3_emberbay_petrifiedstumps_petrifiedstump" GUID="ICmuSNdJU0GhcTkTwSNrdg=="/>
		<POI MapID="1175" xpos="-809.601" ypos="33.0458" zpos="107.822" type="tw_guides.tw_lws3.tw_lws3_emberbay.tw_lws3_emberbay_petrifiedstumps.tw_lws3_emberbay_petrifiedstumps_petrifiedstump" GUID="9abAkhERAUqGLqOD3i2f6w=="/>
		<POI MapID="1175" xpos="-717.478" ypos="13.4616" zpos="-377.423" type="tw_guides.tw_lws3.tw_lws3_emberbay.tw_lws3_emberbay_petrifiedstumps.tw_lws3_emberbay_petrifiedstumps_petrifiedstump" GUID="tCvkXn7jh02kss8ONGiaCg=="/>
		<POI MapID="1175" xpos="238.667" ypos="13.0308" zpos="-496.711" type="tw_guides.tw_lws3.tw_lws3_emberbay.tw_lws3_emberbay_petrifiedstumps.tw_lws3_emberbay_petrifiedstumps_petrifiedstump" GUID="ntLMkwK0GUSSbequsKkYtg=="/>
		<POI MapID="1175" xpos="479.567" ypos="11.4536" zpos="-783.607" type="tw_guides.tw_lws3.tw_lws3_emberbay.tw_lws3_emberbay_petrifiedstumps.tw_lws3_emberbay_petrifiedstumps_petrifiedstump" GUID="7qp10xEDBkSTziKEL83rDQ=="/>
		<POI MapID="1175" xpos="403.92" ypos="18.3953" zpos="-351.405" type="tw_guides.tw_lws3.tw_lws3_emberbay.tw_lws3_emberbay_petrifiedstumps.tw_lws3_emberbay_petrifiedstumps_petrifiedstump" GUID="LoK3CR2QW06OMIBfrQcpqQ=="/>
		<POI MapID="1175" xpos="496.592" ypos="15.703" zpos="-224.388" type="tw_guides.tw_lws3.tw_lws3_emberbay.tw_lws3_emberbay_petrifiedstumps.tw_lws3_emberbay_petrifiedstumps_petrifiedstump" GUID="Ni6o5S/9ukSVBpRh3DAzhQ=="/>
		<POI MapID="1175" xpos="131.804" ypos="62.6862" zpos="97.6729" type="tw_guides.tw_lws3.tw_lws3_emberbay.tw_lws3_emberbay_petrifiedstumps.tw_lws3_emberbay_petrifiedstumps_petrifiedstump" GUID="av64KP9rpUu1MiFDWBx6bA=="/>
		<POI MapID="1175" xpos="-173.53" ypos="14.8365" zpos="-617.63" type="tw_guides.tw_lws3.tw_lws3_emberbay.tw_lws3_emberbay_petrifiedstumps.tw_lws3_emberbay_petrifiedstumps_petrifiedstump" GUID="Hef2iFAFEEGShHha8bI9Wg=="/>
		<POI MapID="1175" xpos="-200.747" ypos="20.0982" zpos="-602.355" type="tw_guides.tw_lws3.tw_lws3_emberbay.tw_lws3_emberbay_skrittstashes.tw_lws3_emberbay_skrittstashes_signs.tw_lws3_emberbay_skrittstashes_startsignp1" GUID="grlwE6I0TkSUEDe02lFWSQ=="/>
		<POI MapID="1175" xpos="243.29" ypos="143.889" zpos="-714.637" type="tw_guides.tw_lws3.tw_lws3_emberbay.tw_lws3_emberbay_skrittstashes.tw_lws3_emberbay_skrittstashes_skrittstash" GUID="WQthru/EtE+MnaBhhZH/yw=="/>
		<POI MapID="1175" xpos="241.076" ypos="143.934" zpos="-714.812" type="tw_guides.tw_lws3.tw_lws3_emberbay.tw_lws3_emberbay_skrittstashes.tw_lws3_emberbay_skrittstashes_signs.tw_lws3_emberbay_skrittstashes_teleportsignp2" GUID="lL3WTVeuekyyqk0V/7e3HA=="/>
		<POI MapID="1175" xpos="556.888" ypos="22.4424" zpos="-262.601" type="tw_guides.tw_lws3.tw_lws3_emberbay.tw_lws3_emberbay_skrittstashes.tw_lws3_emberbay_skrittstashes_signs.tw_lws3_emberbay_skrittstashes_startsignp2" GUID="yqsk4AhocUaTBpaUQsXt2g=="/>
		<POI MapID="1175" xpos="-566.781" ypos="70.1494" zpos="-796.556" type="tw_guides.tw_lws3.tw_lws3_emberbay.tw_lws3_emberbay_skrittstashes.tw_lws3_emberbay_skrittstashes_signs.tw_lws3_emberbay_skrittstashes_teleportsignp1" GUID="y1jRPJLY7EST3BbpEub43A=="/>
		<POI MapID="1175" xpos="-614.064" ypos="4.51527" zpos="-505.243" type="tw_guides.tw_lws3.tw_lws3_emberbay.tw_lws3_emberbay_skrittstashes.tw_lws3_emberbay_skrittstashes_signs.tw_lws3_emberbay_skrittstashes_startsignp3" GUID="pKlUEdGfakCeglFIUT7zfA=="/>
		<POI MapID="1175" xpos="-193.419" ypos="20.2243" zpos="-595.422" type="tw_guides.tw_lws3.tw_lws3_emberbay.tw_lws3_emberbay_petrifiedstumps.tw_lws3_emberbay_petrifiedstumps_signs.tw_lws3_emberbay_petrifiedstumps_startsignp1" GUID="Ic/gUGMn+0CysRL7YgZkMQ=="/>
		<POI MapID="1175" xpos="329.711" ypos="0.526535" zpos="-1048.97" type="tw_guides.tw_lws3.tw_lws3_emberbay.tw_lws3_emberbay_petrifiedstumps.tw_lws3_emberbay_petrifiedstumps_signs.tw_lws3_emberbay_petrifiedstumps_teleportsignp2" GUID="576SU/nGzkellXiQfL8Ldg=="/>
		<POI MapID="1175" xpos="551.607" ypos="22.7407" zpos="-257.019" type="tw_guides.tw_lws3.tw_lws3_emberbay.tw_lws3_emberbay_petrifiedstumps.tw_lws3_emberbay_petrifiedstumps_signs.tw_lws3_emberbay_petrifiedstumps_startsignp2" GUID="C/0qG9Xyfku8wVNwGTRG+A=="/>
		<POI MapID="1175" xpos="523.074" ypos="44.3182" zpos="-6.28306" type="tw_guides.tw_lws3.tw_lws3_emberbay.tw_lws3_emberbay_petrifiedstumps.tw_lws3_emberbay_petrifiedstumps_signs.tw_lws3_emberbay_petrifiedstumps_teleportsignp4" GUID="i6sjcAOIJUKGpcLbizQYHw=="/>
		<POI MapID="1175" xpos="310.026" ypos="102.321" zpos="190.223" type="tw_guides.tw_lws3.tw_lws3_emberbay.tw_lws3_emberbay_petrifiedstumps.tw_lws3_emberbay_petrifiedstumps_signs.tw_lws3_emberbay_petrifiedstumps_startsignp3" GUID="3UPmPEs24UCdzAbtq3NfHw=="/>
		<POI MapID="1175" xpos="22.9292" ypos="59.9278" zpos="-88.0189" type="tw_guides.tw_lws3.tw_lws3_emberbay.tw_lws3_emberbay_petrifiedstumps.tw_lws3_emberbay_petrifiedstumps_signs.tw_lws3_emberbay_petrifiedstumps_teleportsignp1" GUID="kNitzmRTL0OzWZ3usb4hag=="/>
		<POI MapID="1175" xpos="-614.948" ypos="5.30644" zpos="-489.312" type="tw_guides.tw_lws3.tw_lws3_emberbay.tw_lws3_emberbay_petrifiedstumps.tw_lws3_emberbay_petrifiedstumps_signs.tw_lws3_emberbay_petrifiedstumps_startsignp4" GUID="9VeOwkHhGkymrrmLedB5Rw=="/>
		<POI MapID="1175" xpos="180.666" ypos="62.2005" zpos="110.928" type="tw_guides.tw_lws3.tw_lws3_emberbay.tw_lws3_emberbay_skrittstashes.tw_lws3_emberbay_skrittstashes_signs.tw_lws3_emberbay_skrittstashes_trail_entrance" GUID="BriVTYPD0ECtUaJVdSxSFw=="/>
		<POI MapID="1175" xpos="-83.5308" ypos="121.464" zpos="-142.101" type="tw_guides.tw_lws3.tw_lws3_emberbay.tw_lws3_emberbay_skrittstashes.tw_lws3_emberbay_skrittstashes_signs.tw_lws3_emberbay_skrittstashes_trail_entrance" GUID="+h8qctPLNUCdw4ygIVhXkQ=="/>
		<POI MapID="1175" xpos="-624.396" ypos="0.561737" zpos="-513.883" type="tw_guides.tw_lws3.tw_lws3_emberbay.tw_lws3_emberbay_skrittstashes.tw_lws3_emberbay_skrittstashes_signs.tw_lws3_emberbay_skrittstashes_trail_entrance" GUID="4QUAm/YsNUyhIlQCWkRp8w=="/>
		<POI MapID="1175" xpos="-762.416" ypos="30.4937" zpos="-284.936" type="tw_guides.tw_lws3.tw_lws3_emberbay.tw_lws3_emberbay_skrittstashes.tw_lws3_emberbay_skrittstashes_signs.tw_lws3_emberbay_skrittstashes_trail_entrance" GUID="rleU7BQqDEeuA4cVSfWL+A=="/>
		<POI MapID="1175" xpos="-880.825" ypos="23.2364" zpos="-43.6985" type="tw_guides.tw_lws3.tw_lws3_emberbay.tw_lws3_emberbay_skrittstashes.tw_lws3_emberbay_skrittstashes_signs.tw_lws3_emberbay_skrittstashes_trail_entrance" GUID="o/jizDTfFECAa6gANHq9jA=="/>
		<POI MapID="1175" xpos="-221.736" ypos="14.054" zpos="-649.361" type="tw_guides.tw_lws3.tw_lws3_emberbay.tw_lws3_emberbay_petrifiedstumps.tw_lws3_emberbay_petrifiedstumps_signs.tw_lws3_emberbay_petrifiedstumps_trailpoint_entrance" GUID="1jNrskFuIUaWP6S+k93jBQ=="/>
		<POI MapID="1175" xpos="-276.038" ypos="9.52948" zpos="-405.069" type="tw_guides.tw_lws3.tw_lws3_emberbay.tw_lws3_emberbay_petrifiedstumps.tw_lws3_emberbay_petrifiedstumps_signs.tw_lws3_emberbay_petrifiedstumps_trailpoint_entrance" GUID="bOKCw9pyU0O1Xdv53TcbCQ=="/>
		<POI MapID="1175" xpos="-630.052" ypos="139.034" zpos="44.3796" type="tw_guides.tw_lws3.tw_lws3_emberbay.tw_lws3_emberbay_chaliceoftears.tw_lws3_emberbay_chaliceoftears_signs.tw_lws3_emberbay_chaliceoftears_trail_jump" GUID="+I1tCGG2fkyjuCeKpCofLg=="/>
		<POI MapID="1175" xpos="-631.559" ypos="140.798" zpos="44.3178" type="tw_guides.tw_lws3.tw_lws3_emberbay.tw_lws3_emberbay_chaliceoftears.tw_lws3_emberbay_chaliceoftears_signs.tw_lws3_emberbay_chaliceoftears_trail_jump" GUID="DZ5ShzuknkiwIOdIY59faQ=="/>
		<POI MapID="1175" xpos="-549.892" ypos="124.719" zpos="4.41396" type="tw_guides.tw_lws3.tw_lws3_emberbay.tw_lws3_emberbay_chaliceoftears.tw_lws3_emberbay_chaliceoftears_signs.tw_lws3_emberbay_chaliceoftears_trail_jump" GUID="LwvcqUgTgES4n+7PEJi0gA=="/>
		<POI MapID="1175" xpos="-548.901" ypos="126.458" zpos="4.21136" type="tw_guides.tw_lws3.tw_lws3_emberbay.tw_lws3_emberbay_chaliceoftears.tw_lws3_emberbay_chaliceoftears_signs.tw_lws3_emberbay_chaliceoftears_trail_jump" GUID="HAMVxIlwH0OloL1lzNa2cg=="/>
		<POI MapID="1175" xpos="-549.397" ypos="127.647" zpos="2.53524" type="tw_guides.tw_lws3.tw_lws3_emberbay.tw_lws3_emberbay_chaliceoftears.tw_lws3_emberbay_chaliceoftears_signs.tw_lws3_emberbay_chaliceoftears_trail_jump" GUID="JlkNBaiZ/kWrOUnT1aQ3xQ=="/>
		<POI MapID="1175" xpos="-551.131" ypos="128.575" zpos="-0.197266" type="tw_guides.tw_lws3.tw_lws3_emberbay.tw_lws3_emberbay_chaliceoftears.tw_lws3_emberbay_chaliceoftears_signs.tw_lws3_emberbay_chaliceoftears_trail_jump" GUID="tVlQeluHzkKcyKZ32+739w=="/>
		<POI MapID="1175" xpos="-562.636" ypos="139.059" zpos="-108.301" type="tw_guides.tw_lws3.tw_lws3_emberbay.tw_lws3_emberbay_chaliceoftears.tw_lws3_emberbay_chaliceoftears_signs.tw_lws3_emberbay_chaliceoftears_trail_jump" GUID="uXU37afggU6aEzlIFm8wJg=="/>
		<POI MapID="1175" xpos="-560.996" ypos="140.481" zpos="-111.691" type="tw_guides.tw_lws3.tw_lws3_emberbay.tw_lws3_emberbay_chaliceoftears.tw_lws3_emberbay_chaliceoftears_signs.tw_lws3_emberbay_chaliceoftears_trail_jump" GUID="S0AjFe6XpkyzjQti+WEyTQ=="/>
		<POI MapID="1175" xpos="-538.406" ypos="140.429" zpos="-126.508" type="tw_guides.tw_lws3.tw_lws3_emberbay.tw_lws3_emberbay_chaliceoftears.tw_lws3_emberbay_chaliceoftears_signs.tw_lws3_emberbay_chaliceoftears_trail_jump" GUID="prOhXS4GrUCMOzKm4A78ug=="/>
		<POI MapID="1175" xpos="-536.373" ypos="141.006" zpos="-127.474" type="tw_guides.tw_lws3.tw_lws3_emberbay.tw_lws3_emberbay_chaliceoftears.tw_lws3_emberbay_chaliceoftears_signs.tw_lws3_emberbay_chaliceoftears_trail_jump" GUID="3fjwQoPgYUOyQqMzMs9i5g=="/>
		<POI MapID="1175" xpos="-537.45" ypos="142.85" zpos="-128.772" type="tw_guides.tw_lws3.tw_lws3_emberbay.tw_lws3_emberbay_chaliceoftears.tw_lws3_emberbay_chaliceoftears_signs.tw_lws3_emberbay_chaliceoftears_trail_jump" GUID="z3BQtAQ3q0aFybYeXR5IFQ=="/>
		<POI MapID="1175" xpos="-536.466" ypos="143.576" zpos="-131.175" type="tw_guides.tw_lws3.tw_lws3_emberbay.tw_lws3_emberbay_chaliceoftears.tw_lws3_emberbay_chaliceoftears_signs.tw_lws3_emberbay_chaliceoftears_trail_jump" GUID="RlaBoAQeRkeepTVo31/UUA=="/>
		<POI MapID="1175" xpos="-538.588" ypos="145.042" zpos="-131.927" type="tw_guides.tw_lws3.tw_lws3_emberbay.tw_lws3_emberbay_chaliceoftears.tw_lws3_emberbay_chaliceoftears_signs.tw_lws3_emberbay_chaliceoftears_trail_jump" GUID="JroDEgOKEk+UxUgb6kfxRQ=="/>
		<POI MapID="1175" xpos="-537.237" ypos="147.608" zpos="-133.944" type="tw_guides.tw_lws3.tw_lws3_emberbay.tw_lws3_emberbay_chaliceoftears.tw_lws3_emberbay_chaliceoftears_signs.tw_lws3_emberbay_chaliceoftears_trail_jump" GUID="mDieEQIQHUakr4zlRZfv8A=="/>
		<POI MapID="1175" xpos="-537.298" ypos="148.604" zpos="-136.932" type="tw_guides.tw_lws3.tw_lws3_emberbay.tw_lws3_emberbay_chaliceoftears.tw_lws3_emberbay_chaliceoftears_signs.tw_lws3_emberbay_chaliceoftears_trail_jump" GUID="a8mdrEj680W9upaW5mkxEw=="/>
		<POI MapID="1175" xpos="-537.058" ypos="150.451" zpos="-138.278" type="tw_guides.tw_lws3.tw_lws3_emberbay.tw_lws3_emberbay_chaliceoftears.tw_lws3_emberbay_chaliceoftears_signs.tw_lws3_emberbay_chaliceoftears_trail_jump" GUID="K/jjshLuZkaRrut4XbtHzA=="/>
		<POI MapID="1175" xpos="-535.121" ypos="146.819" zpos="-117.691" type="tw_guides.tw_lws3.tw_lws3_emberbay.tw_lws3_emberbay_chaliceoftears.tw_lws3_emberbay_chaliceoftears_signs.tw_lws3_emberbay_chaliceoftears_trail_jump" GUID="HoKrBz/CdEiiijWd2YBZdg=="/>
		<POI MapID="1175" xpos="-536.325" ypos="148.06" zpos="-116.667" type="tw_guides.tw_lws3.tw_lws3_emberbay.tw_lws3_emberbay_chaliceoftears.tw_lws3_emberbay_chaliceoftears_signs.tw_lws3_emberbay_chaliceoftears_trail_jump" GUID="yxnBZOoeTE6+Ay25JpDERg=="/>
		<POI MapID="1175" xpos="-537.661" ypos="150.058" zpos="-117.402" type="tw_guides.tw_lws3.tw_lws3_emberbay.tw_lws3_emberbay_chaliceoftears.tw_lws3_emberbay_chaliceoftears_signs.tw_lws3_emberbay_chaliceoftears_trail_jump" GUID="LwUo6OPKIUyPY+UfCyr6YQ=="/>
		<POI MapID="1175" xpos="-552.077" ypos="161.118" zpos="-114.292" type="tw_guides.tw_lws3.tw_lws3_emberbay.tw_lws3_emberbay_chaliceoftears.tw_lws3_emberbay_chaliceoftears_signs.tw_lws3_emberbay_chaliceoftears_trail_jump" GUID="J7/vdoEQOE2yu/2sIxo7eQ=="/>
		<POI MapID="1175" xpos="-554.088" ypos="163.454" zpos="-114.102" type="tw_guides.tw_lws3.tw_lws3_emberbay.tw_lws3_emberbay_chaliceoftears.tw_lws3_emberbay_chaliceoftears_signs.tw_lws3_emberbay_chaliceoftears_trail_jump" GUID="llwoGf9t+UO9++ZUPgbwUA=="/>
		<POI MapID="1175" xpos="-520.985" ypos="159.5" zpos="-127.887" type="tw_guides.tw_lws3.tw_lws3_emberbay.tw_lws3_emberbay_chaliceoftears.tw_lws3_emberbay_chaliceoftears_signs.tw_lws3_emberbay_chaliceoftears_trail_jump" GUID="n7s/Iu/zW0mGQr3Fu0e+KA=="/>
		<POI MapID="1175" xpos="-521.194" ypos="161.647" zpos="-130.38" type="tw_guides.tw_lws3.tw_lws3_emberbay.tw_lws3_emberbay_chaliceoftears.tw_lws3_emberbay_chaliceoftears_signs.tw_lws3_emberbay_chaliceoftears_trail_jump" GUID="B/Zn6MWsT0meac3qIrmGMQ=="/>
		<POI MapID="1175" xpos="-524.23" ypos="167.782" zpos="-140.857" type="tw_guides.tw_lws3.tw_lws3_emberbay.tw_lws3_emberbay_chaliceoftears.tw_lws3_emberbay_chaliceoftears_signs.tw_lws3_emberbay_chaliceoftears_trail_jump" GUID="RSsI4ZalNkqQT0z3+eY6Vg=="/>
		<POI MapID="1175" xpos="-524.679" ypos="169.342" zpos="-142.337" type="tw_guides.tw_lws3.tw_lws3_emberbay.tw_lws3_emberbay_chaliceoftears.tw_lws3_emberbay_chaliceoftears_signs.tw_lws3_emberbay_chaliceoftears_trail_jump" GUID="hVJL3M8HxE+DvCDgHxOayQ=="/>
		<POI MapID="1175" xpos="-504.489" ypos="184.623" zpos="-161.905" type="tw_guides.tw_lws3.tw_lws3_emberbay.tw_lws3_emberbay_chaliceoftears.tw_lws3_emberbay_chaliceoftears_signs.tw_lws3_emberbay_chaliceoftears_trail_jump" GUID="lfW15GFFqUq7kkzUHDxBpA=="/>
		<POI MapID="1175" xpos="-503.342" ypos="186.653" zpos="-163.172" type="tw_guides.tw_lws3.tw_lws3_emberbay.tw_lws3_emberbay_chaliceoftears.tw_lws3_emberbay_chaliceoftears_signs.tw_lws3_emberbay_chaliceoftears_trail_jump" GUID="1YOQ+gvsykis1zf7Re/ifw=="/>
		<POI MapID="1175" xpos="-492.817" ypos="191.592" zpos="-158.27" type="tw_guides.tw_lws3.tw_lws3_emberbay.tw_lws3_emberbay_chaliceoftears.tw_lws3_emberbay_chaliceoftears_signs.tw_lws3_emberbay_chaliceoftears_trail_jump" GUID="rhEAfTyDH0y5r9V8NpsF8w=="/>
		<POI MapID="1175" xpos="-490.768" ypos="193.835" zpos="-157.821" type="tw_guides.tw_lws3.tw_lws3_emberbay.tw_lws3_emberbay_chaliceoftears.tw_lws3_emberbay_chaliceoftears_signs.tw_lws3_emberbay_chaliceoftears_trail_jump" GUID="p47y39Nv5E+ZfufoK00Bpg=="/>
		<POI MapID="1175" xpos="-459.627" ypos="178.518" zpos="-73.897" type="tw_guides.tw_lws3.tw_lws3_emberbay.tw_lws3_emberbay_chaliceoftears.tw_lws3_emberbay_chaliceoftears_signs.tw_lws3_emberbay_chaliceoftears_trail_jump" GUID="b9sLDcs7kESVGNBU00XcpA=="/>
		<POI MapID="1175" xpos="-459.006" ypos="181.886" zpos="-74.9828" type="tw_guides.tw_lws3.tw_lws3_emberbay.tw_lws3_emberbay_chaliceoftears.tw_lws3_emberbay_chaliceoftears_signs.tw_lws3_emberbay_chaliceoftears_trail_jump" GUID="E2aEEEaz70S0pIRYnJR2Mw=="/>
		<POI MapID="1175" xpos="-462.64" ypos="183.468" zpos="-71.4043" type="tw_guides.tw_lws3.tw_lws3_emberbay.tw_lws3_emberbay_chaliceoftears.tw_lws3_emberbay_chaliceoftears_signs.tw_lws3_emberbay_chaliceoftears_trail_jump" GUID="4vkK3sBBdUG83v3F7x63GA=="/>
		<POI MapID="1175" xpos="-464.729" ypos="183.542" zpos="-65.8588" type="tw_guides.tw_lws3.tw_lws3_emberbay.tw_lws3_emberbay_chaliceoftears.tw_lws3_emberbay_chaliceoftears_signs.tw_lws3_emberbay_chaliceoftears_trail_jump" GUID="DjOIJC8yEE2XB7KXm7bRfw=="/>
		<POI MapID="1175" xpos="-465.207" ypos="185.109" zpos="-64.5301" type="tw_guides.tw_lws3.tw_lws3_emberbay.tw_lws3_emberbay_chaliceoftears.tw_lws3_emberbay_chaliceoftears_signs.tw_lws3_emberbay_chaliceoftears_trail_jump" GUID="a5OIkGIOL0KCSgnn49amiA=="/>
		<POI MapID="1175" xpos="-465.195" ypos="187.558" zpos="-62.2702" type="tw_guides.tw_lws3.tw_lws3_emberbay.tw_lws3_emberbay_chaliceoftears.tw_lws3_emberbay_chaliceoftears_signs.tw_lws3_emberbay_chaliceoftears_trail_jump" GUID="9bWhmMWOiU6grArUB7SnAw=="/>
		<POI MapID="1175" xpos="-457.068" ypos="192.033" zpos="-57.3014" type="tw_guides.tw_lws3.tw_lws3_emberbay.tw_lws3_emberbay_chaliceoftears.tw_lws3_emberbay_chaliceoftears_signs.tw_lws3_emberbay_chaliceoftears_trail_jump" GUID="XjUjpJMMSUe0/HQTc6ueAw=="/>
		<POI MapID="1175" xpos="-457.945" ypos="193.19" zpos="-61.8059" type="tw_guides.tw_lws3.tw_lws3_emberbay.tw_lws3_emberbay_chaliceoftears.tw_lws3_emberbay_chaliceoftears_signs.tw_lws3_emberbay_chaliceoftears_trail_jump" GUID="M7PZKfWDuUmkQooOYnixwQ=="/>
		<POI MapID="1175" xpos="-458.227" ypos="194.339" zpos="-64.1442" type="tw_guides.tw_lws3.tw_lws3_emberbay.tw_lws3_emberbay_chaliceoftears.tw_lws3_emberbay_chaliceoftears_signs.tw_lws3_emberbay_chaliceoftears_trail_glide" GUID="810hDd0RVU64p7+4H8bh+A=="/>
		<POI MapID="1175" xpos="-469.462" ypos="192.158" zpos="-54.1846" type="tw_guides.tw_lws3.tw_lws3_emberbay.tw_lws3_emberbay_chaliceoftears.tw_lws3_emberbay_chaliceoftears_signs.tw_lws3_emberbay_chaliceoftears_trail_jump" GUID="n57jhGBxykabqs+wmeZuaw=="/>
		<POI MapID="1175" xpos="-469.325" ypos="194.659" zpos="-51.6893" type="tw_guides.tw_lws3.tw_lws3_emberbay.tw_lws3_emberbay_chaliceoftears.tw_lws3_emberbay_chaliceoftears_signs.tw_lws3_emberbay_chaliceoftears_trail_glide" GUID="3Igzu0isKkWCx17TcWh0dQ=="/>
		<POI MapID="1175" xpos="-506.105" ypos="185.243" zpos="-51.9838" type="tw_guides.tw_lws3.tw_lws3_emberbay.tw_lws3_emberbay_chaliceoftears.tw_lws3_emberbay_chaliceoftears_signs.tw_lws3_emberbay_chaliceoftears_trail_jump" GUID="PpKM3hPqXkCgcTTV7QzxiA=="/>
		<POI MapID="1175" xpos="-509.62" ypos="189.05" zpos="-49.425" type="tw_guides.tw_lws3.tw_lws3_emberbay.tw_lws3_emberbay_chaliceoftears.tw_lws3_emberbay_chaliceoftears_signs.tw_lws3_emberbay_chaliceoftears_trail_jump" GUID="yYfGePOlq0iXw9DkTWs+Sw=="/>
		<POI MapID="1175" xpos="-510.886" ypos="191.125" zpos="-47.7377" type="tw_guides.tw_lws3.tw_lws3_emberbay.tw_lws3_emberbay_chaliceoftears.tw_lws3_emberbay_chaliceoftears_signs.tw_lws3_emberbay_chaliceoftears_trail_glide" GUID="HdVWtFcbeEyeusPkzCR9gQ=="/>
		<POI MapID="1175" xpos="-509.646" ypos="188.181" zpos="-29.2261" type="tw_guides.tw_lws3.tw_lws3_emberbay.tw_lws3_emberbay_chaliceoftears.tw_lws3_emberbay_chaliceoftears_signs.tw_lws3_emberbay_chaliceoftears_trail_jump" GUID="b/9lgGXRVEu0dfIXX1coEQ=="/>
		<POI MapID="1175" xpos="-509.561" ypos="190.195" zpos="-27.7282" type="tw_guides.tw_lws3.tw_lws3_emberbay.tw_lws3_emberbay_chaliceoftears.tw_lws3_emberbay_chaliceoftears_signs.tw_lws3_emberbay_chaliceoftears_trail_jump" GUID="Dguz5oS4UEOBkct8kJBsTw=="/>
		<POI MapID="1175" xpos="-514.21" ypos="191.605" zpos="-25.1673" type="tw_guides.tw_lws3.tw_lws3_emberbay.tw_lws3_emberbay_chaliceoftears.tw_lws3_emberbay_chaliceoftears_signs.tw_lws3_emberbay_chaliceoftears_trail_jump" GUID="4gwQ1orsy025z5ba98sDgg=="/>
		<POI MapID="1175" xpos="-514.001" ypos="194.073" zpos="-28.5314" type="tw_guides.tw_lws3.tw_lws3_emberbay.tw_lws3_emberbay_chaliceoftears.tw_lws3_emberbay_chaliceoftears_signs.tw_lws3_emberbay_chaliceoftears_trail_jump" GUID="awlhM1Dk5U+gDCtnPoQWsw=="/>
		<POI MapID="1175" xpos="-517.115" ypos="194.656" zpos="-26.9145" type="tw_guides.tw_lws3.tw_lws3_emberbay.tw_lws3_emberbay_chaliceoftears.tw_lws3_emberbay_chaliceoftears_signs.tw_lws3_emberbay_chaliceoftears_trail_jump" GUID="dz1+TbK1NESr+5ufScp/zg=="/>
		<POI MapID="1175" xpos="-522.882" ypos="199.909" zpos="-23.6169" type="tw_guides.tw_lws3.tw_lws3_emberbay.tw_lws3_emberbay_chaliceoftears.tw_lws3_emberbay_chaliceoftears_signs.tw_lws3_emberbay_chaliceoftears_trail_glide" GUID="Qa25golwLkG8NQIOP0f21w=="/>
		<POI MapID="1175" xpos="-527.637" ypos="201.024" zpos="-27.4954" type="tw_guides.tw_lws3.tw_lws3_emberbay.tw_lws3_emberbay_chaliceoftears.tw_lws3_emberbay_chaliceoftears_signs.tw_lws3_emberbay_chaliceoftears_trail_jump" GUID="eqz495TOcUuog2tmeUK2bw=="/>
		<POI MapID="1175" xpos="-529.292" ypos="202.123" zpos="-28.4079" type="tw_guides.tw_lws3.tw_lws3_emberbay.tw_lws3_emberbay_chaliceoftears.tw_lws3_emberbay_chaliceoftears_signs.tw_lws3_emberbay_chaliceoftears_trail_jump" GUID="Bv80K1/VJUCT8bDqCPYS1g=="/>
		<POI MapID="1175" xpos="-529.54" ypos="204.157" zpos="-30.8226" type="tw_guides.tw_lws3.tw_lws3_emberbay.tw_lws3_emberbay_chaliceoftears.tw_lws3_emberbay_chaliceoftears_signs.tw_lws3_emberbay_chaliceoftears_trail_jump" GUID="K0FODGeoakuTXtAgL/C3Hw=="/>
		<POI MapID="1175" xpos="-531.498" ypos="206.293" zpos="-32.9952" type="tw_guides.tw_lws3.tw_lws3_emberbay.tw_lws3_emberbay_chaliceoftears.tw_lws3_emberbay_chaliceoftears_signs.tw_lws3_emberbay_chaliceoftears_trail_jump" GUID="ubGsYdM6IkS/QHciC73Wxw=="/>
		<POI MapID="1175" xpos="-511.208" ypos="193.96" zpos="-127.679" type="tw_guides.tw_lws3.tw_lws3_emberbay.tw_lws3_emberbay_chaliceoftears.tw_lws3_emberbay_chaliceoftears_signs.tw_lws3_emberbay_chaliceoftears_trail_jump" GUID="rTuVeqtRnUaHAEx2KFseKA=="/>
		<POI MapID="1175" xpos="-510.971" ypos="196.512" zpos="-130.184" type="tw_guides.tw_lws3.tw_lws3_emberbay.tw_lws3_emberbay_chaliceoftears.tw_lws3_emberbay_chaliceoftears_signs.tw_lws3_emberbay_chaliceoftears_trail_jump" GUID="coF8R8acuECeIe7OsbITfA=="/>
		<POI MapID="1175" xpos="-507.759" ypos="202.805" zpos="-171.702" type="tw_guides.tw_lws3.tw_lws3_emberbay.tw_lws3_emberbay_chaliceoftears.tw_lws3_emberbay_chaliceoftears_signs.tw_lws3_emberbay_chaliceoftears_trail_jump" GUID="Ra/ZsaHZ80WKizNgOVZ9Gg=="/>
		<POI MapID="1175" xpos="-508.647" ypos="204.075" zpos="-173.051" type="tw_guides.tw_lws3.tw_lws3_emberbay.tw_lws3_emberbay_chaliceoftears.tw_lws3_emberbay_chaliceoftears_signs.tw_lws3_emberbay_chaliceoftears_trail_jump" GUID="vqOe2bR4QUyPqDaT4rtjmg=="/>
		<POI MapID="1175" xpos="-510.434" ypos="206.159" zpos="-179.822" type="tw_guides.tw_lws3.tw_lws3_emberbay.tw_lws3_emberbay_chaliceoftears.tw_lws3_emberbay_chaliceoftears_signs.tw_lws3_emberbay_chaliceoftears_trail_jump" GUID="6YPwfg7Si0aBbskcPlfB8Q=="/>
		<POI MapID="1175" xpos="-508.431" ypos="208.783" zpos="-181.058" type="tw_guides.tw_lws3.tw_lws3_emberbay.tw_lws3_emberbay_chaliceoftears.tw_lws3_emberbay_chaliceoftears_signs.tw_lws3_emberbay_chaliceoftears_trail_jump" GUID="RvzncWkoJ0O0lg76byK90A=="/>
		<POI MapID="1175" xpos="-500.534" ypos="215.361" zpos="-195.705" type="tw_guides.tw_lws3.tw_lws3_emberbay.tw_lws3_emberbay_chaliceoftears.tw_lws3_emberbay_chaliceoftears_signs.tw_lws3_emberbay_chaliceoftears_trail_glide" GUID="dNbVK7l5v0qPF6BSgFuLaw=="/>
		<POI MapID="1175" xpos="-511.621" ypos="221.781" zpos="-164.451" type="tw_guides.tw_lws3.tw_lws3_emberbay.tw_lws3_emberbay_chaliceoftears.tw_lws3_emberbay_chaliceoftears_signs.tw_lws3_emberbay_chaliceoftears_trail_glide" GUID="x9kPBh8QBEiiTA0Ym9sThA=="/>
		<POI MapID="1175" xpos="-469.762" ypos="202.524" zpos="-110.094" type="tw_guides.tw_lws3.tw_lws3_emberbay.tw_lws3_emberbay_chaliceoftears.tw_lws3_emberbay_chaliceoftears_signs.tw_lws3_emberbay_chaliceoftears_trail_jump" GUID="b8nKcvuY3kqRwBpGhIPk1w=="/>
		<POI MapID="1175" xpos="-471.65" ypos="204.284" zpos="-109.271" type="tw_guides.tw_lws3.tw_lws3_emberbay.tw_lws3_emberbay_chaliceoftears.tw_lws3_emberbay_chaliceoftears_signs.tw_lws3_emberbay_chaliceoftears_trail_jump" GUID="xtzh9GTlO0m9k2GcfOtB3w=="/>
		<POI MapID="1175" xpos="-456.084" ypos="200.12" zpos="-89.1437" type="tw_guides.tw_lws3.tw_lws3_emberbay.tw_lws3_emberbay_chaliceoftears.tw_lws3_emberbay_chaliceoftears_signs.tw_lws3_emberbay_chaliceoftears_trail_jump" GUID="OhA2fEuxYEycAHJcreS+Qw=="/>
		<POI MapID="1175" xpos="-453.593" ypos="201.443" zpos="-87.0656" type="tw_guides.tw_lws3.tw_lws3_emberbay.tw_lws3_emberbay_chaliceoftears.tw_lws3_emberbay_chaliceoftears_signs.tw_lws3_emberbay_chaliceoftears_trail_jump" GUID="JKiQMzsX+kWIYtS2/sqnZg=="/>
		<POI MapID="1175" xpos="-453.991" ypos="202.632" zpos="-88.9683" type="tw_guides.tw_lws3.tw_lws3_emberbay.tw_lws3_emberbay_chaliceoftears.tw_lws3_emberbay_chaliceoftears_signs.tw_lws3_emberbay_chaliceoftears_trail_jump" GUID="cWXcb3hDvUuWfvWBSBuq7A=="/>
		<POI MapID="1175" xpos="-455.313" ypos="203.59" zpos="-90.44" type="tw_guides.tw_lws3.tw_lws3_emberbay.tw_lws3_emberbay_chaliceoftears.tw_lws3_emberbay_chaliceoftears_signs.tw_lws3_emberbay_chaliceoftears_trail_jump" GUID="4WtOqDXB+EC74aDKRpMAOQ=="/>
		<POI MapID="1175" xpos="-463.464" ypos="204.46" zpos="-91.6487" type="tw_guides.tw_lws3.tw_lws3_emberbay.tw_lws3_emberbay_chaliceoftears.tw_lws3_emberbay_chaliceoftears_signs.tw_lws3_emberbay_chaliceoftears_trail_jump" GUID="YT9Jj67EqEy6PvaxQjawPw=="/>
		<POI MapID="1175" xpos="-466.222" ypos="206.497" zpos="-92.8024" type="tw_guides.tw_lws3.tw_lws3_emberbay.tw_lws3_emberbay_chaliceoftears.tw_lws3_emberbay_chaliceoftears_signs.tw_lws3_emberbay_chaliceoftears_trail_glide" GUID="diOAjHCqmE2OotAsXxoC8g=="/>
		<POI MapID="1175" xpos="-479.04" ypos="202.041" zpos="-74.9772" type="tw_guides.tw_lws3.tw_lws3_emberbay.tw_lws3_emberbay_chaliceoftears.tw_lws3_emberbay_chaliceoftears_signs.tw_lws3_emberbay_chaliceoftears_trail_jump" GUID="9CumFWid60WwlRDkWXLsHg=="/>
		<POI MapID="1175" xpos="-477.486" ypos="203.521" zpos="-73.0584" type="tw_guides.tw_lws3.tw_lws3_emberbay.tw_lws3_emberbay_chaliceoftears.tw_lws3_emberbay_chaliceoftears_signs.tw_lws3_emberbay_chaliceoftears_trail_jump" GUID="UOoUe77GTEGQR24AokZapw=="/>
		<POI MapID="1175" xpos="-479.081" ypos="204.293" zpos="-75.7776" type="tw_guides.tw_lws3.tw_lws3_emberbay.tw_lws3_emberbay_chaliceoftears.tw_lws3_emberbay_chaliceoftears_signs.tw_lws3_emberbay_chaliceoftears_trail_jump" GUID="3dPiddYpW0ihAG9E2WjhlQ=="/>
		<POI MapID="1175" xpos="-478.34" ypos="205.956" zpos="-77.4311" type="tw_guides.tw_lws3.tw_lws3_emberbay.tw_lws3_emberbay_chaliceoftears.tw_lws3_emberbay_chaliceoftears_signs.tw_lws3_emberbay_chaliceoftears_trail_jump" GUID="zYgPK1L5SEWG0B7IU1GuIA=="/>
		<POI MapID="1175" xpos="-477.378" ypos="207.402" zpos="-75.2268" type="tw_guides.tw_lws3.tw_lws3_emberbay.tw_lws3_emberbay_chaliceoftears.tw_lws3_emberbay_chaliceoftears_signs.tw_lws3_emberbay_chaliceoftears_trail_jump" GUID="1Gtu4Ravt0iq4L68QIaYlw=="/>
		<POI MapID="1175" xpos="-473.649" ypos="211.489" zpos="-67.3094" type="tw_guides.tw_lws3.tw_lws3_emberbay.tw_lws3_emberbay_chaliceoftears.tw_lws3_emberbay_chaliceoftears_signs.tw_lws3_emberbay_chaliceoftears_trail_glide" GUID="wihpWjYhsU60pOyvQY1+DQ=="/>
		<POI MapID="1175" xpos="-482.305" ypos="210.024" zpos="-56.095" type="tw_guides.tw_lws3.tw_lws3_emberbay.tw_lws3_emberbay_chaliceoftears.tw_lws3_emberbay_chaliceoftears_signs.tw_lws3_emberbay_chaliceoftears_trail_glide" GUID="gCfvU0SxSE2bwYTNkO8oVw=="/>
		<POI MapID="1175" xpos="-485.306" ypos="211.287" zpos="-51.8138" type="tw_guides.tw_lws3.tw_lws3_emberbay.tw_lws3_emberbay_chaliceoftears.tw_lws3_emberbay_chaliceoftears_signs.tw_lws3_emberbay_chaliceoftears_trail_jump" GUID="R+FQwzGek0u8xgCz+l0Q7A=="/>
		<POI MapID="1175" xpos="-486.186" ypos="211.872" zpos="-49.0725" type="tw_guides.tw_lws3.tw_lws3_emberbay.tw_lws3_emberbay_chaliceoftears.tw_lws3_emberbay_chaliceoftears_signs.tw_lws3_emberbay_chaliceoftears_trail_jump" GUID="IUsDCK2kGUOFkCGJ1HhXew=="/>
		<POI MapID="1175" xpos="-484.613" ypos="213.446" zpos="-48.5683" type="tw_guides.tw_lws3.tw_lws3_emberbay.tw_lws3_emberbay_chaliceoftears.tw_lws3_emberbay_chaliceoftears_signs.tw_lws3_emberbay_chaliceoftears_trail_jump" GUID="Rnb8d8Sk+0C+A0T2HUZcNg=="/>
		<POI MapID="1175" xpos="-460.393" ypos="225.18" zpos="-43.6687" type="tw_guides.tw_lws3.tw_lws3_emberbay.tw_lws3_emberbay_chaliceoftears.tw_lws3_emberbay_chaliceoftears_signs.tw_lws3_emberbay_chaliceoftears_trail_jump" GUID="QMexmNmTLE+RCnSOIlPUbg=="/>
		<POI MapID="1175" xpos="-457.102" ypos="226.339" zpos="-44.9015" type="tw_guides.tw_lws3.tw_lws3_emberbay.tw_lws3_emberbay_chaliceoftears.tw_lws3_emberbay_chaliceoftears_signs.tw_lws3_emberbay_chaliceoftears_trail_jump" GUID="Mopz+WF+ZkacbS3i7xwxDQ=="/>
		<POI MapID="1175" xpos="-453.612" ypos="227.165" zpos="-42.7354" type="tw_guides.tw_lws3.tw_lws3_emberbay.tw_lws3_emberbay_chaliceoftears.tw_lws3_emberbay_chaliceoftears_signs.tw_lws3_emberbay_chaliceoftears_trail_jump" GUID="BpByzJTOh063teCnkaMOLw=="/>
		<POI MapID="1175" xpos="-451" ypos="229.086" zpos="-41.9887" type="tw_guides.tw_lws3.tw_lws3_emberbay.tw_lws3_emberbay_chaliceoftears.tw_lws3_emberbay_chaliceoftears_signs.tw_lws3_emberbay_chaliceoftears_trail_jump" GUID="PJtDjUQ6X0uFF9aEOJ5lsw=="/>
		<POI MapID="1175" xpos="-452.983" ypos="230.668" zpos="-46.1261" type="tw_guides.tw_lws3.tw_lws3_emberbay.tw_lws3_emberbay_chaliceoftears.tw_lws3_emberbay_chaliceoftears_signs.tw_lws3_emberbay_chaliceoftears_trail_jump" GUID="1g8YvVEpFkG7gRO3tZ3QSw=="/>
		<POI MapID="1175" xpos="-452.322" ypos="232.691" zpos="-48.3981" type="tw_guides.tw_lws3.tw_lws3_emberbay.tw_lws3_emberbay_chaliceoftears.tw_lws3_emberbay_chaliceoftears_signs.tw_lws3_emberbay_chaliceoftears_trail_glide" GUID="0bTBbcqlT0C7tKIsgVFglA=="/>
		<POI MapID="1175" xpos="-456.218" ypos="232.779" zpos="-61.7827" type="tw_guides.tw_lws3.tw_lws3_emberbay.tw_lws3_emberbay_chaliceoftears.tw_lws3_emberbay_chaliceoftears_signs.tw_lws3_emberbay_chaliceoftears_trail_jump" GUID="rhfuWPT7UkeebvEzCr7xJA=="/>
		<POI MapID="1175" xpos="-433.146" ypos="241.2" zpos="-59.9431" type="tw_guides.tw_lws3.tw_lws3_emberbay.tw_lws3_emberbay_chaliceoftears.tw_lws3_emberbay_chaliceoftears_signs.tw_lws3_emberbay_chaliceoftears_trail_jump" GUID="/Rbuy0K8iUaIIrNUnP3l/w=="/>
		<POI MapID="1175" xpos="-432.487" ypos="242.634" zpos="-57.462" type="tw_guides.tw_lws3.tw_lws3_emberbay.tw_lws3_emberbay_chaliceoftears.tw_lws3_emberbay_chaliceoftears_signs.tw_lws3_emberbay_chaliceoftears_trail_jump" GUID="qJTNj0zhcU2bFsPF/ATJOQ=="/>
		<POI MapID="1175" xpos="-430.972" ypos="243.787" zpos="-56.2282" type="tw_guides.tw_lws3.tw_lws3_emberbay.tw_lws3_emberbay_chaliceoftears.tw_lws3_emberbay_chaliceoftears_signs.tw_lws3_emberbay_chaliceoftears_trail_jump" GUID="GvbS715hWUC6dGJyCeyMNg=="/>
		<POI MapID="1175" xpos="-432.384" ypos="245.626" zpos="-54.5921" type="tw_guides.tw_lws3.tw_lws3_emberbay.tw_lws3_emberbay_chaliceoftears.tw_lws3_emberbay_chaliceoftears_signs.tw_lws3_emberbay_chaliceoftears_trail_jump" GUID="l8k0G9vnYEGLaIkYF8XbEA=="/>
		<POI MapID="1175" xpos="-434.432" ypos="246.969" zpos="-55.2063" type="tw_guides.tw_lws3.tw_lws3_emberbay.tw_lws3_emberbay_chaliceoftears.tw_lws3_emberbay_chaliceoftears_signs.tw_lws3_emberbay_chaliceoftears_trail_jump" GUID="aGU1qfQmyUaAuT+V6jzy8w=="/>
		<POI MapID="1175" xpos="-438.16" ypos="251.247" zpos="-91.3142" type="tw_guides.tw_lws3.tw_lws3_emberbay.tw_lws3_emberbay_chaliceoftears.tw_lws3_emberbay_chaliceoftears_signs.tw_lws3_emberbay_chaliceoftears_trail_jump" GUID="D0gspHlmiUK+tRPGCWVqCw=="/>
		<POI MapID="1175" xpos="-436.838" ypos="252.924" zpos="-88.2289" type="tw_guides.tw_lws3.tw_lws3_emberbay.tw_lws3_emberbay_chaliceoftears.tw_lws3_emberbay_chaliceoftears_signs.tw_lws3_emberbay_chaliceoftears_trail_jump" GUID="b2tNiTUnCUiPhNgEXO5QvA=="/>
		<POI MapID="1175" xpos="-435.16" ypos="254.696" zpos="-87.9186" type="tw_guides.tw_lws3.tw_lws3_emberbay.tw_lws3_emberbay_chaliceoftears.tw_lws3_emberbay_chaliceoftears_signs.tw_lws3_emberbay_chaliceoftears_trail_jump" GUID="DtUFcYSGPEqFIv8GRCcSiA=="/>
		<POI MapID="1175" xpos="-432.973" ypos="255.428" zpos="-88.5463" type="tw_guides.tw_lws3.tw_lws3_emberbay.tw_lws3_emberbay_chaliceoftears.tw_lws3_emberbay_chaliceoftears_signs.tw_lws3_emberbay_chaliceoftears_trail_jump" GUID="N7epIDNTIUKUKdjUipiuLQ=="/>
		<POI MapID="1175" xpos="-435.97" ypos="256.675" zpos="-86.9333" type="tw_guides.tw_lws3.tw_lws3_emberbay.tw_lws3_emberbay_chaliceoftears.tw_lws3_emberbay_chaliceoftears_signs.tw_lws3_emberbay_chaliceoftears_trail_jump" GUID="Yw7Zyw1Ej0e114F9E7nMAw=="/>
		<POI MapID="1175" xpos="-437.597" ypos="258.54" zpos="-87.2411" type="tw_guides.tw_lws3.tw_lws3_emberbay.tw_lws3_emberbay_chaliceoftears.tw_lws3_emberbay_chaliceoftears_signs.tw_lws3_emberbay_chaliceoftears_trail_jump" GUID="vwSKOXVhIEKs/DavoiucJQ=="/>
		<POI MapID="1175" xpos="-439.457" ypos="258.948" zpos="-86.5142" type="tw_guides.tw_lws3.tw_lws3_emberbay.tw_lws3_emberbay_chaliceoftears.tw_lws3_emberbay_chaliceoftears_signs.tw_lws3_emberbay_chaliceoftears_trail_jump" GUID="XfqO6wBBnUeV+AGipWoEqQ=="/>
		<POI MapID="1175" xpos="-444.114" ypos="260.313" zpos="-86.9734" type="tw_guides.tw_lws3.tw_lws3_emberbay.tw_lws3_emberbay_chaliceoftears.tw_lws3_emberbay_chaliceoftears_signs.tw_lws3_emberbay_chaliceoftears_trail_jump" GUID="S0P+UERvCEyuaov+Ejefzw=="/>
		<POI MapID="1175" xpos="-445.115" ypos="261.248" zpos="-85.2935" type="tw_guides.tw_lws3.tw_lws3_emberbay.tw_lws3_emberbay_chaliceoftears.tw_lws3_emberbay_chaliceoftears_signs.tw_lws3_emberbay_chaliceoftears_trail_glide" GUID="lEkFvI2FMkeNUaCmfIN0XA=="/>
		<POI MapID="1175" xpos="-454.24" ypos="261.709" zpos="-85.3933" type="tw_guides.tw_lws3.tw_lws3_emberbay.tw_lws3_emberbay_chaliceoftears.tw_lws3_emberbay_chaliceoftears_signs.tw_lws3_emberbay_chaliceoftears_trail_jump" GUID="JgSHd4p720W57rffRrnscA=="/>
		<POI MapID="1175" xpos="-456.597" ypos="261.711" zpos="-85.1099" type="tw_guides.tw_lws3.tw_lws3_emberbay.tw_lws3_emberbay_chaliceoftears.tw_lws3_emberbay_chaliceoftears_signs.tw_lws3_emberbay_chaliceoftears_trail_jump" GUID="eZULYmH7yUy9yYMTbBRbjQ=="/>
		<POI MapID="1175" xpos="-458.971" ypos="263.417" zpos="-84.3978" type="tw_guides.tw_lws3.tw_lws3_emberbay.tw_lws3_emberbay_chaliceoftears.tw_lws3_emberbay_chaliceoftears_signs.tw_lws3_emberbay_chaliceoftears_trail_jump" GUID="ELElljqtpE2l/aDbXeqAyw=="/>
		<POI MapID="1175" xpos="-444.126" ypos="270.346" zpos="-81.7733" type="tw_guides.tw_lws3.tw_lws3_emberbay.tw_lws3_emberbay_chaliceoftears.tw_lws3_emberbay_chaliceoftears_signs.tw_lws3_emberbay_chaliceoftears_trail_jump" GUID="oYx0bDCS+0ikllxvzHQNMQ=="/>
		<POI MapID="1175" xpos="-439.205" ypos="272.253" zpos="-81.5882" type="tw_guides.tw_lws3.tw_lws3_emberbay.tw_lws3_emberbay_chaliceoftears.tw_lws3_emberbay_chaliceoftears_signs.tw_lws3_emberbay_chaliceoftears_trail_jump" GUID="YUmsTRtE0UyCSIO44gaBLg=="/>
		<POI MapID="1175" xpos="-435.275" ypos="275.103" zpos="-81.3892" type="tw_guides.tw_lws3.tw_lws3_emberbay.tw_lws3_emberbay_chaliceoftears.tw_lws3_emberbay_chaliceoftears_signs.tw_lws3_emberbay_chaliceoftears_trail_glide" GUID="0n50KKlVLUqWiBYpGVfxbw=="/>
		<POI MapID="1175" xpos="-413.379" ypos="270.561" zpos="-93.2346" type="tw_guides.tw_lws3.tw_lws3_emberbay.tw_lws3_emberbay_chaliceoftears.tw_lws3_emberbay_chaliceoftears_signs.tw_lws3_emberbay_chaliceoftears_trail_jump" GUID="hVkKGf7ec0iHYasLAXmPSA=="/>
		<POI MapID="1175" xpos="-410.806" ypos="271.548" zpos="-96.7122" type="tw_guides.tw_lws3.tw_lws3_emberbay.tw_lws3_emberbay_chaliceoftears.tw_lws3_emberbay_chaliceoftears_signs.tw_lws3_emberbay_chaliceoftears_trail_jump" GUID="yxtbx8z/KEyjL64VdHPJlQ=="/>
		<POI MapID="1175" xpos="-410.922" ypos="273.091" zpos="-99.2611" type="tw_guides.tw_lws3.tw_lws3_emberbay.tw_lws3_emberbay_chaliceoftears.tw_lws3_emberbay_chaliceoftears_signs.tw_lws3_emberbay_chaliceoftears_trail_jump" GUID="AI9M/H3bq0qUkcRvj/h35g=="/>
		<POI MapID="1175" xpos="-411.511" ypos="273.412" zpos="-103.962" type="tw_guides.tw_lws3.tw_lws3_emberbay.tw_lws3_emberbay_chaliceoftears.tw_lws3_emberbay_chaliceoftears_signs.tw_lws3_emberbay_chaliceoftears_trail_jump" GUID="eB+mgWbMh0GrBg3Gyq+3kQ=="/>
		<POI MapID="1175" xpos="-412.689" ypos="273.878" zpos="-106.715" type="tw_guides.tw_lws3.tw_lws3_emberbay.tw_lws3_emberbay_chaliceoftears.tw_lws3_emberbay_chaliceoftears_signs.tw_lws3_emberbay_chaliceoftears_trail_jump" GUID="6edvJLyLxU2Pw57h1/wiVQ=="/>
		<POI MapID="1175" xpos="-414.111" ypos="274.003" zpos="-108.915" type="tw_guides.tw_lws3.tw_lws3_emberbay.tw_lws3_emberbay_chaliceoftears.tw_lws3_emberbay_chaliceoftears_signs.tw_lws3_emberbay_chaliceoftears_trail_glide" GUID="ZfEjw/S0cUmwlNfBWnyK5A=="/>
		<POI MapID="1175" xpos="-421.909" ypos="273.023" zpos="-121.586" type="tw_guides.tw_lws3.tw_lws3_emberbay.tw_lws3_emberbay_chaliceoftears.tw_lws3_emberbay_chaliceoftears_signs.tw_lws3_emberbay_chaliceoftears_trail_jump" GUID="Hhgwz6aez0mDXBZpfeLghA=="/>
		<POI MapID="1175" xpos="-423.301" ypos="274.553" zpos="-120.462" type="tw_guides.tw_lws3.tw_lws3_emberbay.tw_lws3_emberbay_chaliceoftears.tw_lws3_emberbay_chaliceoftears_signs.tw_lws3_emberbay_chaliceoftears_trail_jump" GUID="uHemQO/mPUyJym+dKow6lg=="/>
		<POI MapID="1175" xpos="-420.238" ypos="278.536" zpos="-112.819" type="tw_guides.tw_lws3.tw_lws3_emberbay.tw_lws3_emberbay_chaliceoftears.tw_lws3_emberbay_chaliceoftears_signs.tw_lws3_emberbay_chaliceoftears_trail_glide" GUID="leSwd+bMx0+9XE8hCMdKCQ=="/>
		<POI MapID="1175" xpos="-430.041" ypos="272.001" zpos="-144.91" type="tw_guides.tw_lws3.tw_lws3_emberbay.tw_lws3_emberbay_chaliceoftears.tw_lws3_emberbay_chaliceoftears_signs.tw_lws3_emberbay_chaliceoftears_trail_jump" GUID="8znBiNz6hEOFceiZFV1m5g=="/>
		<POI MapID="1175" xpos="-426.784" ypos="274.223" zpos="-143.957" type="tw_guides.tw_lws3.tw_lws3_emberbay.tw_lws3_emberbay_chaliceoftears.tw_lws3_emberbay_chaliceoftears_signs.tw_lws3_emberbay_chaliceoftears_trail_jump" GUID="taxLTyGan0W5vkWB7LH06w=="/>
		<POI MapID="1175" xpos="-423.474" ypos="279.723" zpos="-139.291" type="tw_guides.tw_lws3.tw_lws3_emberbay.tw_lws3_emberbay_chaliceoftears.tw_lws3_emberbay_chaliceoftears_signs.tw_lws3_emberbay_chaliceoftears_trail_jump" GUID="BeqKMFgVrUywaDT4/1vBKg=="/>
		<POI MapID="1175" xpos="-422.416" ypos="282.001" zpos="-137.908" type="tw_guides.tw_lws3.tw_lws3_emberbay.tw_lws3_emberbay_chaliceoftears.tw_lws3_emberbay_chaliceoftears_signs.tw_lws3_emberbay_chaliceoftears_trail_jump" GUID="t0N7xvBD/E6fb32qciIZcg=="/>
		<POI MapID="1175" xpos="-416.054" ypos="288.908" zpos="-131.594" type="tw_guides.tw_lws3.tw_lws3_emberbay.tw_lws3_emberbay_chaliceoftears.tw_lws3_emberbay_chaliceoftears_signs.tw_lws3_emberbay_chaliceoftears_trail_jump" GUID="oG1KN5e7qEaXH084g26UVA=="/>
		<POI MapID="1175" xpos="-415.218" ypos="290.514" zpos="-130.705" type="tw_guides.tw_lws3.tw_lws3_emberbay.tw_lws3_emberbay_chaliceoftears.tw_lws3_emberbay_chaliceoftears_signs.tw_lws3_emberbay_chaliceoftears_trail_jump" GUID="4HUsWgYlWkSoifPrzCHDSQ=="/>
		<POI MapID="1175" xpos="-412.911" ypos="290.568" zpos="-129.079" type="tw_guides.tw_lws3.tw_lws3_emberbay.tw_lws3_emberbay_chaliceoftears.tw_lws3_emberbay_chaliceoftears_signs.tw_lws3_emberbay_chaliceoftears_trail_jump" GUID="52Jt0LeN+UGhUYREPwZVDg=="/>
		<POI MapID="1175" xpos="-413.273" ypos="293.312" zpos="-124.676" type="tw_guides.tw_lws3.tw_lws3_emberbay.tw_lws3_emberbay_chaliceoftears.tw_lws3_emberbay_chaliceoftears_signs.tw_lws3_emberbay_chaliceoftears_trail_jump" GUID="8UYlDcyZIEy2xDT70rkpVw=="/>
		<POI MapID="1175" xpos="-415.348" ypos="294.467" zpos="-123.85" type="tw_guides.tw_lws3.tw_lws3_emberbay.tw_lws3_emberbay_chaliceoftears.tw_lws3_emberbay_chaliceoftears_signs.tw_lws3_emberbay_chaliceoftears_trail_jump" GUID="SN3yJb59mkCTDvdYnW4rww=="/>
		<POI MapID="1175" xpos="-417.952" ypos="295.812" zpos="-126.534" type="tw_guides.tw_lws3.tw_lws3_emberbay.tw_lws3_emberbay_chaliceoftears.tw_lws3_emberbay_chaliceoftears_signs.tw_lws3_emberbay_chaliceoftears_trail_jump" GUID="EXJGnS/ejEiVFpY4McnkKQ=="/>
		<POI MapID="1175" xpos="-416.722" ypos="297.38" zpos="-126.169" type="tw_guides.tw_lws3.tw_lws3_emberbay.tw_lws3_emberbay_chaliceoftears.tw_lws3_emberbay_chaliceoftears_signs.tw_lws3_emberbay_chaliceoftears_trail_jump" GUID="ORAtzukyX0GOWJMjRqmcsA=="/>
		<POI MapID="1175" xpos="-413.757" ypos="300.48" zpos="-125.984" type="tw_guides.tw_lws3.tw_lws3_emberbay.tw_lws3_emberbay_chaliceoftears.tw_lws3_emberbay_chaliceoftears_signs.tw_lws3_emberbay_chaliceoftears_trail_glide" GUID="UuK0YMIZrUCyWm2btftc1A=="/>
		<POI MapID="1175" xpos="-533.476" ypos="258.462" zpos="-215.673" type="tw_guides.tw_lws3.tw_lws3_emberbay.tw_lws3_emberbay_chaliceoftears.tw_lws3_emberbay_chaliceoftears_signs.tw_lws3_emberbay_chaliceoftears_trail_glide" GUID="2IOoEemKq0m4MCvWAm3lCw=="/>
		<POI MapID="1175" xpos="-537.823" ypos="259.227" zpos="-216.031" type="tw_guides.tw_lws3.tw_lws3_emberbay.tw_lws3_emberbay_chaliceoftears.tw_lws3_emberbay_chaliceoftears_signs.tw_lws3_emberbay_chaliceoftears_trail_jump" GUID="nLO2+509v06S7lRiZ1wh/w=="/>
		<POI MapID="1175" xpos="-539.338" ypos="259.292" zpos="-217.694" type="tw_guides.tw_lws3.tw_lws3_emberbay.tw_lws3_emberbay_chaliceoftears.tw_lws3_emberbay_chaliceoftears_signs.tw_lws3_emberbay_chaliceoftears_trail_jump" GUID="qouZkodK7EOeL05EYq/myg=="/>
		<POI MapID="1175" xpos="-539.402" ypos="261.479" zpos="-216.153" type="tw_guides.tw_lws3.tw_lws3_emberbay.tw_lws3_emberbay_chaliceoftears.tw_lws3_emberbay_chaliceoftears_signs.tw_lws3_emberbay_chaliceoftears_trail_jump" GUID="cMq4duzVl0GWswVrShUbMg=="/>
		<POI MapID="1175" xpos="-538.257" ypos="262.627" zpos="-218.421" type="tw_guides.tw_lws3.tw_lws3_emberbay.tw_lws3_emberbay_chaliceoftears.tw_lws3_emberbay_chaliceoftears_signs.tw_lws3_emberbay_chaliceoftears_trail_jump" GUID="LPncjwq79UyEvfbvu+LB3Q=="/>
		<POI MapID="1175" xpos="-535.625" ypos="264.118" zpos="-218.331" type="tw_guides.tw_lws3.tw_lws3_emberbay.tw_lws3_emberbay_chaliceoftears.tw_lws3_emberbay_chaliceoftears_signs.tw_lws3_emberbay_chaliceoftears_trail_jump" GUID="pAzLeH9PNEGbCvreP86RTg=="/>
		<POI MapID="1175" xpos="-538.214" ypos="266.627" zpos="-227.315" type="tw_guides.tw_lws3.tw_lws3_emberbay.tw_lws3_emberbay_chaliceoftears.tw_lws3_emberbay_chaliceoftears_signs.tw_lws3_emberbay_chaliceoftears_trail_jump" GUID="JRHFN2JwOESP9AwcnU0Asw=="/>
		<POI MapID="1175" xpos="-537.962" ypos="268.375" zpos="-228.671" type="tw_guides.tw_lws3.tw_lws3_emberbay.tw_lws3_emberbay_chaliceoftears.tw_lws3_emberbay_chaliceoftears_signs.tw_lws3_emberbay_chaliceoftears_trail_jump" GUID="7OV0sgI2y0Sv6QVZ87vNJw=="/>
		<POI MapID="1175" xpos="-539.723" ypos="273.109" zpos="-240.918" type="tw_guides.tw_lws3.tw_lws3_emberbay.tw_lws3_emberbay_chaliceoftears.tw_lws3_emberbay_chaliceoftears_signs.tw_lws3_emberbay_chaliceoftears_trail_jump" GUID="MPsGSxUuhU+Jc2K3kyiDCw=="/>
		<POI MapID="1175" xpos="-540.01" ypos="275.027" zpos="-242.395" type="tw_guides.tw_lws3.tw_lws3_emberbay.tw_lws3_emberbay_chaliceoftears.tw_lws3_emberbay_chaliceoftears_signs.tw_lws3_emberbay_chaliceoftears_trail_jump" GUID="iJVyeKCf6UOWOhfhsPcyJQ=="/>
		<POI MapID="1175" xpos="-534.353" ypos="265.622" zpos="-216.466" type="tw_guides.tw_lws3.tw_lws3_emberbay.tw_lws3_emberbay_chaliceoftears.tw_lws3_emberbay_chaliceoftears_signs.tw_lws3_emberbay_chaliceoftears_trail_jump" GUID="McsZMCCgkEWpPE/oFhYuxQ=="/>
		<POI MapID="1175" xpos="-532.548" ypos="281.678" zpos="-228.34" type="tw_guides.tw_lws3.tw_lws3_emberbay.tw_lws3_emberbay_chaliceoftears.tw_lws3_emberbay_chaliceoftears_signs.tw_lws3_emberbay_chaliceoftears_trail_jump" GUID="GpK6+nrKWE+2/0Q6ATyKfQ=="/>
		<POI MapID="1175" xpos="-532.489" ypos="283.219" zpos="-227.045" type="tw_guides.tw_lws3.tw_lws3_emberbay.tw_lws3_emberbay_chaliceoftears.tw_lws3_emberbay_chaliceoftears_signs.tw_lws3_emberbay_chaliceoftears_trail_jump" GUID="cRYJzpc/a0+hohwh3b7gdw=="/>
		<POI MapID="1175" xpos="-532.042" ypos="283.256" zpos="-224.868" type="tw_guides.tw_lws3.tw_lws3_emberbay.tw_lws3_emberbay_chaliceoftears.tw_lws3_emberbay_chaliceoftears_signs.tw_lws3_emberbay_chaliceoftears_trail_jump" GUID="Qb0ZWalohkubetGKnHkqqA=="/>
		<POI MapID="1175" xpos="-531.284" ypos="283.782" zpos="-219.812" type="tw_guides.tw_lws3.tw_lws3_emberbay.tw_lws3_emberbay_chaliceoftears.tw_lws3_emberbay_chaliceoftears_signs.tw_lws3_emberbay_chaliceoftears_trail_jump" GUID="AGCQLwuYskqCuZvnhuzbiA=="/>
		<POI MapID="1175" xpos="-532.59" ypos="285.225" zpos="-218.882" type="tw_guides.tw_lws3.tw_lws3_emberbay.tw_lws3_emberbay_chaliceoftears.tw_lws3_emberbay_chaliceoftears_signs.tw_lws3_emberbay_chaliceoftears_trail_jump" GUID="C2cK8J1iwUuk0En3qKz9Ag=="/>
		<POI MapID="1175" xpos="-537.805" ypos="295.102" zpos="-239.277" type="tw_guides.tw_lws3.tw_lws3_emberbay.tw_lws3_emberbay_chaliceoftears.tw_lws3_emberbay_chaliceoftears_signs.tw_lws3_emberbay_chaliceoftears_trail_jump" GUID="BCt27oInr0a+MSiXcH/kjA=="/>
		<POI MapID="1175" xpos="-537.38" ypos="293.814" zpos="-237.293" type="tw_guides.tw_lws3.tw_lws3_emberbay.tw_lws3_emberbay_chaliceoftears.tw_lws3_emberbay_chaliceoftears_signs.tw_lws3_emberbay_chaliceoftears_trail_jump" GUID="tHHAcoyQGUSCQ170xat5Xg=="/>
		<POI MapID="1175" xpos="-561.582" ypos="116.906" zpos="15.1641" type="tw_guides.tw_lws3.tw_lws3_emberbay.tw_lws3_emberbay_chaliceoftears.tw_lws3_emberbay_chaliceoftears_signs.tw_lws3_emberbay_chaliceoftears_trail_jump" GUID="jrLO+FgCiky/TOP+biqLcg=="/>
		<POI MapID="1175" xpos="-553.274" ypos="124.511" zpos="0.059529" type="tw_guides.tw_lws3.tw_lws3_emberbay.tw_lws3_emberbay_chaliceoftears.tw_lws3_emberbay_chaliceoftears_signs.tw_lws3_emberbay_chaliceoftears_trail_jump" GUID="h7BvWizEhU+JPx9JiEcF2Q=="/>
		<POI MapID="1175" xpos="-591.005" ypos="150.045" zpos="50.7752" type="tw_guides.tw_lws3.tw_lws3_emberbay.tw_lws3_emberbay_chaliceoftears.tw_lws3_emberbay_chaliceoftears_signs.tw_lws3_emberbay_chaliceoftears_trail_glide" GUID="ajnyr1Zd40m4/V5dd1m6xg=="/>
		<POI MapID="1175" xpos="-550.502" ypos="135.859" zpos="-21.9124" type="tw_guides.tw_lws3.tw_lws3_emberbay.tw_lws3_emberbay_chaliceoftears.tw_lws3_emberbay_chaliceoftears_signs.tw_lws3_emberbay_chaliceoftears_trail_jump" GUID="EoD/HjtMVEuUzCTcWCFv3A=="/>
		<POI MapID="1175" xpos="-548.598" ypos="136.883" zpos="-27.9968" type="tw_guides.tw_lws3.tw_lws3_emberbay.tw_lws3_emberbay_chaliceoftears.tw_lws3_emberbay_chaliceoftears_signs.tw_lws3_emberbay_chaliceoftears_trail_jump" GUID="OWepUeD4+EWbFEDOCUDwww=="/>
		<POI MapID="1175" xpos="-548.487" ypos="137.258" zpos="-31.9999" type="tw_guides.tw_lws3.tw_lws3_emberbay.tw_lws3_emberbay_chaliceoftears.tw_lws3_emberbay_chaliceoftears_signs.tw_lws3_emberbay_chaliceoftears_trail_jump" GUID="+ZYkk/nzSkacHlqmuBdoDw=="/>
		<POI MapID="1175" xpos="-548.364" ypos="137.696" zpos="-38.3389" type="tw_guides.tw_lws3.tw_lws3_emberbay.tw_lws3_emberbay_chaliceoftears.tw_lws3_emberbay_chaliceoftears_signs.tw_lws3_emberbay_chaliceoftears_trail_jump" GUID="jSyizUcCkUyH/7Cki19tag=="/>
		<POI MapID="1175" xpos="-553.043" ypos="140.637" zpos="-45.8022" type="tw_guides.tw_lws3.tw_lws3_emberbay.tw_lws3_emberbay_chaliceoftears.tw_lws3_emberbay_chaliceoftears_signs.tw_lws3_emberbay_chaliceoftears_trail_jump" GUID="80eah6pVMUmZo+wAFPjfsQ=="/>
		<POI MapID="1175" xpos="-554.08" ypos="141.393" zpos="-49.5279" type="tw_guides.tw_lws3.tw_lws3_emberbay.tw_lws3_emberbay_chaliceoftears.tw_lws3_emberbay_chaliceoftears_signs.tw_lws3_emberbay_chaliceoftears_trail_glide" GUID="kI8+bJLucEalOdjT6a3HdQ=="/>
		<POI MapID="1175" xpos="-564.75" ypos="138.207" zpos="-101.016" type="tw_guides.tw_lws3.tw_lws3_emberbay.tw_lws3_emberbay_chaliceoftears.tw_lws3_emberbay_chaliceoftears_signs.tw_lws3_emberbay_chaliceoftears_trail_glide" GUID="zCgdqnuTbkqb8d2jm/HQnw=="/>
		<POI MapID="1175" xpos="-556.324" ypos="138.04" zpos="-116.135" type="tw_guides.tw_lws3.tw_lws3_emberbay.tw_lws3_emberbay_chaliceoftears.tw_lws3_emberbay_chaliceoftears_signs.tw_lws3_emberbay_chaliceoftears_trail_jump" GUID="OQOCH4MILEGY2jUsDnHtXA=="/>
		<POI MapID="1175" xpos="-551.318" ypos="138.946" zpos="-117.97" type="tw_guides.tw_lws3.tw_lws3_emberbay.tw_lws3_emberbay_chaliceoftears.tw_lws3_emberbay_chaliceoftears_signs.tw_lws3_emberbay_chaliceoftears_trail_jump" GUID="dXDUbJYOMEyygeWmNVlSWw=="/>
		<POI MapID="1175" xpos="-549.886" ypos="139.096" zpos="-119.614" type="tw_guides.tw_lws3.tw_lws3_emberbay.tw_lws3_emberbay_chaliceoftears.tw_lws3_emberbay_chaliceoftears_signs.tw_lws3_emberbay_chaliceoftears_trail_jump" GUID="SgjC0RLDVEa5u3JQdWgulQ=="/>
		<POI MapID="1175" xpos="-537.519" ypos="153.106" zpos="-142.738" type="tw_guides.tw_lws3.tw_lws3_emberbay.tw_lws3_emberbay_chaliceoftears.tw_lws3_emberbay_chaliceoftears_signs.tw_lws3_emberbay_chaliceoftears_trail_glide" GUID="5aHPiBXp2EeF4dXVd2lXpw=="/>
		<POI MapID="1175" xpos="-556.179" ypos="165.707" zpos="-117.095" type="tw_guides.tw_lws3.tw_lws3_emberbay.tw_lws3_emberbay_chaliceoftears.tw_lws3_emberbay_chaliceoftears_signs.tw_lws3_emberbay_chaliceoftears_trail_glide" GUID="fCyUqMZhMEqVUquUmdByHw=="/>
		<POI MapID="1175" xpos="-521.838" ypos="158.186" zpos="-124.927" type="tw_guides.tw_lws3.tw_lws3_emberbay.tw_lws3_emberbay_chaliceoftears.tw_lws3_emberbay_chaliceoftears_signs.tw_lws3_emberbay_chaliceoftears_trail_jump" GUID="sow86KcJDEO6zaPUt7UTCA=="/>
		<POI MapID="1175" xpos="-521.578" ypos="173.441" zpos="-151.758" type="tw_guides.tw_lws3.tw_lws3_emberbay.tw_lws3_emberbay_chaliceoftears.tw_lws3_emberbay_chaliceoftears_signs.tw_lws3_emberbay_chaliceoftears_trail_glide" GUID="mOyMg4aJqke42Olnx0+W6A=="/>
		<POI MapID="1175" xpos="-509.196" ypos="172.795" zpos="-149.052" type="tw_guides.tw_lws3.tw_lws3_emberbay.tw_lws3_emberbay_chaliceoftears.tw_lws3_emberbay_chaliceoftears_signs.tw_lws3_emberbay_chaliceoftears_trail_jump" GUID="OQNsTUCRjEeEJgcRwvaklg=="/>
		<POI MapID="1175" xpos="-482.598" ypos="196.17" zpos="-154.298" type="tw_guides.tw_lws3.tw_lws3_emberbay.tw_lws3_emberbay_chaliceoftears.tw_lws3_emberbay_chaliceoftears_signs.tw_lws3_emberbay_chaliceoftears_trail_glide" GUID="18lX9qvLIEafXPwxewJCGw=="/>
		<POI MapID="1175" xpos="-458.824" ypos="180.246" zpos="-72.3007" type="tw_guides.tw_lws3.tw_lws3_emberbay.tw_lws3_emberbay_chaliceoftears.tw_lws3_emberbay_chaliceoftears_signs.tw_lws3_emberbay_chaliceoftears_trail_jump" GUID="UuDyk6RshE2d3Eg+4kfI1A=="/>
		<POI MapID="1175" xpos="-528.533" ypos="207.865" zpos="-42.5506" type="tw_guides.tw_lws3.tw_lws3_emberbay.tw_lws3_emberbay_chaliceoftears.tw_lws3_emberbay_chaliceoftears_signs.tw_lws3_emberbay_chaliceoftears_trail_glide" GUID="tG07zJ3I2km5pCyqBbOByw=="/>
		<POI MapID="1175" xpos="-510.384" ypos="188.72" zpos="-115.579" type="tw_guides.tw_lws3.tw_lws3_emberbay.tw_lws3_emberbay_chaliceoftears.tw_lws3_emberbay_chaliceoftears_signs.tw_lws3_emberbay_chaliceoftears_trail_jump" GUID="axyF4cmCY0WhQiQUkj7wGg=="/>
		<POI MapID="1175" xpos="-510.24" ypos="206.063" zpos="-148.992" type="tw_guides.tw_lws3.tw_lws3_emberbay.tw_lws3_emberbay_chaliceoftears.tw_lws3_emberbay_chaliceoftears_signs.tw_lws3_emberbay_chaliceoftears_trail_glide" GUID="Oi4l2l1gcESbMFW/QNeMbQ=="/>
		<POI MapID="1175" xpos="-508.837" ypos="215.051" zpos="-187.864" type="tw_guides.tw_lws3.tw_lws3_emberbay.tw_lws3_emberbay_chaliceoftears.tw_lws3_emberbay_chaliceoftears_signs.tw_lws3_emberbay_chaliceoftears_trail_jump" GUID="j6lhRZHtV0+OfAUHaRFZSg=="/>
		<POI MapID="1175" xpos="-504.28" ypos="218.632" zpos="-179.663" type="tw_guides.tw_lws3.tw_lws3_emberbay.tw_lws3_emberbay_chaliceoftears.tw_lws3_emberbay_chaliceoftears_signs.tw_lws3_emberbay_chaliceoftears_trail_glide" GUID="AIrAkPoqX0KEinedTIa34g=="/>
		<POI MapID="1175" xpos="-503.616" ypos="218.38" zpos="-171.355" type="tw_guides.tw_lws3.tw_lws3_emberbay.tw_lws3_emberbay_chaliceoftears.tw_lws3_emberbay_chaliceoftears_signs.tw_lws3_emberbay_chaliceoftears_trail_jump" GUID="6ceibZRLB06CGmXYVkKNfA=="/>
		<POI MapID="1175" xpos="-477.779" ypos="206.542" zpos="-107.812" type="tw_guides.tw_lws3.tw_lws3_emberbay.tw_lws3_emberbay_chaliceoftears.tw_lws3_emberbay_chaliceoftears_signs.tw_lws3_emberbay_chaliceoftears_trail_glide" GUID="1wV1fuA/HUOGbtclckhE2w=="/>
		<POI MapID="1175" xpos="-443.208" ypos="240.484" zpos="-71.9259" type="tw_guides.tw_lws3.tw_lws3_emberbay.tw_lws3_emberbay_chaliceoftears.tw_lws3_emberbay_chaliceoftears_signs.tw_lws3_emberbay_chaliceoftears_trail_jump" GUID="gDMkIIAWukegiVqEzgB1PQ=="/>
		<POI MapID="1175" xpos="-454.99" ypos="261.771" zpos="-57.4722" type="tw_guides.tw_lws3.tw_lws3_emberbay.tw_lws3_emberbay_chaliceoftears.tw_lws3_emberbay_chaliceoftears_signs.tw_lws3_emberbay_chaliceoftears_trail_glide" GUID="jqlgZgw60EGjcJlRYfmfzw=="/>
		<POI MapID="1175" xpos="-413.04" ypos="292.697" zpos="-128.031" type="tw_guides.tw_lws3.tw_lws3_emberbay.tw_lws3_emberbay_chaliceoftears.tw_lws3_emberbay_chaliceoftears_signs.tw_lws3_emberbay_chaliceoftears_trail_jump" GUID="g96sdfDW+Ei3Awov8vEx3w=="/>
		<POI MapID="1175" xpos="-535.588" ypos="256.594" zpos="-214.638" type="tw_guides.tw_lws3.tw_lws3_emberbay.tw_lws3_emberbay_chaliceoftears.tw_lws3_emberbay_chaliceoftears_signs.tw_lws3_emberbay_chaliceoftears_trail_jump" GUID="yLCzgb3wIkKo4aqXk5AzDg=="/>
		<POI MapID="1175" xpos="-537.095" ypos="274.985" zpos="-242.811" type="tw_guides.tw_lws3.tw_lws3_emberbay.tw_lws3_emberbay_chaliceoftears.tw_lws3_emberbay_chaliceoftears_signs.tw_lws3_emberbay_chaliceoftears_trail_jump" GUID="pp2YZYyAc0mcqMTZuYCErA=="/>
		<POI MapID="1175" xpos="-535.928" ypos="276.483" zpos="-239.008" type="tw_guides.tw_lws3.tw_lws3_emberbay.tw_lws3_emberbay_chaliceoftears.tw_lws3_emberbay_chaliceoftears_signs.tw_lws3_emberbay_chaliceoftears_trail_jump" GUID="hMa6NqW+JkmFaMvgm2iyBg=="/>
		<POI MapID="1175" xpos="-632.764" ypos="137.477" zpos="57.295" type="tw_guides.tw_lws3.tw_lws3_emberbay.tw_lws3_emberbay_chaliceoftears.tw_lws3_emberbay_chaliceoftears_signs.tw_lws3_emberbay_chaliceoftears_startsign" GUID="ssRqMkc74kWxnnywqWBnyg=="/>
		<POI MapID="1175" xpos="-596.533" ypos="147.616" zpos="46.6092" type="tw_guides.tw_lws3.tw_lws3_emberbay.tw_lws3_emberbay_chaliceoftears.tw_lws3_emberbay_chaliceoftears_signs.tw_lws3_emberbay_chaliceoftears_trail_jump" GUID="jk9d06o+OUK6e1KgTg05Xg=="/>
		<POI MapID="1175" xpos="-547.451" ypos="135.505" zpos="64.1316" type="tw_guides.tw_lws3.tw_lws3_emberbay.tw_lws3_emberbay_chaliceoftears.tw_lws3_emberbay_chaliceoftears_signs.tw_lws3_emberbay_chaliceoftears_trail_jump" GUID="iYbiVJQOu0uGB/QHGmQXAQ=="/>
		<POI MapID="1175" xpos="-553.105" ypos="129.956" zpos="36.1453" type="tw_guides.tw_lws3.tw_lws3_emberbay.tw_lws3_emberbay_chaliceoftears.tw_lws3_emberbay_chaliceoftears_signs.tw_lws3_emberbay_chaliceoftears_trail_jump" GUID="91axLFssrkK71IbQAQhtCA=="/>
		<POI MapID="1175" xpos="-550.442" ypos="132.006" zpos="42.7423" type="tw_guides.tw_lws3.tw_lws3_emberbay.tw_lws3_emberbay_chaliceoftears.tw_lws3_emberbay_chaliceoftears_signs.tw_lws3_emberbay_chaliceoftears_trail_jump" GUID="2OH0k5xecUupru05UtLFyw=="/>
		<POI MapID="1175" xpos="-554.367" ypos="127.16" zpos="32.2047" type="tw_guides.tw_lws3.tw_lws3_emberbay.tw_lws3_emberbay_chaliceoftears.tw_lws3_emberbay_chaliceoftears_signs.tw_lws3_emberbay_chaliceoftears_trail_jump" GUID="t16X9ehb/0uk5mhG9kcQUQ=="/>
		<POI MapID="1175" xpos="-555.718" ypos="120.468" zpos="25.4381" type="tw_guides.tw_lws3.tw_lws3_emberbay.tw_lws3_emberbay_chaliceoftears.tw_lws3_emberbay_chaliceoftears_signs.tw_lws3_emberbay_chaliceoftears_trail_glide" GUID="hsOq4iJ6lkagjFNsmwssiA=="/>
		<POI MapID="1175" xpos="-555.052" ypos="120.935" zpos="26.8172" type="tw_guides.tw_lws3.tw_lws3_emberbay.tw_lws3_emberbay_chaliceoftears.tw_lws3_emberbay_chaliceoftears_signs.tw_lws3_emberbay_chaliceoftears_trail_jump" GUID="gEK4z1WNUEethQv6l3ZtnA=="/>
		<POI MapID="1175" xpos="-555.147" ypos="122.824" zpos="-1.12925" type="tw_guides.tw_lws3.tw_lws3_emberbay.tw_lws3_emberbay_chaliceoftears.tw_lws3_emberbay_chaliceoftears_signs.tw_lws3_emberbay_chaliceoftears_trail_jump" GUID="iQYi79MUTUKeKnNltuijOg=="/>
		<POI MapID="1175" xpos="-548.519" ypos="131.07" zpos="-3.94428" type="tw_guides.tw_lws3.tw_lws3_emberbay.tw_lws3_emberbay_chaliceoftears.tw_lws3_emberbay_chaliceoftears_signs.tw_lws3_emberbay_chaliceoftears_trail_jump" GUID="du6SXZL+KUC3evBCH9yVLA=="/>
		<POI MapID="1175" xpos="-546.371" ypos="131.712" zpos="-6.8621" type="tw_guides.tw_lws3.tw_lws3_emberbay.tw_lws3_emberbay_chaliceoftears.tw_lws3_emberbay_chaliceoftears_signs.tw_lws3_emberbay_chaliceoftears_trail_jump" GUID="yDryZi8Pi02eULHtIv22jw=="/>
		<POI MapID="1175" xpos="-545.017" ypos="132.424" zpos="-10.5786" type="tw_guides.tw_lws3.tw_lws3_emberbay.tw_lws3_emberbay_chaliceoftears.tw_lws3_emberbay_chaliceoftears_signs.tw_lws3_emberbay_chaliceoftears_trail_jump" GUID="aUhx0DDLy02GiJwZF2nTCg=="/>
		<POI MapID="1175" xpos="-548.922" ypos="139.597" zpos="-41.0717" type="tw_guides.tw_lws3.tw_lws3_emberbay.tw_lws3_emberbay_chaliceoftears.tw_lws3_emberbay_chaliceoftears_signs.tw_lws3_emberbay_chaliceoftears_trail_glide" GUID="eowHyCgVn0Gwc9Ci1sD0wA=="/>
		<POI MapID="1175" xpos="-557.854" ypos="137.034" zpos="-72.1405" type="tw_guides.tw_lws3.tw_lws3_emberbay.tw_lws3_emberbay_chaliceoftears.tw_lws3_emberbay_chaliceoftears_signs.tw_lws3_emberbay_chaliceoftears_trail_jump" GUID="aapA2pBBJ0uXJYNBNj/CaQ=="/>
		<POI MapID="1175" xpos="-561.307" ypos="136.838" zpos="-87.9884" type="tw_guides.tw_lws3.tw_lws3_emberbay.tw_lws3_emberbay_chaliceoftears.tw_lws3_emberbay_chaliceoftears_signs.tw_lws3_emberbay_chaliceoftears_trail_jump" GUID="wCE8CIZ7kUqyGWzlpr/Swg=="/>
		<POI MapID="1175" xpos="-564.346" ypos="137.634" zpos="-98.0082" type="tw_guides.tw_lws3.tw_lws3_emberbay.tw_lws3_emberbay_chaliceoftears.tw_lws3_emberbay_chaliceoftears_signs.tw_lws3_emberbay_chaliceoftears_trail_jump" GUID="iD2pqSYSbk+TprU/xyvDQQ=="/>
		<POI MapID="1175" xpos="-562.268" ypos="137.705" zpos="-91.8714" type="tw_guides.tw_lws3.tw_lws3_emberbay.tw_lws3_emberbay_chaliceoftears.tw_lws3_emberbay_chaliceoftears_signs.tw_lws3_emberbay_chaliceoftears_trail_glide" GUID="oWSlwbz3xkmtNdKxfgEvww=="/>
		<POI MapID="1175" xpos="-561.86" ypos="138.046" zpos="-90.6483" type="tw_guides.tw_lws3.tw_lws3_emberbay.tw_lws3_emberbay_chaliceoftears.tw_lws3_emberbay_chaliceoftears_signs.tw_lws3_emberbay_chaliceoftears_trail_jump" GUID="NqZzOZ5h+kSCmFUKMgPCJA=="/>
		<POI MapID="1175" xpos="-547.3" ypos="138.549" zpos="-121.934" type="tw_guides.tw_lws3.tw_lws3_emberbay.tw_lws3_emberbay_chaliceoftears.tw_lws3_emberbay_chaliceoftears_signs.tw_lws3_emberbay_chaliceoftears_trail_jump" GUID="tW4Vg0ZdP0O0OIl3jhQWEQ=="/>
		<POI MapID="1175" xpos="-543.021" ypos="139.185" zpos="-124.79" type="tw_guides.tw_lws3.tw_lws3_emberbay.tw_lws3_emberbay_chaliceoftears.tw_lws3_emberbay_chaliceoftears_signs.tw_lws3_emberbay_chaliceoftears_trail_jump" GUID="CxIwzZ3RFk28BPdL4QjdwQ=="/>
		<POI MapID="1175" xpos="-547.565" ypos="157.045" zpos="-115.029" type="tw_guides.tw_lws3.tw_lws3_emberbay.tw_lws3_emberbay_chaliceoftears.tw_lws3_emberbay_chaliceoftears_signs.tw_lws3_emberbay_chaliceoftears_trail_jump" GUID="LWP/L8D30kGeE1/cKDvBzw=="/>
		<POI MapID="1175" xpos="-465.238" ypos="176.05" zpos="-80.4539" type="tw_guides.tw_lws3.tw_lws3_emberbay.tw_lws3_emberbay_chaliceoftears.tw_lws3_emberbay_chaliceoftears_signs.tw_lws3_emberbay_chaliceoftears_trail_jump" GUID="LHR92EAFXkO5B7F0zcKO6A=="/>
		<POI MapID="1175" xpos="-495.551" ypos="191.041" zpos="-166.914" type="tw_guides.tw_lws3.tw_lws3_emberbay.tw_lws3_emberbay_chaliceoftears.tw_lws3_emberbay_chaliceoftears_signs.tw_lws3_emberbay_chaliceoftears_trail_jump" GUID="GJcgYQ3h/UiJENk/HPB29g=="/>
		<POI MapID="1175" xpos="-494.744" ypos="191.962" zpos="-163.869" type="tw_guides.tw_lws3.tw_lws3_emberbay.tw_lws3_emberbay_chaliceoftears.tw_lws3_emberbay_chaliceoftears_signs.tw_lws3_emberbay_chaliceoftears_trail_jump" GUID="KiDahnlLoEuPasDXG9pjAQ=="/>
		<POI MapID="1175" xpos="-461.017" ypos="203.329" zpos="-91.6235" type="tw_guides.tw_lws3.tw_lws3_emberbay.tw_lws3_emberbay_chaliceoftears.tw_lws3_emberbay_chaliceoftears_signs.tw_lws3_emberbay_chaliceoftears_trail_jump" GUID="7yhKjo62fEuS5Ij00m04vQ=="/>
		<POI MapID="1175" xpos="-451.174" ypos="250.097" zpos="-98.6424" type="tw_guides.tw_lws3.tw_lws3_emberbay.tw_lws3_emberbay_chaliceoftears.tw_lws3_emberbay_chaliceoftears_signs.tw_lws3_emberbay_chaliceoftears_trail_jump" GUID="GdYnuHrebU2wqtg6+ZUrbg=="/>
		<POI MapID="1175" xpos="-535.448" ypos="266.678" zpos="-217.189" type="tw_guides.tw_lws3.tw_lws3_emberbay.tw_lws3_emberbay_chaliceoftears.tw_lws3_emberbay_chaliceoftears_signs.tw_lws3_emberbay_chaliceoftears_trail_glide" GUID="0rn51+lshUCDSUnTH4uAtg=="/>
		<POI MapID="1175" xpos="-538.737" ypos="295.357" zpos="-242.228" type="tw_guides.tw_lws3.tw_lws3_emberbay.tw_lws3_emberbay_chaliceoftears.tw_lws3_emberbay_chaliceoftears_signs.tw_lws3_emberbay_chaliceoftears_finish" GUID="jE0fVJltZ0W4DvcdiKPV6A=="/>
		<POI MapID="1175" xpos="-809.711" ypos="32.1064" zpos="107.387" type="tw_guides.tw_lws3.tw_lws3_emberbay.tw_lws3_emberbay_petrifiedstumps.tw_lws3_emberbay_petrifiedstumps_signs.tw_lws3_emberbay_petrifiedstumps_finish" GUID="v1eT/kbKvUGpIYVfmpYjMw==" iconFile="Data/TekkitsWorkshop/General/tw_trail_finish_w.png" iconSize="1.2" fadeNear="5000" fadeFar="5100" heightOffset="2.5" minSize="50"/>
		<POI MapID="1175" xpos="-647.264" ypos="138.284" zpos="-165.733" type="tw_guides.tw_lws3.tw_lws3_emberbay.tw_lws3_emberbay_skrittstashes.tw_lws3_emberbay_skrittstashes_signs.tw_lws3_emberbay_skrittstashes_finish" GUID="BGcyJCb2cUOgpjQM0e5OGg=="/>
    <Trail type="tw_guides.tw_lws3.tw_lws3_emberbay.tw_lws3_emberbay_petrifiedstumps.tw_lws3_emberbay_petrifiedstumps_toggletrail" GUID="vpCoXJ8bOki+Jg5Ba/hTYQ==" fadeNear="5000" fadeFar="5100" trailData="Data/TekkitsWorkshop/LWS3/EmberBay/tw_lws3_emberbay_petrifiedstumps.trl" animSpeed="0" texture="Data/TekkitsWorkshop/General/tw_trail_r.png"/>
		<Trail type="tw_guides.tw_lws3.tw_lws3_emberbay.tw_lws3_emberbay_skrittstashes.tw_lws3_emberbay_skrittstashes_toggletrail" GUID="QW46Hp0HPkCkhziNbRNWXQ==" fadeNear="5000" fadeFar="5100" trailData="Data/TekkitsWorkshop/LWS3/EmberBay/tw_lws3_emberbay_skrittstashes.trl" animSpeed="0" texture="Data/TekkitsWorkshop/General/tw_trail_b.png"/>
		<Trail type="tw_guides.tw_lws3.tw_lws3_emberbay.tw_lws3_emberbay_chaliceoftears" GUID="kHog4ufhMU2hJEFZrXt7jQ==" fadeNear="5000" fadeFar="5100" trailData="Data/TekkitsWorkshop/LWS3/EmberBay/tw_chaliceoftears.trl" animSpeed="0" texture="Data/TekkitsWorkshop/General/tw_trail_jp.png"/>
	</POIs>
</OverlayData>
