<OverlayData>
	<MarkerCategory name="tw_guides" DisplayName="Tekkit's Guides">
		<MarkerCategory name="tw_lws4" DisplayName="Season 4">
			<MarkerCategory name="tw_lws4_thunderheadpeaks" DisplayName="Thunderhead Peaks">
				<MarkerCategory name="separatortp1" IsSeparator="1" DisplayName="&lt;-----[FARMING]-----&gt;"/>
				<MarkerCategory name="tw_lws4_thunderheadpeaks_dwarvenchests" DisplayName="Dwarven Chests">
					<MarkerCategory name="tw_lws4_thunderheadpeaks_dwarvenchests_dwarvenchest" DisplayName="Dwarven Chest" mapDisplaySize="30" iconFile="Data/TekkitsWorkshop/LWS4/ThunderheadPeaks/tw_lws4_thunderheadpeaks_dwarvenchests_dwarvenchest.png" iconSize="0.7" fadeNear="5000" fadeFar="5100" heightOffset="1.5" minSize="10"/>
					<MarkerCategory name="tw_lws4_thunderheadpeaks_dwarvenchests_toggletrails" DisplayName="Toggle Trail">
						<MarkerCategory name="tw_lws4_thunderheadpeaks_dwarvenchests_toggletrails_toggletrailp1" DisplayName="Toggle Trail Part 1"/>
						<MarkerCategory name="tw_lws4_thunderheadpeaks_dwarvenchests_toggletrails_toggletrailp2" DisplayName="Toggle Trail Part 2"/>
					</MarkerCategory>
					<MarkerCategory name="tw_lws4_thunderheadpeaks_dwarvenchests_signs" DisplayName="Toggle Signs">
						<MarkerCategory name="tw_lws4_thunderheadpeaks_dwarvenchests_startsigp1" DisplayName="Starting Sign Part 1" mapDisplaySize="130" iconFile="Data/TekkitsWorkshop/LWS4/ThunderheadPeaks/tw_lws4_thunderheadpeaks_dwarvenchests_startsigp1.png" iconSize="2" fadeNear="5000" fadeFar="5100" heightOffset="2.5"/>
						<MarkerCategory name="tw_lws4_thunderheadpeaks_dwarvenchests_startsigp2" DisplayName="Starting Sign Part 2" mapDisplaySize="130" iconFile="Data/TekkitsWorkshop/LWS4/ThunderheadPeaks/tw_lws4_thunderheadpeaks_dwarvenchests_startsigp2.png" iconSize="2" fadeNear="5000" fadeFar="5100" heightOffset="2.5"/>
						<MarkerCategory name="tw_lws4_thunderheadpeaks_dwarvenchests_teleport1" DisplayName="Teleport Sign" iconFile="Data/TekkitsWorkshop/LWS4/ThunderheadPeaks/tw_lws4_thunderheadpeaks_dwarvenchests_teleport1.png" iconSize="2" fadeNear="5000" fadeFar="5100" heightOffset="2.5"/>
						<MarkerCategory name="tw_lws4_thunderheadpeaks_dwarvenchests_finish" DisplayName="Finish Sign" mapDisplaySize="80" iconFile="Data/TekkitsWorkshop/General/tw_trail_finish_b.png" iconSize="1.2" fadeNear="5000" fadeFar="5100" heightOffset="2.5" minSize="50"/>
					</MarkerCategory>
				</MarkerCategory>
				<MarkerCategory name="tw_lws4_thunderheadpeaks_dragoncrystalnodes" DisplayName="Dragon Crystal Nodes">
					<MarkerCategory name="tw_lws4_thunderheadpeaks_dragoncrystalnodes_dragoncrystalnode" DisplayName="Dragon Crystal Nodes" mapDisplaySize="30" iconFile="Data/TekkitsWorkshop/LWS4/ThunderheadPeaks/tw_lws4_thunderheadpeaks_dragoncrystalnodes_dragoncrystalnode.png" iconSize="0.7" fadeNear="5000" fadeFar="5100" heightOffset="1.5" minSize="10"/>
					<MarkerCategory name="tw_lws4_thunderheadpeaks_dragoncrystalnodes_toggletrails" DisplayName="Toggle Trail"/>
					<MarkerCategory name="tw_lws4_thunderheadpeaks_dragoncrystalnodes_signs" DisplayName="Toggle Signs">
						<MarkerCategory name="tw_lws4_thunderheadpeaks_dragoncrystalnodes_startsign" DisplayName="Starting Sign" mapDisplaySize="130" iconFile="Data/TekkitsWorkshop/LWS4/ThunderheadPeaks/tw_lws4_thunderheadpeaks_dragoncrystalnodes_startsign.png" iconSize="2" fadeNear="5000" fadeFar="5100" heightOffset="2.5"/>
						<MarkerCategory name="tw_lws4_thunderheadpeaks_dragoncrystalnodes_finish" DisplayName="Finish Sign" mapDisplaySize="80" iconFile="Data/TekkitsWorkshop/General/tw_trail_finish_r.png" iconSize="1.2" fadeNear="5000" fadeFar="5100" heightOffset="2.5" minSize="50"/>
					</MarkerCategory>
				</MarkerCategory>
				<MarkerCategory name="tw_lws4_thunderheadpeaks_hiddentreasure" DisplayName="Hidden Treasure" mapDisplaySize="30" iconFile="Data/TekkitsWorkshop/LWS4/ThunderheadPeaks/tw_lws4_thunderheadpeaks_hiddentreasure.png" iconSize="0.7" fadeNear="5000" fadeFar="5100" heightOffset="1.5" minSize="10"/>
				<MarkerCategory name="tw_lws4_thunderheadpeaks_richveins" DisplayName="Rich Veins" mapDisplaySize="30" iconFile="Data/TekkitsWorkshop/General/tw_richveins.png" iconSize="0.5" fadeNear="5000" fadeFar="5100" heightOffset="1.5" minSize="10"/>
				<MarkerCategory name="tw_lws4_thunderheadpeaks_tradecache" DisplayName="Pact Trade Caches" mapDisplaySize="30" iconFile="Data/TekkitsWorkshop/General/tw_pof_tradechest.png" iconSize="0.5" fadeNear="5000" fadeFar="5100" heightOffset="1.5" minSize="10"/>
				<MarkerCategory name="tw_lws4_thunderheadpeaks_snowheap" DisplayName="Snow Heaps" mapDisplaySize="30" iconFile="Data/TekkitsWorkshop/LWS4/ThunderheadPeaks/tw_lws4_thunderheadpeaks_snowheap.png" iconSize="0.5" fadeNear="5000" fadeFar="5100" heightOffset="1.5" minSize="10"/>
				<MarkerCategory name="separatortp2" IsSeparator="1" DisplayName="&lt;-----[EXPLORATION]-----&gt;"/>
				<MarkerCategory name="tw_lws4_thunderheadpeaks_masterypoint" DisplayName="Mastery Points" mapDisplaySize="50" iconFile="Data/TekkitsWorkshop/General/tw_masterypoint.png" iconSize="0.7" heightOffset="1.5" minSize="10"/>
			</MarkerCategory>
		</MarkerCategory>
	</MarkerCategory>
	<POIs>
		<POI MapID="1310" xpos="-738.178" ypos="150.299" zpos="953.638" type="tw_guides.tw_lws4.tw_lws4_thunderheadpeaks.tw_lws4_thunderheadpeaks_dwarvenchests.tw_lws4_thunderheadpeaks_dwarvenchests_dwarvenchest" GUID="OecHd5xCC0iR5CqzqxozLw=="/>
		<POI MapID="1310" xpos="-63.0763" ypos="170.8" zpos="809.09" type="tw_guides.tw_lws4.tw_lws4_thunderheadpeaks.tw_lws4_thunderheadpeaks_tradecache" GUID="30gsadZdDEO5LCstLwgycg=="/>
		<POI MapID="1310" xpos="326.056" ypos="276.194" zpos="997.176" type="tw_guides.tw_lws4.tw_lws4_thunderheadpeaks.tw_lws4_thunderheadpeaks_dwarvenchests.tw_lws4_thunderheadpeaks_dwarvenchests_dwarvenchest" GUID="QfC5s7EBBE+SeG+gQ2BXMw=="/>
		<POI MapID="1310" xpos="485.392" ypos="324.705" zpos="904.593" type="tw_guides.tw_lws4.tw_lws4_thunderheadpeaks.tw_lws4_thunderheadpeaks_tradecache" GUID="GrqySQwXNkm7DvL37VHDPw=="/>
		<POI MapID="1310" xpos="410.233" ypos="421.091" zpos="709.353" type="tw_guides.tw_lws4.tw_lws4_thunderheadpeaks.tw_lws4_thunderheadpeaks_tradecache" GUID="4PoyS6BlN0S3rge3eXrsBQ=="/>
		<POI MapID="1310" xpos="509.46" ypos="358.098" zpos="384.589" type="tw_guides.tw_lws4.tw_lws4_thunderheadpeaks.tw_lws4_thunderheadpeaks_tradecache" GUID="STPV2zpzhEiuPsrt0QZjYg=="/>
		<POI MapID="1310" xpos="563.879" ypos="378.774" zpos="853.45" type="tw_guides.tw_lws4.tw_lws4_thunderheadpeaks.tw_lws4_thunderheadpeaks_tradecache" GUID="Wi+isfZWNkGGiOUG/hMzDw=="/>
		<POI MapID="1310" xpos="767.596" ypos="345.347" zpos="997.322" type="tw_guides.tw_lws4.tw_lws4_thunderheadpeaks.tw_lws4_thunderheadpeaks_dwarvenchests.tw_lws4_thunderheadpeaks_dwarvenchests_dwarvenchest" GUID="95R7GVvKdUmX3hE/ScPVkQ=="/>
		<POI MapID="1310" xpos="620.308" ypos="191.826" zpos="-188.316" type="tw_guides.tw_lws4.tw_lws4_thunderheadpeaks.tw_lws4_thunderheadpeaks_dragoncrystalnodes.tw_lws4_thunderheadpeaks_dragoncrystalnodes_dragoncrystalnode" GUID="StWOy0YTB0a3DdCbn/lg8A=="/>
		<POI MapID="1310" xpos="173.434" ypos="24.0345" zpos="-595.602" type="tw_guides.tw_lws4.tw_lws4_thunderheadpeaks.tw_lws4_thunderheadpeaks_tradecache" GUID="GpUlzgq64kSDk2ne1xhFNQ=="/>
		<POI MapID="1310" xpos="-324.569" ypos="7.9766" zpos="-1001.39" type="tw_guides.tw_lws4.tw_lws4_thunderheadpeaks.tw_lws4_thunderheadpeaks_tradecache" GUID="zH+3/Cccf0inFzooG7YLxg=="/>
		<POI MapID="1310" xpos="-407.83" ypos="2.31284" zpos="-1043.84" type="tw_guides.tw_lws4.tw_lws4_thunderheadpeaks.tw_lws4_thunderheadpeaks_dragoncrystalnodes.tw_lws4_thunderheadpeaks_dragoncrystalnodes_dragoncrystalnode" GUID="542ETza+nEeMgxv2RBkCQA=="/>
		<POI MapID="1310" xpos="-497.642" ypos="4.0513" zpos="-995.265" type="tw_guides.tw_lws4.tw_lws4_thunderheadpeaks.tw_lws4_thunderheadpeaks_dragoncrystalnodes.tw_lws4_thunderheadpeaks_dragoncrystalnodes_dragoncrystalnode" GUID="0YuoSydIlUW16yVxiV3ebg=="/>
		<POI MapID="1310" xpos="-453.632" ypos="2.42129" zpos="-937.503" type="tw_guides.tw_lws4.tw_lws4_thunderheadpeaks.tw_lws4_thunderheadpeaks_dragoncrystalnodes.tw_lws4_thunderheadpeaks_dragoncrystalnodes_dragoncrystalnode" GUID="EHJOoGqv6USB5EM2ck4ekg=="/>
		<POI MapID="1310" xpos="-654.298" ypos="22.7741" zpos="-818.276" type="tw_guides.tw_lws4.tw_lws4_thunderheadpeaks.tw_lws4_thunderheadpeaks_dragoncrystalnodes.tw_lws4_thunderheadpeaks_dragoncrystalnodes_dragoncrystalnode" GUID="FwSB4+u8hEeGpDF1siAh6A=="/>
		<POI MapID="1310" xpos="-542.978" ypos="34.4211" zpos="-789.442" type="tw_guides.tw_lws4.tw_lws4_thunderheadpeaks.tw_lws4_thunderheadpeaks_tradecache" GUID="De9w/SIhH02kaBNJvEe/uQ=="/>
		<POI MapID="1310" xpos="-411.067" ypos="9.59954" zpos="-575.997" type="tw_guides.tw_lws4.tw_lws4_thunderheadpeaks.tw_lws4_thunderheadpeaks_dragoncrystalnodes.tw_lws4_thunderheadpeaks_dragoncrystalnodes_dragoncrystalnode" GUID="lvFCkLcgj0O3TXeMDn2g4w=="/>
		<POI MapID="1310" xpos="-279.013" ypos="40.8659" zpos="-558.126" type="tw_guides.tw_lws4.tw_lws4_thunderheadpeaks.tw_lws4_thunderheadpeaks_tradecache" GUID="At/HoARyYkq85KUt8O917Q=="/>
		<POI MapID="1310" xpos="-110.078" ypos="9.74388" zpos="-637.933" type="tw_guides.tw_lws4.tw_lws4_thunderheadpeaks.tw_lws4_thunderheadpeaks_snowheap" GUID="ad3ZAX30hE6qWmiA/mim4w=="/>
		<POI MapID="1310" xpos="-674.396" ypos="1.38933" zpos="-928.343" type="tw_guides.tw_lws4.tw_lws4_thunderheadpeaks.tw_lws4_thunderheadpeaks_dragoncrystalnodes.tw_lws4_thunderheadpeaks_dragoncrystalnodes_dragoncrystalnode" GUID="PFYZs2KVqUqv+87o3UCHhQ=="/>
		<POI MapID="1310" xpos="-884.916" ypos="14.7821" zpos="-956.88" type="tw_guides.tw_lws4.tw_lws4_thunderheadpeaks.tw_lws4_thunderheadpeaks_tradecache" GUID="0DOG3tcY3UOBlM/jfqodXg=="/>
		<POI MapID="1310" xpos="-927.062" ypos="34.7774" zpos="-948.063" type="tw_guides.tw_lws4.tw_lws4_thunderheadpeaks.tw_lws4_thunderheadpeaks_snowheap" GUID="BPFG16Wm4EC4CPJzyDfIxA=="/>
		<POI MapID="1310" xpos="-913.123" ypos="-6.99514" zpos="-916.693" type="tw_guides.tw_lws4.tw_lws4_thunderheadpeaks.tw_lws4_thunderheadpeaks_dwarvenchests.tw_lws4_thunderheadpeaks_dwarvenchests_dwarvenchest" GUID="e9JxluJ5Ake8XsU/pMtYUg=="/>
		<POI MapID="1310" xpos="-819.48" ypos="3.22316" zpos="-878.58" type="tw_guides.tw_lws4.tw_lws4_thunderheadpeaks.tw_lws4_thunderheadpeaks_tradecache" GUID="AQbu+N+kbkiV83dRFfUshg=="/>
		<POI MapID="1310" xpos="-677.947" ypos="1.46491" zpos="-669.923" type="tw_guides.tw_lws4.tw_lws4_thunderheadpeaks.tw_lws4_thunderheadpeaks_dragoncrystalnodes.tw_lws4_thunderheadpeaks_dragoncrystalnodes_dragoncrystalnode" GUID="QAolUbK+fU2SPoWSH81Z+Q=="/>
		<POI MapID="1310" xpos="-780.206" ypos="38.719" zpos="-621.613" type="tw_guides.tw_lws4.tw_lws4_thunderheadpeaks.tw_lws4_thunderheadpeaks_snowheap" GUID="L1FMyu7SdUu7gL34B8DJCg=="/>
		<POI MapID="1310" xpos="-606.192" ypos="2.6066" zpos="-534.797" type="tw_guides.tw_lws4.tw_lws4_thunderheadpeaks.tw_lws4_thunderheadpeaks_tradecache" GUID="0j2Di0qFBk+IMlxxsbB/nQ=="/>
		<POI MapID="1310" xpos="-21.8613" ypos="173.954" zpos="-372.051" type="tw_guides.tw_lws4.tw_lws4_thunderheadpeaks.tw_lws4_thunderheadpeaks_dragoncrystalnodes.tw_lws4_thunderheadpeaks_dragoncrystalnodes_dragoncrystalnode" GUID="zj+oIPeSNk+P48Mqs41OLw=="/>
		<POI MapID="1310" xpos="-73.078" ypos="215.284" zpos="-281.191" type="tw_guides.tw_lws4.tw_lws4_thunderheadpeaks.tw_lws4_thunderheadpeaks_dragoncrystalnodes.tw_lws4_thunderheadpeaks_dragoncrystalnodes_dragoncrystalnode" GUID="D9gWRJyuyEyKfec/2aH6LA=="/>
		<POI MapID="1310" xpos="-199.19" ypos="247.487" zpos="-275.08" type="tw_guides.tw_lws4.tw_lws4_thunderheadpeaks.tw_lws4_thunderheadpeaks_tradecache" GUID="YlmxP41zqUWsEDVVgK0wqg=="/>
		<POI MapID="1310" xpos="-341.502" ypos="250.788" zpos="-232.835" type="tw_guides.tw_lws4.tw_lws4_thunderheadpeaks.tw_lws4_thunderheadpeaks_snowheap" GUID="BMfXZ1EYxk2whfNKtlShPw=="/>
		<POI MapID="1310" xpos="-49.7611" ypos="245.539" zpos="-169.489" type="tw_guides.tw_lws4.tw_lws4_thunderheadpeaks.tw_lws4_thunderheadpeaks_dragoncrystalnodes.tw_lws4_thunderheadpeaks_dragoncrystalnodes_dragoncrystalnode" GUID="18ws2Muxh02uBJr7mhOTCA=="/>
		<POI MapID="1310" xpos="61.9623" ypos="310.776" zpos="-103.495" type="tw_guides.tw_lws4.tw_lws4_thunderheadpeaks.tw_lws4_thunderheadpeaks_tradecache" GUID="D7/KYdeT3EuxHkUZFJiD4Q=="/>
		<POI MapID="1310" xpos="-380.641" ypos="350.949" zpos="-86.2997" type="tw_guides.tw_lws4.tw_lws4_thunderheadpeaks.tw_lws4_thunderheadpeaks_tradecache" GUID="q1EUvCRwhkGB2ykUUx5L9g=="/>
		<POI MapID="1310" xpos="-241.674" ypos="449.027" zpos="211.502" type="tw_guides.tw_lws4.tw_lws4_thunderheadpeaks.tw_lws4_thunderheadpeaks_tradecache" GUID="NqDN02aOYUOragqzRMnqZg=="/>
		<POI MapID="1310" xpos="-208.395" ypos="568.283" zpos="224.146" type="tw_guides.tw_lws4.tw_lws4_thunderheadpeaks.tw_lws4_thunderheadpeaks_dwarvenchests.tw_lws4_thunderheadpeaks_dwarvenchests_dwarvenchest" GUID="ZyNGD0zWnUG9NDxjkdzV6w=="/>
		<POI MapID="1310" xpos="-72.8725" ypos="339.605" zpos="-103.998" type="tw_guides.tw_lws4.tw_lws4_thunderheadpeaks.tw_lws4_thunderheadpeaks_snowheap" GUID="xTj0rDo6+kqFG7K7TaXkjg=="/>
		<POI MapID="1310" xpos="341.445" ypos="358.337" zpos="-110.493" type="tw_guides.tw_lws4.tw_lws4_thunderheadpeaks.tw_lws4_thunderheadpeaks_dwarvenchests.tw_lws4_thunderheadpeaks_dwarvenchests_dwarvenchest" GUID="lKYmX9TjQU+vUsoUCDaLmg=="/>
		<POI MapID="1310" xpos="221.353" ypos="293.215" zpos="-177.906" type="tw_guides.tw_lws4.tw_lws4_thunderheadpeaks.tw_lws4_thunderheadpeaks_dragoncrystalnodes.tw_lws4_thunderheadpeaks_dragoncrystalnodes_dragoncrystalnode" GUID="rxmNxmLVF02HdBLkAE7Ffw=="/>
		<POI MapID="1310" xpos="166.576" ypos="314.36" zpos="-224.322" type="tw_guides.tw_lws4.tw_lws4_thunderheadpeaks.tw_lws4_thunderheadpeaks_dragoncrystalnodes.tw_lws4_thunderheadpeaks_dragoncrystalnodes_dragoncrystalnode" GUID="JJP5JBtnCE6Oi9z2RvKxGA=="/>
		<POI MapID="1310" xpos="71.8135" ypos="359.78" zpos="183.851" type="tw_guides.tw_lws4.tw_lws4_thunderheadpeaks.tw_lws4_thunderheadpeaks_dwarvenchests.tw_lws4_thunderheadpeaks_dwarvenchests_dwarvenchest" GUID="7o/sSzgvjUayBPyWjH/3gg=="/>
		<POI MapID="1310" xpos="307.179" ypos="180.516" zpos="-335.71" type="tw_guides.tw_lws4.tw_lws4_thunderheadpeaks.tw_lws4_thunderheadpeaks_dragoncrystalnodes.tw_lws4_thunderheadpeaks_dragoncrystalnodes_dragoncrystalnode" GUID="e1TZXqjBJ02JogTvGgiflw=="/>
		<POI MapID="1310" xpos="298.071" ypos="212.533" zpos="-270.124" type="tw_guides.tw_lws4.tw_lws4_thunderheadpeaks.tw_lws4_thunderheadpeaks_tradecache" GUID="gtvIRZLmoUKos4YxZv+QPA=="/>
		<POI MapID="1310" xpos="36.1715" ypos="244.444" zpos="-140.649" type="tw_guides.tw_lws4.tw_lws4_thunderheadpeaks.tw_lws4_thunderheadpeaks_dragoncrystalnodes.tw_lws4_thunderheadpeaks_dragoncrystalnodes_dragoncrystalnode" GUID="GCqUDVyiykWVUsY08MXKqw=="/>
		<POI MapID="1310" xpos="202.661" ypos="325.633" zpos="203.992" type="tw_guides.tw_lws4.tw_lws4_thunderheadpeaks.tw_lws4_thunderheadpeaks_tradecache" GUID="YO7FC8COOU2DfCVr2oAPlw=="/>
		<POI MapID="1310" xpos="377.692" ypos="379.599" zpos="287.403" type="tw_guides.tw_lws4.tw_lws4_thunderheadpeaks.tw_lws4_thunderheadpeaks_dragoncrystalnodes.tw_lws4_thunderheadpeaks_dragoncrystalnodes_dragoncrystalnode" GUID="B1Lui7e75UKrW087iBEv+A=="/>
		<POI MapID="1310" xpos="339.023" ypos="389.787" zpos="239.29" type="tw_guides.tw_lws4.tw_lws4_thunderheadpeaks.tw_lws4_thunderheadpeaks_snowheap" GUID="FV+cfC2PKEaQCtWY/NDJTQ=="/>
		<POI MapID="1310" xpos="-109.336" ypos="262.901" zpos="924.014" type="tw_guides.tw_lws4.tw_lws4_thunderheadpeaks.tw_lws4_thunderheadpeaks_dwarvenchests.tw_lws4_thunderheadpeaks_dwarvenchests_dwarvenchest" GUID="OLt+0iVcJ0CH34PHcX39VA=="/>
		<POI MapID="1310" xpos="-261.877" ypos="264.835" zpos="1042.38" type="tw_guides.tw_lws4.tw_lws4_thunderheadpeaks.tw_lws4_thunderheadpeaks_dwarvenchests.tw_lws4_thunderheadpeaks_dwarvenchests_dwarvenchest" GUID="FX4NJCTa5UWIN0EY5pflNg=="/>
		<POI MapID="1310" xpos="-142.713" ypos="297.909" zpos="1066.12" type="tw_guides.tw_lws4.tw_lws4_thunderheadpeaks.tw_lws4_thunderheadpeaks_dwarvenchests.tw_lws4_thunderheadpeaks_dwarvenchests_dwarvenchest" GUID="d+JhdY0MakaQYFaoxkg9aw=="/>
		<POI MapID="1310" xpos="496.134" ypos="389.324" zpos="1113.14" type="tw_guides.tw_lws4.tw_lws4_thunderheadpeaks.tw_lws4_thunderheadpeaks_snowheap" GUID="HqieHh8P6E6YE8jyXNAfag=="/>
		<POI MapID="1310" xpos="658.198" ypos="363.531" zpos="475.337" type="tw_guides.tw_lws4.tw_lws4_thunderheadpeaks.tw_lws4_thunderheadpeaks_tradecache" GUID="gScrWfsjEUKDWc7eh5xT/Q=="/>
		<POI MapID="1310" xpos="567.968" ypos="314.039" zpos="300.578" type="tw_guides.tw_lws4.tw_lws4_thunderheadpeaks.tw_lws4_thunderheadpeaks_snowheap" GUID="ujqT5kfxC0mLrb+xjkvRwQ=="/>
		<POI MapID="1310" xpos="399.105" ypos="339.921" zpos="100.485" type="tw_guides.tw_lws4.tw_lws4_thunderheadpeaks.tw_lws4_thunderheadpeaks_dragoncrystalnodes.tw_lws4_thunderheadpeaks_dragoncrystalnodes_dragoncrystalnode" GUID="j15z6wdj20KA8zPMGYJVJg=="/>
		<POI MapID="1310" xpos="501.132" ypos="338.308" zpos="141.975" type="tw_guides.tw_lws4.tw_lws4_thunderheadpeaks.tw_lws4_thunderheadpeaks_dwarvenchests.tw_lws4_thunderheadpeaks_dwarvenchests_dwarvenchest" GUID="K67NbCL7JEiZLO/bjWcYig=="/>
		<POI MapID="1310" xpos="585.452" ypos="190.282" zpos="-173.006" type="tw_guides.tw_lws4.tw_lws4_thunderheadpeaks.tw_lws4_thunderheadpeaks_dragoncrystalnodes.tw_lws4_thunderheadpeaks_dragoncrystalnodes_dragoncrystalnode" GUID="8zgOdZD5sU2jTGpEffLeSg=="/>
		<POI MapID="1310" xpos="579.458" ypos="147.197" zpos="-217.567" type="tw_guides.tw_lws4.tw_lws4_thunderheadpeaks.tw_lws4_thunderheadpeaks_dwarvenchests.tw_lws4_thunderheadpeaks_dwarvenchests_dwarvenchest" GUID="yE071mh7gkK2ESO1GMKwEA=="/>
		<POI MapID="1310" xpos="456.542" ypos="15.6593" zpos="-397.05" type="tw_guides.tw_lws4.tw_lws4_thunderheadpeaks.tw_lws4_thunderheadpeaks_dragoncrystalnodes.tw_lws4_thunderheadpeaks_dragoncrystalnodes_dragoncrystalnode" GUID="4ouu5kvU0U2teXHGEYQPQg=="/>
		<POI MapID="1310" xpos="466.188" ypos="20.1689" zpos="-326.285" type="tw_guides.tw_lws4.tw_lws4_thunderheadpeaks.tw_lws4_thunderheadpeaks_dwarvenchests.tw_lws4_thunderheadpeaks_dwarvenchests_dwarvenchest" GUID="piW44pe/g0ukbekyBCPSSA=="/>
		<POI MapID="1310" xpos="267.824" ypos="6.35655" zpos="-834.244" type="tw_guides.tw_lws4.tw_lws4_thunderheadpeaks.tw_lws4_thunderheadpeaks_dwarvenchests.tw_lws4_thunderheadpeaks_dwarvenchests_dwarvenchest" GUID="hpsk6upv30KMdis/5HXYyQ=="/>
		<POI MapID="1310" xpos="371.719" ypos="1.10593" zpos="-835.706" type="tw_guides.tw_lws4.tw_lws4_thunderheadpeaks.tw_lws4_thunderheadpeaks_dwarvenchests.tw_lws4_thunderheadpeaks_dwarvenchests_dwarvenchest" GUID="Z5F0RKkYw0GeRXTj6trseQ=="/>
		<POI MapID="1310" xpos="77.9021" ypos="6.33016" zpos="-669.813" type="tw_guides.tw_lws4.tw_lws4_thunderheadpeaks.tw_lws4_thunderheadpeaks_dwarvenchests.tw_lws4_thunderheadpeaks_dwarvenchests_dwarvenchest" GUID="MvY4bH0vLkilnntHoF2aiw=="/>
		<POI MapID="1310" xpos="-257.32" ypos="1.50672" zpos="-713.524" type="tw_guides.tw_lws4.tw_lws4_thunderheadpeaks.tw_lws4_thunderheadpeaks_dragoncrystalnodes.tw_lws4_thunderheadpeaks_dragoncrystalnodes_dragoncrystalnode" GUID="o0zxhV66QUWwuoDm+EAlIA=="/>
		<POI MapID="1310" xpos="-331.751" ypos="4.04117" zpos="-737.563" type="tw_guides.tw_lws4.tw_lws4_thunderheadpeaks.tw_lws4_thunderheadpeaks_tradecache" GUID="Jw1XOIGmYE2ervxEQVwd7g=="/>
		<POI MapID="1310" xpos="-234.166" ypos="57.3352" zpos="-525.036" type="tw_guides.tw_lws4.tw_lws4_thunderheadpeaks.tw_lws4_thunderheadpeaks_dragoncrystalnodes.tw_lws4_thunderheadpeaks_dragoncrystalnodes_dragoncrystalnode" GUID="sfaJmKrf3k+w30/9HUePgA=="/>
		<POI MapID="1310" xpos="722.089" ypos="416.59" zpos="13.659" type="tw_guides.tw_lws4.tw_lws4_thunderheadpeaks.tw_lws4_thunderheadpeaks_dwarvenchests.tw_lws4_thunderheadpeaks_dwarvenchests_dwarvenchest" GUID="kDrNP2fmcECqToBS0Ua0rw=="/>
		<POI MapID="1310" xpos="681.897" ypos="387.795" zpos="48.3018" type="tw_guides.tw_lws4.tw_lws4_thunderheadpeaks.tw_lws4_thunderheadpeaks_dwarvenchests.tw_lws4_thunderheadpeaks_dwarvenchests_dwarvenchest" GUID="LJ2G1oGXz0CgtRiZq3vEew=="/>
		<POI MapID="1310" xpos="203.243" ypos="357.73" zpos="507.56" type="tw_guides.tw_lws4.tw_lws4_thunderheadpeaks.tw_lws4_thunderheadpeaks_dragoncrystalnodes.tw_lws4_thunderheadpeaks_dragoncrystalnodes_dragoncrystalnode" GUID="TarszjaBg0SWUQRvUyjHbQ=="/>
		<POI MapID="1310" xpos="164.008" ypos="332.348" zpos="550.834" type="tw_guides.tw_lws4.tw_lws4_thunderheadpeaks.tw_lws4_thunderheadpeaks_tradecache" GUID="wyuYjdJDiUCqZDBwc85ukQ=="/>
		<POI MapID="1310" xpos="23.7123" ypos="316.62" zpos="438.733" type="tw_guides.tw_lws4.tw_lws4_thunderheadpeaks.tw_lws4_thunderheadpeaks_dwarvenchests.tw_lws4_thunderheadpeaks_dwarvenchests_dwarvenchest" GUID="bNMhbM4pbE65MchEfzBaYA=="/>
		<POI MapID="1310" xpos="201.429" ypos="321.189" zpos="245.816" type="tw_guides.tw_lws4.tw_lws4_thunderheadpeaks.tw_lws4_thunderheadpeaks_dragoncrystalnodes.tw_lws4_thunderheadpeaks_dragoncrystalnodes_dragoncrystalnode" GUID="NKFe2/GGmkejlrX/IcRPGQ=="/>
		<POI MapID="1310" xpos="467.753" ypos="355.132" zpos="106.276" type="tw_guides.tw_lws4.tw_lws4_thunderheadpeaks.tw_lws4_thunderheadpeaks_tradecache" GUID="8XV2/fkwcEqcNVSdKflOsQ=="/>
		<POI MapID="1310" xpos="423.116" ypos="319.291" zpos="483.962" type="tw_guides.tw_lws4.tw_lws4_thunderheadpeaks.tw_lws4_thunderheadpeaks_snowheap" GUID="er1k6tk1EECvdmz583mGvA=="/>
		<POI MapID="1310" xpos="293.147" ypos="317.722" zpos="393.663" type="tw_guides.tw_lws4.tw_lws4_thunderheadpeaks.tw_lws4_thunderheadpeaks_dragoncrystalnodes.tw_lws4_thunderheadpeaks_dragoncrystalnodes_dragoncrystalnode" GUID="I8TpqvoZv0ao9HDQ65ctZQ=="/>
		<POI MapID="1310" xpos="286.93" ypos="335.473" zpos="481.66" type="tw_guides.tw_lws4.tw_lws4_thunderheadpeaks.tw_lws4_thunderheadpeaks_dragoncrystalnodes.tw_lws4_thunderheadpeaks_dragoncrystalnodes_dragoncrystalnode" GUID="4V7Kikd840Cc5L1y84Tfkg=="/>
		<POI MapID="1310" xpos="293.862" ypos="377.734" zpos="595.251" type="tw_guides.tw_lws4.tw_lws4_thunderheadpeaks.tw_lws4_thunderheadpeaks_dragoncrystalnodes.tw_lws4_thunderheadpeaks_dragoncrystalnodes_dragoncrystalnode" GUID="LqQccxql3keFsyVdByw6xA=="/>
		<POI MapID="1310" xpos="126.516" ypos="324.782" zpos="-59.2719" type="tw_guides.tw_lws4.tw_lws4_thunderheadpeaks.tw_lws4_thunderheadpeaks_dragoncrystalnodes.tw_lws4_thunderheadpeaks_dragoncrystalnodes_dragoncrystalnode" GUID="sfoz1mJeCkGPSElaWIVXBg=="/>
		<POI MapID="1310" xpos="143.792" ypos="331.266" zpos="-142.198" type="tw_guides.tw_lws4.tw_lws4_thunderheadpeaks.tw_lws4_thunderheadpeaks_tradecache" GUID="n/8kdWrMYk6/7bhHI+KsMw=="/>
		<POI MapID="1310" xpos="184.152" ypos="186.404" zpos="-328.745" type="tw_guides.tw_lws4.tw_lws4_thunderheadpeaks.tw_lws4_thunderheadpeaks_dragoncrystalnodes.tw_lws4_thunderheadpeaks_dragoncrystalnodes_dragoncrystalnode" GUID="AMhvf3gTsUCaJUG30bNF0Q=="/>
		<POI MapID="1310" xpos="-53.6117" ypos="214.39" zpos="-262.139" type="tw_guides.tw_lws4.tw_lws4_thunderheadpeaks.tw_lws4_thunderheadpeaks_dragoncrystalnodes.tw_lws4_thunderheadpeaks_dragoncrystalnodes_dragoncrystalnode" GUID="3b2Fxjqhf0yx/aOMSEsB1Q=="/>
		<POI MapID="1310" xpos="-531.357" ypos="156.406" zpos="-25.2412" type="tw_guides.tw_lws4.tw_lws4_thunderheadpeaks.tw_lws4_thunderheadpeaks_dwarvenchests.tw_lws4_thunderheadpeaks_dwarvenchests_dwarvenchest" GUID="ihfyqRUyjUe5enzXuepReg=="/>
		<POI MapID="1310" xpos="-648.672" ypos="137.449" zpos="-400.25" type="tw_guides.tw_lws4.tw_lws4_thunderheadpeaks.tw_lws4_thunderheadpeaks_snowheap" GUID="r9UVDwba90yVedph+VCX2w=="/>
		<POI MapID="1310" xpos="-593.399" ypos="5.36238" zpos="-695.179" type="tw_guides.tw_lws4.tw_lws4_thunderheadpeaks.tw_lws4_thunderheadpeaks_dragoncrystalnodes.tw_lws4_thunderheadpeaks_dragoncrystalnodes_dragoncrystalnode" GUID="EYEG/MLVKEyBlmW3uDshrQ=="/>
		<POI MapID="1310" xpos="-789.43" ypos="1.64913" zpos="-931.7" type="tw_guides.tw_lws4.tw_lws4_thunderheadpeaks.tw_lws4_thunderheadpeaks_dragoncrystalnodes.tw_lws4_thunderheadpeaks_dragoncrystalnodes_dragoncrystalnode" GUID="a8b2NFbdx0uN2xx+DrrmVg=="/>
		<POI MapID="1310" xpos="-652.079" ypos="1.60301" zpos="-644.653" type="tw_guides.tw_lws4.tw_lws4_thunderheadpeaks.tw_lws4_thunderheadpeaks_dragoncrystalnodes.tw_lws4_thunderheadpeaks_dragoncrystalnodes_dragoncrystalnode" GUID="XqxivRUwCEu0R5wctGO0fw=="/>
		<POI MapID="1310" xpos="440.535" ypos="183.482" zpos="-243.055" type="tw_guides.tw_lws4.tw_lws4_thunderheadpeaks.tw_lws4_thunderheadpeaks_tradecache" GUID="cw+dfmhdGEiPn9tVCZspbg=="/>
		<POI MapID="1310" xpos="167.45" ypos="293.693" zpos="-108.746" type="tw_guides.tw_lws4.tw_lws4_thunderheadpeaks.tw_lws4_thunderheadpeaks_dragoncrystalnodes.tw_lws4_thunderheadpeaks_dragoncrystalnodes_dragoncrystalnode" GUID="aXcyqmLVYUqlw7+hFNCoKQ=="/>
		<POI MapID="1310" xpos="360.513" ypos="320.355" zpos="33.7899" type="tw_guides.tw_lws4.tw_lws4_thunderheadpeaks.tw_lws4_thunderheadpeaks_dragoncrystalnodes.tw_lws4_thunderheadpeaks_dragoncrystalnodes_dragoncrystalnode" GUID="dR4ER4C2ZkSqfhDUIAnn2A=="/>
		<POI MapID="1310" xpos="345.202" ypos="344.012" zpos="440.749" type="tw_guides.tw_lws4.tw_lws4_thunderheadpeaks.tw_lws4_thunderheadpeaks_dragoncrystalnodes.tw_lws4_thunderheadpeaks_dragoncrystalnodes_dragoncrystalnode" GUID="pqz92xTmQkSK7U4CYniUew=="/>
		<POI MapID="1310" xpos="157.5" ypos="352.79" zpos="431.577" type="tw_guides.tw_lws4.tw_lws4_thunderheadpeaks.tw_lws4_thunderheadpeaks_dragoncrystalnodes.tw_lws4_thunderheadpeaks_dragoncrystalnodes_dragoncrystalnode" GUID="zy1m1XmBHUahiZkPefbz4g=="/>
		<POI MapID="1310" xpos="264.535" ypos="362.015" zpos="585.176" type="tw_guides.tw_lws4.tw_lws4_thunderheadpeaks.tw_lws4_thunderheadpeaks_tradecache" GUID="tPxM1lFlE0qlvPya8We0pg=="/>
		<POI MapID="1310" xpos="356.855" ypos="13.2232" zpos="-398.037" type="tw_guides.tw_lws4.tw_lws4_thunderheadpeaks.tw_lws4_thunderheadpeaks_dragoncrystalnodes.tw_lws4_thunderheadpeaks_dragoncrystalnodes_dragoncrystalnode" GUID="infrMp/TkE2TZi3MzqOKcw=="/>
		<POI MapID="1310" xpos="308.544" ypos="268.885" zpos="-174.969" type="tw_guides.tw_lws4.tw_lws4_thunderheadpeaks.tw_lws4_thunderheadpeaks_snowheap" GUID="JehM7X4IXU21fYSwpb6Y8A=="/>
		<POI MapID="1310" xpos="221.57" ypos="318.021" zpos="-244.297" type="tw_guides.tw_lws4.tw_lws4_thunderheadpeaks.tw_lws4_thunderheadpeaks_dragoncrystalnodes.tw_lws4_thunderheadpeaks_dragoncrystalnodes_dragoncrystalnode" GUID="BQP1YTXOiE+yFL3Gov8KPw=="/>
		<POI MapID="1310" xpos="325.759" ypos="311.5" zpos="2.05945" type="tw_guides.tw_lws4.tw_lws4_thunderheadpeaks.tw_lws4_thunderheadpeaks_dragoncrystalnodes.tw_lws4_thunderheadpeaks_dragoncrystalnodes_dragoncrystalnode" GUID="4LiOKVk5JkWdfZF4shvl9A=="/>
		<POI MapID="1310" xpos="21.1883" ypos="246.561" zpos="-206.71" type="tw_guides.tw_lws4.tw_lws4_thunderheadpeaks.tw_lws4_thunderheadpeaks_dragoncrystalnodes.tw_lws4_thunderheadpeaks_dragoncrystalnodes_dragoncrystalnode" GUID="oQ4AyoXi2EqIQ6wHNFwNqw=="/>
		<POI MapID="1310" xpos="-286.137" ypos="101.497" zpos="-431.073" type="tw_guides.tw_lws4.tw_lws4_thunderheadpeaks.tw_lws4_thunderheadpeaks_dragoncrystalnodes.tw_lws4_thunderheadpeaks_dragoncrystalnodes_dragoncrystalnode" GUID="wjYgYI8wh0qi++8AmV3RXw=="/>
		<POI MapID="1310" xpos="313.364" ypos="13.3725" zpos="-474.902" type="tw_guides.tw_lws4.tw_lws4_thunderheadpeaks.tw_lws4_thunderheadpeaks_dragoncrystalnodes.tw_lws4_thunderheadpeaks_dragoncrystalnodes_dragoncrystalnode" GUID="UC8HyO0KSU6e3eLKkEO8mA=="/>
		<POI MapID="1310" xpos="619.975" ypos="152.648" zpos="-239.826" type="tw_guides.tw_lws4.tw_lws4_thunderheadpeaks.tw_lws4_thunderheadpeaks_tradecache" GUID="skLqEGgJTECjfqX03qlHnQ=="/>
		<POI MapID="1310" xpos="301.615" ypos="204.981" zpos="-232.77" type="tw_guides.tw_lws4.tw_lws4_thunderheadpeaks.tw_lws4_thunderheadpeaks_tradecache" GUID="t+rZNSI1l0mehM6bw0SE9w=="/>
		<POI MapID="1310" xpos="234.329" ypos="180.067" zpos="-361.299" type="tw_guides.tw_lws4.tw_lws4_thunderheadpeaks.tw_lws4_thunderheadpeaks_dragoncrystalnodes.tw_lws4_thunderheadpeaks_dragoncrystalnodes_dragoncrystalnode" GUID="jBJLjZO+70+zJCOAyU0uMQ=="/>
		<POI MapID="1310" xpos="49.5024" ypos="194.776" zpos="-327.703" type="tw_guides.tw_lws4.tw_lws4_thunderheadpeaks.tw_lws4_thunderheadpeaks_tradecache" GUID="Z6D3eDJKW0CQoAvUy/jmZQ=="/>
		<POI MapID="1310" xpos="-21.3029" ypos="217.017" zpos="-278.584" type="tw_guides.tw_lws4.tw_lws4_thunderheadpeaks.tw_lws4_thunderheadpeaks_tradecache" GUID="IGBivhhN1USbkb0O47bZ6Q=="/>
		<POI MapID="1310" xpos="1.66089" ypos="244.343" zpos="-163.109" type="tw_guides.tw_lws4.tw_lws4_thunderheadpeaks.tw_lws4_thunderheadpeaks_dragoncrystalnodes.tw_lws4_thunderheadpeaks_dragoncrystalnodes_dragoncrystalnode" GUID="YHD2D6f+0U+8IUBPu9WvXA=="/>
		<POI MapID="1310" xpos="32.1539" ypos="308.146" zpos="-60.7942" type="tw_guides.tw_lws4.tw_lws4_thunderheadpeaks.tw_lws4_thunderheadpeaks_tradecache" GUID="g1GjEql5uEaPcbIc5JnfNg=="/>
		<POI MapID="1310" xpos="-317.531" ypos="372.33" zpos="156.222" type="tw_guides.tw_lws4.tw_lws4_thunderheadpeaks.tw_lws4_thunderheadpeaks_tradecache" GUID="/7oxsN+KRUWdEP4N1oSDqw=="/>
		<POI MapID="1310" xpos="-346.254" ypos="425.097" zpos="-85.5642" type="tw_guides.tw_lws4.tw_lws4_thunderheadpeaks.tw_lws4_thunderheadpeaks_dwarvenchests.tw_lws4_thunderheadpeaks_dwarvenchests_dwarvenchest" GUID="vz/Fw8CVp06YG7ZvSyvlig=="/>
		<POI MapID="1310" xpos="109.498" ypos="293.442" zpos="-109.647" type="tw_guides.tw_lws4.tw_lws4_thunderheadpeaks.tw_lws4_thunderheadpeaks_dragoncrystalnodes.tw_lws4_thunderheadpeaks_dragoncrystalnodes_dragoncrystalnode" GUID="qo+s23XZR0aSpKdcS85lmA=="/>
		<POI MapID="1310" xpos="255.866" ypos="294.963" zpos="-200.507" type="tw_guides.tw_lws4.tw_lws4_thunderheadpeaks.tw_lws4_thunderheadpeaks_dragoncrystalnodes.tw_lws4_thunderheadpeaks_dragoncrystalnodes_dragoncrystalnode" GUID="I2x1CgkCmUa99r6A5/qqSQ=="/>
		<POI MapID="1310" xpos="-243.673" ypos="246.536" zpos="-245.093" type="tw_guides.tw_lws4.tw_lws4_thunderheadpeaks.tw_lws4_thunderheadpeaks_snowheap" GUID="7YJm2oy7i0ik+ZhLDpy3Tw=="/>
		<POI MapID="1310" xpos="-855.319" ypos="2.58708" zpos="-758.569" type="tw_guides.tw_lws4.tw_lws4_thunderheadpeaks.tw_lws4_thunderheadpeaks_tradecache" GUID="qHGayFlWiEa1tPESDyLIIg=="/>
		<POI MapID="1310" xpos="-735.196" ypos="1.08404" zpos="-718.061" type="tw_guides.tw_lws4.tw_lws4_thunderheadpeaks.tw_lws4_thunderheadpeaks_snowheap" GUID="iH4UEfgE+E+QXQOyMUfKfw=="/>
		<POI MapID="1310" xpos="-463.02" ypos="1.83465" zpos="-836.543" type="tw_guides.tw_lws4.tw_lws4_thunderheadpeaks.tw_lws4_thunderheadpeaks_tradecache" GUID="F9W5800lbE+72luC0HE53w=="/>
		<POI MapID="1310" xpos="75.1798" ypos="30.699" zpos="-658.787" type="tw_guides.tw_lws4.tw_lws4_thunderheadpeaks.tw_lws4_thunderheadpeaks_tradecache" GUID="Emdml/zNtkyA2LmODqaZyA=="/>
		<POI MapID="1310" xpos="-230.873" ypos="37.9361" zpos="-778.3" type="tw_guides.tw_lws4.tw_lws4_thunderheadpeaks.tw_lws4_thunderheadpeaks_tradecache" GUID="mf8tfyQXvE2+ltXPXesldA=="/>
		<POI MapID="1310" xpos="-636.616" ypos="1.50048" zpos="-998.428" type="tw_guides.tw_lws4.tw_lws4_thunderheadpeaks.tw_lws4_thunderheadpeaks_dragoncrystalnodes.tw_lws4_thunderheadpeaks_dragoncrystalnodes_dragoncrystalnode" GUID="+GL126CeT0i67ukZ+fm3tA=="/>
		<POI MapID="1310" xpos="-648.368" ypos="67.9049" zpos="-1069.86" type="tw_guides.tw_lws4.tw_lws4_thunderheadpeaks.tw_lws4_thunderheadpeaks_richveins" GUID="SBV5q44/Xk+gvrDfCB5QfQ=="/>
		<POI MapID="1310" xpos="-889.884" ypos="7.28889" zpos="-917.122" type="tw_guides.tw_lws4.tw_lws4_thunderheadpeaks.tw_lws4_thunderheadpeaks_tradecache" GUID="V3nNdUdOE0m+/mbNUMsp6Q=="/>
		<POI MapID="1310" xpos="-542.559" ypos="2.97826" zpos="-654.368" type="tw_guides.tw_lws4.tw_lws4_thunderheadpeaks.tw_lws4_thunderheadpeaks_tradecache" GUID="1zarrl2L/ka06f/gUJzVEQ=="/>
		<POI MapID="1310" xpos="-330.991" ypos="6.1582" zpos="-623.317" type="tw_guides.tw_lws4.tw_lws4_thunderheadpeaks.tw_lws4_thunderheadpeaks_tradecache" GUID="KSFEkHEcvUujUpY1MkVc3A=="/>
		<POI MapID="1310" xpos="456.911" ypos="390.748" zpos="751.309" type="tw_guides.tw_lws4.tw_lws4_thunderheadpeaks.tw_lws4_thunderheadpeaks_tradecache" GUID="JkfPrBRG6Uq5DJ6JD38/Iw=="/>
		<POI MapID="1310" xpos="215.874" ypos="357.561" zpos="553.09" type="tw_guides.tw_lws4.tw_lws4_thunderheadpeaks.tw_lws4_thunderheadpeaks_tradecache" GUID="ReQy5Nl2eUCac0LLLZjZSw=="/>
		<POI MapID="1310" xpos="125.457" ypos="333.961" zpos="471.308" type="tw_guides.tw_lws4.tw_lws4_thunderheadpeaks.tw_lws4_thunderheadpeaks_snowheap" GUID="en1zX5Gw5UKRHu+C4osqQw=="/>
		<POI MapID="1310" xpos="580.627" ypos="374.958" zpos="400.613" type="tw_guides.tw_lws4.tw_lws4_thunderheadpeaks.tw_lws4_thunderheadpeaks_snowheap" GUID="2vqqSDhi00+avZjMfI/WOA=="/>
		<POI MapID="1310" xpos="500.698" ypos="307.898" zpos="330.725" type="tw_guides.tw_lws4.tw_lws4_thunderheadpeaks.tw_lws4_thunderheadpeaks_dragoncrystalnodes.tw_lws4_thunderheadpeaks_dragoncrystalnodes_dragoncrystalnode" GUID="7Vn4TkSZlkGt5LKUz7hYJA=="/>
		<POI MapID="1310" xpos="250.224" ypos="315.446" zpos="348.492" type="tw_guides.tw_lws4.tw_lws4_thunderheadpeaks.tw_lws4_thunderheadpeaks_dragoncrystalnodes.tw_lws4_thunderheadpeaks_dragoncrystalnodes_dragoncrystalnode" GUID="lbFHUmfS30iz2pB46Sx4HQ=="/>
		<POI MapID="1310" xpos="117.9" ypos="325.155" zpos="413.372" type="tw_guides.tw_lws4.tw_lws4_thunderheadpeaks.tw_lws4_thunderheadpeaks_tradecache" GUID="7ru6s3N1Tk2NIRT1Yy6pDA=="/>
		<POI MapID="1310" xpos="106.759" ypos="326.121" zpos="440.534" type="tw_guides.tw_lws4.tw_lws4_thunderheadpeaks.tw_lws4_thunderheadpeaks_tradecache" GUID="dSSatOIizkeio3nBYzkfZg=="/>
		<POI MapID="1310" xpos="573.349" ypos="354.705" zpos="476.262" type="tw_guides.tw_lws4.tw_lws4_thunderheadpeaks.tw_lws4_thunderheadpeaks_tradecache" GUID="0psQgipKCU+bIN9CSM6BDA=="/>
		<POI MapID="1310" xpos="622.504" ypos="360.106" zpos="864.32" type="tw_guides.tw_lws4.tw_lws4_thunderheadpeaks.tw_lws4_thunderheadpeaks_tradecache" GUID="Ocgmz0GW+Eq24xO/l7r6AA=="/>
		<POI MapID="1310" xpos="820.923" ypos="371.259" zpos="681.463" type="tw_guides.tw_lws4.tw_lws4_thunderheadpeaks.tw_lws4_thunderheadpeaks_snowheap" GUID="oPEPjQfsG0SGAhZLcY36yg=="/>
		<POI MapID="1310" xpos="33.601" ypos="214.272" zpos="997.587" type="tw_guides.tw_lws4.tw_lws4_thunderheadpeaks.tw_lws4_thunderheadpeaks_tradecache" GUID="F+J7hAKyiUSPvQDQwezEwg=="/>
		<POI MapID="1310" xpos="185.664" ypos="259.213" zpos="1059.26" type="tw_guides.tw_lws4.tw_lws4_thunderheadpeaks.tw_lws4_thunderheadpeaks_tradecache" GUID="XDa2ngaky06kWliAV3mSGg=="/>
		<POI MapID="1310" xpos="838.386" ypos="371.678" zpos="511.817" type="tw_guides.tw_lws4.tw_lws4_thunderheadpeaks.tw_lws4_thunderheadpeaks_dwarvenchests.tw_lws4_thunderheadpeaks_dwarvenchests_dwarvenchest" GUID="TDxCNgVT/06nCG+OgW1wLw=="/>
		<POI MapID="1310" xpos="-133.801" ypos="214.39" zpos="-217.23" type="tw_guides.tw_lws4.tw_lws4_thunderheadpeaks.tw_lws4_thunderheadpeaks_dragoncrystalnodes.tw_lws4_thunderheadpeaks_dragoncrystalnodes_dragoncrystalnode" GUID="PWwnQb7hmkq1FHcTolKbtA=="/>
		<POI MapID="1310" xpos="435.142" ypos="176.011" zpos="-372.622" type="tw_guides.tw_lws4.tw_lws4_thunderheadpeaks.tw_lws4_thunderheadpeaks_tradecache" GUID="i1/Kz84FZEK5KYxYHuaVzg=="/>
		<POI MapID="1310" xpos="426.662" ypos="178.402" zpos="-404.331" type="tw_guides.tw_lws4.tw_lws4_thunderheadpeaks.tw_lws4_thunderheadpeaks_dwarvenchests.tw_lws4_thunderheadpeaks_dwarvenchests_dwarvenchest" GUID="nDnhrfEBekKBzCNhocxJEg=="/>
		<POI MapID="1310" xpos="381.269" ypos="345.842" zpos="42.7611" type="tw_guides.tw_lws4.tw_lws4_thunderheadpeaks.tw_lws4_thunderheadpeaks_tradecache" GUID="FxWdNhbfAU+oF2qRr0HNkg=="/>
		<POI MapID="1310" xpos="320.057" ypos="310.226" zpos="-26.7518" type="tw_guides.tw_lws4.tw_lws4_thunderheadpeaks.tw_lws4_thunderheadpeaks_snowheap" GUID="fKCaFTLcCkugThRkJ0T+Qw=="/>
		<POI MapID="1310" xpos="186.161" ypos="358.388" zpos="560.095" type="tw_guides.tw_lws4.tw_lws4_thunderheadpeaks.tw_lws4_thunderheadpeaks_dragoncrystalnodes.tw_lws4_thunderheadpeaks_dragoncrystalnodes_dragoncrystalnode" GUID="4E20mPasu0m+PtQzXIu2gg=="/>
		<POI MapID="1310" xpos="190.822" ypos="315.381" zpos="-182.575" type="tw_guides.tw_lws4.tw_lws4_thunderheadpeaks.tw_lws4_thunderheadpeaks_dragoncrystalnodes.tw_lws4_thunderheadpeaks_dragoncrystalnodes_dragoncrystalnode" GUID="nlupon1TOEioyI7mtqftDg=="/>
		<POI MapID="1310" xpos="-417.872" ypos="323.667" zpos="-80.5142" type="tw_guides.tw_lws4.tw_lws4_thunderheadpeaks.tw_lws4_thunderheadpeaks_snowheap" GUID="MxlJlBTXX0mkX+3ARYKXWw=="/>
		<POI MapID="1310" xpos="-408.113" ypos="29.4038" zpos="-524.92" type="tw_guides.tw_lws4.tw_lws4_thunderheadpeaks.tw_lws4_thunderheadpeaks_tradecache" GUID="WLhQlbJeFEiCH3n+Gth43g=="/>
		<POI MapID="1310" xpos="-711.845" ypos="1.48371" zpos="-883.943" type="tw_guides.tw_lws4.tw_lws4_thunderheadpeaks.tw_lws4_thunderheadpeaks_snowheap" GUID="zA4gjKKwIEyYodQY55p5pw=="/>
		<POI MapID="1310" xpos="-416.703" ypos="4.18793" zpos="-920.055" type="tw_guides.tw_lws4.tw_lws4_thunderheadpeaks.tw_lws4_thunderheadpeaks_dragoncrystalnodes.tw_lws4_thunderheadpeaks_dragoncrystalnodes_dragoncrystalnode" GUID="J+5lgtZAzEiZQxp0JuHUpA=="/>
		<POI MapID="1310" xpos="-615.042" ypos="35.3277" zpos="-854.511" type="tw_guides.tw_lws4.tw_lws4_thunderheadpeaks.tw_lws4_thunderheadpeaks_tradecache" GUID="9dzosFneHUSJ2eIfYrdlnw=="/>
		<POI MapID="1310" xpos="-57.1898" ypos="1.70253" zpos="-640.435" type="tw_guides.tw_lws4.tw_lws4_thunderheadpeaks.tw_lws4_thunderheadpeaks_dragoncrystalnodes.tw_lws4_thunderheadpeaks_dragoncrystalnodes_dragoncrystalnode" GUID="2GrJ9qJ06kWQAMFVY0/cig=="/>
		<POI MapID="1310" xpos="395.629" ypos="337.052" zpos="376.147" type="tw_guides.tw_lws4.tw_lws4_thunderheadpeaks.tw_lws4_thunderheadpeaks_tradecache" GUID="WmdEhhkKL02IljHbStLvLA=="/>
		<POI MapID="1310" xpos="225.984" ypos="317.396" zpos="52.0207" type="tw_guides.tw_lws4.tw_lws4_thunderheadpeaks.tw_lws4_thunderheadpeaks_tradecache" GUID="FGuTWL3l3k2aUTfYrR1M6Q=="/>
		<POI MapID="1310" xpos="241.058" ypos="351.453" zpos="-84.7997" type="tw_guides.tw_lws4.tw_lws4_thunderheadpeaks.tw_lws4_thunderheadpeaks_tradecache" GUID="hk0EUJ2xUk+kHeLO+XVXnQ=="/>
		<POI MapID="1310" xpos="-137.178" ypos="216.567" zpos="-277.463" type="tw_guides.tw_lws4.tw_lws4_thunderheadpeaks.tw_lws4_thunderheadpeaks_dragoncrystalnodes.tw_lws4_thunderheadpeaks_dragoncrystalnodes_dragoncrystalnode" GUID="pnPdlwS2pkihl6R2cr3F4g=="/>
		<POI MapID="1310" xpos="911.397" ypos="390.14" zpos="859.993" type="tw_guides.tw_lws4.tw_lws4_thunderheadpeaks.tw_lws4_thunderheadpeaks_snowheap" GUID="oSsrwpPh2UyktJ0odLoZVA=="/>
		<POI MapID="1310" xpos="225.022" ypos="319.036" zpos="356.666" type="tw_guides.tw_lws4.tw_lws4_thunderheadpeaks.tw_lws4_thunderheadpeaks_tradecache" GUID="MjeNEaDODE2KzFxha+hqsQ=="/>
		<POI MapID="1310" xpos="589.291" ypos="393.14" zpos="552.739" type="tw_guides.tw_lws4.tw_lws4_thunderheadpeaks.tw_lws4_thunderheadpeaks_tradecache" GUID="T8zh5TPYPEqdwx4coBw2sw=="/>
		<POI MapID="1310" xpos="-59.6193" ypos="214.729" zpos="-286.871" type="tw_guides.tw_lws4.tw_lws4_thunderheadpeaks.tw_lws4_thunderheadpeaks_snowheap" GUID="cfUWdET+W02JhJVwTIFXAA=="/>
		<POI MapID="1310" xpos="-315.424" ypos="1.84002" zpos="-702.351" type="tw_guides.tw_lws4.tw_lws4_thunderheadpeaks.tw_lws4_thunderheadpeaks_tradecache" GUID="JrbkjZVHu0C6vDJmsk+9Cw=="/>
		<POI MapID="1310" xpos="-434.899" ypos="3.73007" zpos="-758.662" type="tw_guides.tw_lws4.tw_lws4_thunderheadpeaks.tw_lws4_thunderheadpeaks_dragoncrystalnodes.tw_lws4_thunderheadpeaks_dragoncrystalnodes_dragoncrystalnode" GUID="iWFHKQU2iEGcDBnKKmYyng=="/>
		<POI MapID="1310" xpos="-263.467" ypos="3.01963" zpos="-982.47" type="tw_guides.tw_lws4.tw_lws4_thunderheadpeaks.tw_lws4_thunderheadpeaks_tradecache" GUID="RaZhmSQfTUGosTb1kQ8iLQ=="/>
		<POI MapID="1310" xpos="-335.878" ypos="32.8923" zpos="-599.105" type="tw_guides.tw_lws4.tw_lws4_thunderheadpeaks.tw_lws4_thunderheadpeaks_tradecache" GUID="TzRChMWjoEuxLFSkBE018g=="/>
		<POI MapID="1310" xpos="-93.7343" ypos="68.5775" zpos="-560.005" type="tw_guides.tw_lws4.tw_lws4_thunderheadpeaks.tw_lws4_thunderheadpeaks_snowheap" GUID="NSNifAe6tkax5JFdNSuaPg=="/>
		<POI MapID="1310" xpos="799.932" ypos="372.899" zpos="911.221" type="tw_guides.tw_lws4.tw_lws4_thunderheadpeaks.tw_lws4_thunderheadpeaks_tradecache" GUID="wd4+fA143US5ZFFjWfclzA=="/>
		<POI MapID="1310" xpos="925.148" ypos="191.671" zpos="496.917" type="tw_guides.tw_lws4.tw_lws4_thunderheadpeaks.tw_lws4_thunderheadpeaks_hiddentreasure" GUID="quxmjuQz+kGkoqIAIWE3DQ=="/>
		<POI MapID="1310" xpos="934.08" ypos="184.972" zpos="452.161" type="tw_guides.tw_lws4.tw_lws4_thunderheadpeaks.tw_lws4_thunderheadpeaks_hiddentreasure" GUID="7/IV/NtEfUCGjrKODpJ8lw=="/>
		<POI MapID="1310" xpos="938.262" ypos="241.856" zpos="334.743" type="tw_guides.tw_lws4.tw_lws4_thunderheadpeaks.tw_lws4_thunderheadpeaks_hiddentreasure" GUID="WeCHD9iQpEe7LvtolK+jLw=="/>
		<POI MapID="1310" xpos="982.77" ypos="239.95" zpos="252.277" type="tw_guides.tw_lws4.tw_lws4_thunderheadpeaks.tw_lws4_thunderheadpeaks_hiddentreasure" GUID="6W4bRyqqYUyHetNt+VMEgA=="/>
		<POI MapID="1310" xpos="916.225" ypos="195.599" zpos="651.074" type="tw_guides.tw_lws4.tw_lws4_thunderheadpeaks.tw_lws4_thunderheadpeaks_hiddentreasure" GUID="gjgyBJWbekqxcdzrgSz+0g=="/>
		<POI MapID="1310" xpos="988.465" ypos="208.926" zpos="492.692" type="tw_guides.tw_lws4.tw_lws4_thunderheadpeaks.tw_lws4_thunderheadpeaks_hiddentreasure" GUID="ebp2M3XmXkiWpN3oz3utvg=="/>
		<POI MapID="1310" xpos="915.584" ypos="246.221" zpos="555.326" type="tw_guides.tw_lws4.tw_lws4_thunderheadpeaks.tw_lws4_thunderheadpeaks_dwarvenchests.tw_lws4_thunderheadpeaks_dwarvenchests_dwarvenchest" GUID="e3C1DmFXskOHB/dH2czONg=="/>
		<POI MapID="1310" xpos="913.02" ypos="246.218" zpos="548.781" type="tw_guides.tw_lws4.tw_lws4_thunderheadpeaks.tw_lws4_thunderheadpeaks_hiddentreasure" GUID="3I4sa9kjYUKMLopd0slt+Q=="/>
		<POI MapID="1310" xpos="350.835" ypos="188.654" zpos="-263.539" type="tw_guides.tw_lws4.tw_lws4_thunderheadpeaks.tw_lws4_thunderheadpeaks_tradecache" GUID="cJJN6LQ8oE+7n3Co6Ut/dw=="/>
		<POI MapID="1310" xpos="-616.344" ypos="3.85724" zpos="-916.712" type="tw_guides.tw_lws4.tw_lws4_thunderheadpeaks.tw_lws4_thunderheadpeaks_tradecache" GUID="53O1jS10S0O5vCnCNjab8Q=="/>
		<POI MapID="1310" xpos="-399.647" ypos="1.17564" zpos="-986.623" type="tw_guides.tw_lws4.tw_lws4_thunderheadpeaks.tw_lws4_thunderheadpeaks_snowheap" GUID="35j2Twpu+0SISRd6FEnQZQ=="/>
		<POI MapID="1310" xpos="-116.168" ypos="2.63558" zpos="-1002.16" type="tw_guides.tw_lws4.tw_lws4_thunderheadpeaks.tw_lws4_thunderheadpeaks_tradecache" GUID="YHamP6jRAECULl/VeB1uAw=="/>
		<POI MapID="1310" xpos="-179.336" ypos="16.0162" zpos="-584.76" type="tw_guides.tw_lws4.tw_lws4_thunderheadpeaks.tw_lws4_thunderheadpeaks_tradecache" GUID="OZGvG3yIkEmccCUrLBQudw=="/>
		<POI MapID="1310" xpos="-374.897" ypos="29.4866" zpos="-548.464" type="tw_guides.tw_lws4.tw_lws4_thunderheadpeaks.tw_lws4_thunderheadpeaks_tradecache" GUID="9BTYlCt0HUqcqxc0xY3D2Q=="/>
		<POI MapID="1310" xpos="-96.8529" ypos="353.456" zpos="-34.4874" type="tw_guides.tw_lws4.tw_lws4_thunderheadpeaks.tw_lws4_thunderheadpeaks_tradecache" GUID="M1ZA+nCUSkq/58tOrCIF3g=="/>
		<POI MapID="1310" xpos="-103.318" ypos="359.776" zpos="-106.664" type="tw_guides.tw_lws4.tw_lws4_thunderheadpeaks.tw_lws4_thunderheadpeaks_tradecache" GUID="4DgaKpR4j0GKYePtiZhZUQ=="/>
		<POI MapID="1310" xpos="-369.915" ypos="320.361" zpos="-6.07541" type="tw_guides.tw_lws4.tw_lws4_thunderheadpeaks.tw_lws4_thunderheadpeaks_tradecache" GUID="6Takzt4v20+1Mj7/fiFFgQ=="/>
		<POI MapID="1310" xpos="252.086" ypos="243.206" zpos="1121.53" type="tw_guides.tw_lws4.tw_lws4_thunderheadpeaks.tw_lws4_thunderheadpeaks_tradecache" GUID="oUI0wHVGoEOmRlUvhv7mrw=="/>
		<POI MapID="1310" xpos="313.694" ypos="378.259" zpos="606.991" type="tw_guides.tw_lws4.tw_lws4_thunderheadpeaks.tw_lws4_thunderheadpeaks_tradecache" GUID="D+OoI9vBOUOSGIZcfE2oxg=="/>
		<POI MapID="1310" xpos="560.365" ypos="355.855" zpos="507.142" type="tw_guides.tw_lws4.tw_lws4_thunderheadpeaks.tw_lws4_thunderheadpeaks_tradecache" GUID="LJaSOYGz2kiwdxL03QKdKg=="/>
		<POI MapID="1310" xpos="-153.166" ypos="344.064" zpos="108.154" type="tw_guides.tw_lws4.tw_lws4_thunderheadpeaks.tw_lws4_thunderheadpeaks_tradecache" GUID="qsDnHPKGikyywi9y895yeA=="/>
		<POI MapID="1310" xpos="-6.81158" ypos="216.19" zpos="1129.04" type="tw_guides.tw_lws4.tw_lws4_thunderheadpeaks.tw_lws4_thunderheadpeaks_tradecache" GUID="AdDcTg1Dh06N84z7JH1Seg=="/>
		<POI MapID="1310" xpos="408.025" ypos="294.307" zpos="952.858" type="tw_guides.tw_lws4.tw_lws4_thunderheadpeaks.tw_lws4_thunderheadpeaks_tradecache" GUID="1cmTAIzKB0iYZjlDVWc+7g=="/>
		<POI MapID="1310" xpos="822.029" ypos="190.326" zpos="598.382" type="tw_guides.tw_lws4.tw_lws4_thunderheadpeaks.tw_lws4_thunderheadpeaks_hiddentreasure" GUID="FzwnjJXvgEm7aeJfMNOa3A=="/>
		<POI MapID="1310" xpos="795.755" ypos="181.863" zpos="650.314" type="tw_guides.tw_lws4.tw_lws4_thunderheadpeaks.tw_lws4_thunderheadpeaks_hiddentreasure" GUID="IAV+GlDfyEeBhLBR8ogG6A=="/>
		<POI MapID="1310" xpos="964.104" ypos="235.015" zpos="318.63" type="tw_guides.tw_lws4.tw_lws4_thunderheadpeaks.tw_lws4_thunderheadpeaks_hiddentreasure" GUID="Y+mk6CYtDk+4sM9OaviQmw=="/>
		<POI MapID="1310" xpos="912.75" ypos="240.502" zpos="300.616" type="tw_guides.tw_lws4.tw_lws4_thunderheadpeaks.tw_lws4_thunderheadpeaks_hiddentreasure" GUID="BMEXnFmlK0KoQrFCurtX/Q=="/>
		<POI MapID="1310" xpos="958.474" ypos="196.134" zpos="630.976" type="tw_guides.tw_lws4.tw_lws4_thunderheadpeaks.tw_lws4_thunderheadpeaks_hiddentreasure" GUID="24DZBPJ0mkStXfMJcg4N2A=="/>
		<POI MapID="1310" xpos="985.963" ypos="208.938" zpos="484.272" type="tw_guides.tw_lws4.tw_lws4_thunderheadpeaks.tw_lws4_thunderheadpeaks_hiddentreasure" GUID="hBPtQKLBf0GZ3Qd40I5E7A=="/>
		<POI MapID="1310" xpos="186.395" ypos="259.729" zpos="989.329" type="tw_guides.tw_lws4.tw_lws4_thunderheadpeaks.tw_lws4_thunderheadpeaks_tradecache" GUID="eo63JB4fg0eeltN3XOAncw=="/>
		<POI MapID="1310" xpos="607.517" ypos="183.359" zpos="-215.301" type="tw_guides.tw_lws4.tw_lws4_thunderheadpeaks.tw_lws4_thunderheadpeaks_dragoncrystalnodes.tw_lws4_thunderheadpeaks_dragoncrystalnodes_dragoncrystalnode" GUID="OSjG/dQ2jEeVjOqTlp8bzg=="/>
		<POI MapID="1310" xpos="596.281" ypos="202.084" zpos="-147.152" type="tw_guides.tw_lws4.tw_lws4_thunderheadpeaks.tw_lws4_thunderheadpeaks_tradecache" GUID="Q97M3PfV/Eu0Sd5NsiP+Cg=="/>
		<POI MapID="1310" xpos="439.842" ypos="346.203" zpos="358.837" type="tw_guides.tw_lws4.tw_lws4_thunderheadpeaks.tw_lws4_thunderheadpeaks_snowheap" GUID="l8XirvRxD0yRmBhYoz7Taw=="/>
		<POI MapID="1310" xpos="517.909" ypos="385.238" zpos="252.279" type="tw_guides.tw_lws4.tw_lws4_thunderheadpeaks.tw_lws4_thunderheadpeaks_snowheap" GUID="tzFiHitgbkqQgon1zu4dsQ=="/>
		<POI MapID="1310" xpos="447.811" ypos="335.335" zpos="27.4633" type="tw_guides.tw_lws4.tw_lws4_thunderheadpeaks.tw_lws4_thunderheadpeaks_dragoncrystalnodes.tw_lws4_thunderheadpeaks_dragoncrystalnodes_dragoncrystalnode" GUID="v5jMoIoFJUW6+nNWiwxJRQ=="/>
		<POI MapID="1310" xpos="-704.618" ypos="16.6696" zpos="-623.095" type="tw_guides.tw_lws4.tw_lws4_thunderheadpeaks.tw_lws4_thunderheadpeaks_snowheap" GUID="9ChepwZJHUmqVoRETUhWow=="/>
		<POI MapID="1310" xpos="-714.334" ypos="17.8255" zpos="-1020.18" type="tw_guides.tw_lws4.tw_lws4_thunderheadpeaks.tw_lws4_thunderheadpeaks_snowheap" GUID="EdM/lqmZ9Eil7wws4JaUVg=="/>
		<POI MapID="1310" xpos="147.398" ypos="4.92329" zpos="-560.867" type="tw_guides.tw_lws4.tw_lws4_thunderheadpeaks.tw_lws4_thunderheadpeaks_tradecache" GUID="rFOh8rcNmkK82OY/kcnCqQ=="/>
		<POI MapID="1310" xpos="-196.165" ypos="415.306" zpos="237.119" type="tw_guides.tw_lws4.tw_lws4_thunderheadpeaks.tw_lws4_thunderheadpeaks_tradecache" GUID="PmpMu71Vr0qTRCM45ipPDA=="/>
		<POI MapID="1310" xpos="-250.072" ypos="368.072" zpos="-165.491" type="tw_guides.tw_lws4.tw_lws4_thunderheadpeaks.tw_lws4_thunderheadpeaks_tradecache" GUID="b+5Dn7AW6U+Xv9yBO0mToQ=="/>
		<POI MapID="1310" xpos="383.867" ypos="179.335" zpos="-210.665" type="tw_guides.tw_lws4.tw_lws4_thunderheadpeaks.tw_lws4_thunderheadpeaks_tradecache" GUID="jsjnUX2RcUu7a/MK0V1ayg=="/>
		<POI MapID="1310" xpos="519.462" ypos="169.425" zpos="-233.838" type="tw_guides.tw_lws4.tw_lws4_thunderheadpeaks.tw_lws4_thunderheadpeaks_tradecache" GUID="A7BO03K8FEqotTazAU1XJw=="/>
		<POI MapID="1310" xpos="-115.818" ypos="216.596" zpos="-287.977" type="tw_guides.tw_lws4.tw_lws4_thunderheadpeaks.tw_lws4_thunderheadpeaks_dragoncrystalnodes.tw_lws4_thunderheadpeaks_dragoncrystalnodes_dragoncrystalnode" GUID="+JuzXYYQIEGGd+57Lk22zQ=="/>
		<POI MapID="1310" xpos="-505.767" ypos="22.2842" zpos="-525.043" type="tw_guides.tw_lws4.tw_lws4_thunderheadpeaks.tw_lws4_thunderheadpeaks_tradecache" GUID="KmayUkdOcEG8ZJwzIXqe4g=="/>
		<POI MapID="1310" xpos="-894.907" ypos="3.57246" zpos="-849.017" type="tw_guides.tw_lws4.tw_lws4_thunderheadpeaks.tw_lws4_thunderheadpeaks_tradecache" GUID="2fJAlFz7bUW8uWe1jn0mVw=="/>
		<POI MapID="1310" xpos="-740.738" ypos="33.0633" zpos="-938.433" type="tw_guides.tw_lws4.tw_lws4_thunderheadpeaks.tw_lws4_thunderheadpeaks_tradecache" GUID="ssUW4Ssk1EKrmkMJ9pxuHQ=="/>
		<POI MapID="1310" xpos="-293.53" ypos="2.30171" zpos="-878.484" type="tw_guides.tw_lws4.tw_lws4_thunderheadpeaks.tw_lws4_thunderheadpeaks_dragoncrystalnodes.tw_lws4_thunderheadpeaks_dragoncrystalnodes_dragoncrystalnode" GUID="KXhyTLP0f0qhnieLSVHPEQ=="/>
		<POI MapID="1310" xpos="-297.362" ypos="4.90479" zpos="-912.578" type="tw_guides.tw_lws4.tw_lws4_thunderheadpeaks.tw_lws4_thunderheadpeaks_dragoncrystalnodes.tw_lws4_thunderheadpeaks_dragoncrystalnodes_dragoncrystalnode" GUID="kXQg1gFHIECegsmApdQdJA=="/>
		<POI MapID="1310" xpos="-239.269" ypos="2.38298" zpos="-896.299" type="tw_guides.tw_lws4.tw_lws4_thunderheadpeaks.tw_lws4_thunderheadpeaks_dragoncrystalnodes.tw_lws4_thunderheadpeaks_dragoncrystalnodes_dragoncrystalnode" GUID="rB4hR1Zdd0GFlITf7BX66w=="/>
		<POI MapID="1310" xpos="695.445" ypos="354.324" zpos="851.004" type="tw_guides.tw_lws4.tw_lws4_thunderheadpeaks.tw_lws4_thunderheadpeaks_dragoncrystalnodes.tw_lws4_thunderheadpeaks_dragoncrystalnodes_dragoncrystalnode" GUID="Va/3EV3DpkepMtEgo5Vkgw=="/>
		<POI MapID="1310" xpos="640.928" ypos="371.846" zpos="971.55" type="tw_guides.tw_lws4.tw_lws4_thunderheadpeaks.tw_lws4_thunderheadpeaks_dragoncrystalnodes.tw_lws4_thunderheadpeaks_dragoncrystalnodes_dragoncrystalnode" GUID="4zkvTSNjFkWkV1B746hUbw=="/>
		<POI MapID="1310" xpos="629.023" ypos="357.619" zpos="1068.44" type="tw_guides.tw_lws4.tw_lws4_thunderheadpeaks.tw_lws4_thunderheadpeaks_dragoncrystalnodes.tw_lws4_thunderheadpeaks_dragoncrystalnodes_dragoncrystalnode" GUID="aWqCxzuKxkKIXtelHJKfqA=="/>
		<POI MapID="1310" xpos="688.801" ypos="373.495" zpos="1102.2" type="tw_guides.tw_lws4.tw_lws4_thunderheadpeaks.tw_lws4_thunderheadpeaks_dragoncrystalnodes.tw_lws4_thunderheadpeaks_dragoncrystalnodes_dragoncrystalnode" GUID="1xz9YfNmfUqav48gUib/pw=="/>
		<POI MapID="1310" xpos="880.656" ypos="370.89" zpos="792.723" type="tw_guides.tw_lws4.tw_lws4_thunderheadpeaks.tw_lws4_thunderheadpeaks_dragoncrystalnodes.tw_lws4_thunderheadpeaks_dragoncrystalnodes_dragoncrystalnode" GUID="5kNyLigj50Cn7UECnOOowA=="/>
		<POI MapID="1310" xpos="267.762" ypos="346.82" zpos="-29.4944" type="tw_guides.tw_lws4.tw_lws4_thunderheadpeaks.tw_lws4_thunderheadpeaks_snowheap" GUID="ajOFkYazuEqW1Z6gOSYM7Q=="/>
		<POI MapID="1310" xpos="535.359" ypos="370.574" zpos="336.954" type="tw_guides.tw_lws4.tw_lws4_thunderheadpeaks.tw_lws4_thunderheadpeaks_tradecache" GUID="M0tzL3qDTkSU1oEOTy1B9A=="/>
		<POI MapID="1310" xpos="-263.001" ypos="2.9588" zpos="-865.499" type="tw_guides.tw_lws4.tw_lws4_thunderheadpeaks.tw_lws4_thunderheadpeaks_dragoncrystalnodes.tw_lws4_thunderheadpeaks_dragoncrystalnodes_dragoncrystalnode" GUID="jTkKg8oZzUKd8ZezJoDFvw=="/>
		<POI MapID="1310" xpos="620.154" ypos="359.491" zpos="441.871" type="tw_guides.tw_lws4.tw_lws4_thunderheadpeaks.tw_lws4_thunderheadpeaks_tradecache" GUID="MJVsYmTL1kqDnBCCQgHqDw=="/>
		<POI MapID="1310" xpos="467.155" ypos="351.964" zpos="539.705" type="tw_guides.tw_lws4.tw_lws4_thunderheadpeaks.tw_lws4_thunderheadpeaks_tradecache" GUID="prMfYAn5x0iABWTxKHoV4Q=="/>
		<POI MapID="1310" xpos="403.627" ypos="333.113" zpos="566.594" type="tw_guides.tw_lws4.tw_lws4_thunderheadpeaks.tw_lws4_thunderheadpeaks_tradecache" GUID="mFxp1bng5E6KJV4R0p6zLw=="/>
		<POI MapID="1310" xpos="237.421" ypos="373.384" zpos="661.518" type="tw_guides.tw_lws4.tw_lws4_thunderheadpeaks.tw_lws4_thunderheadpeaks_tradecache" GUID="VZnjjeId702x3f0fNCTB4g=="/>
		<POI MapID="1310" xpos="148.815" ypos="328.38" zpos="521.288" type="tw_guides.tw_lws4.tw_lws4_thunderheadpeaks.tw_lws4_thunderheadpeaks_dragoncrystalnodes.tw_lws4_thunderheadpeaks_dragoncrystalnodes_dragoncrystalnode" GUID="kAzuGEFlWkalCcZHLNhPqA=="/>
		<POI MapID="1310" xpos="-334.34" ypos="2.67843" zpos="-682.082" type="tw_guides.tw_lws4.tw_lws4_thunderheadpeaks.tw_lws4_thunderheadpeaks_tradecache" GUID="jusIhlhznkSf88R07PdBpQ=="/>
		<POI MapID="1310" xpos="-392.018" ypos="10.2497" zpos="-892.765" type="tw_guides.tw_lws4.tw_lws4_thunderheadpeaks.tw_lws4_thunderheadpeaks_tradecache" GUID="Tc51dNsvU0aU+TueJ4r1iA=="/>
		<POI MapID="1310" xpos="-781.975" ypos="7.27342" zpos="-976.696" type="tw_guides.tw_lws4.tw_lws4_thunderheadpeaks.tw_lws4_thunderheadpeaks_tradecache" GUID="aQWZ3mTOekixF9qkkGR4nw=="/>
		<POI MapID="1310" xpos="316.524" ypos="188.851" zpos="-199.787" type="tw_guides.tw_lws4.tw_lws4_thunderheadpeaks.tw_lws4_thunderheadpeaks_tradecache" GUID="cdBnWGH9HEy3YCduDFqgVw=="/>
		<POI MapID="1310" xpos="-622.748" ypos="3.90715" zpos="-858.085" type="tw_guides.tw_lws4.tw_lws4_thunderheadpeaks.tw_lws4_thunderheadpeaks_snowheap" GUID="HALwXwhY3EqKvP96s1HgEA=="/>
		<POI MapID="1310" xpos="-257.023" ypos="4.41041" zpos="-923.62" type="tw_guides.tw_lws4.tw_lws4_thunderheadpeaks.tw_lws4_thunderheadpeaks_dragoncrystalnodes.tw_lws4_thunderheadpeaks_dragoncrystalnodes_dragoncrystalnode" GUID="NyOQqNoaZ0y7VDiGsjfj2w=="/>
		<POI MapID="1310" xpos="965.7" ypos="185.118" zpos="447.624" type="tw_guides.tw_lws4.tw_lws4_thunderheadpeaks.tw_lws4_thunderheadpeaks_hiddentreasure" GUID="iFtNjAlUf0Wk9gaktaBLwA=="/>
		<POI MapID="1310" xpos="765.15" ypos="245.451" zpos="397.886" type="tw_guides.tw_lws4.tw_lws4_thunderheadpeaks.tw_lws4_thunderheadpeaks_hiddentreasure" GUID="2hwwoLPclES56M6IOOgukw=="/>
		<POI MapID="1310" xpos="774.102" ypos="245.456" zpos="339.85" type="tw_guides.tw_lws4.tw_lws4_thunderheadpeaks.tw_lws4_thunderheadpeaks_hiddentreasure" GUID="1ZQSdVzkDkaKrltGme4jiw=="/>
		<POI MapID="1310" xpos="859.125" ypos="305.123" zpos="265.268" type="tw_guides.tw_lws4.tw_lws4_thunderheadpeaks.tw_lws4_thunderheadpeaks_hiddentreasure" GUID="DEkcNJsfykmIOhQA/MdvQw=="/>
		<POI MapID="1310" xpos="954.585" ypos="318.464" zpos="84.0927" type="tw_guides.tw_lws4.tw_lws4_thunderheadpeaks.tw_lws4_thunderheadpeaks_hiddentreasure" GUID="TDviYDkqskOEnWIcCZoLVw=="/>
		<POI MapID="1310" xpos="297.844" ypos="378.074" zpos="603.294" type="tw_guides.tw_lws4.tw_lws4_thunderheadpeaks.tw_lws4_thunderheadpeaks_tradecache" GUID="qy7jGA4Fx0GmrrtikP6ZAA=="/>
		<POI MapID="1310" xpos="608.457" ypos="371.526" zpos="531.437" type="tw_guides.tw_lws4.tw_lws4_thunderheadpeaks.tw_lws4_thunderheadpeaks_tradecache" GUID="aL2j6225Y0C40zqdQAkoqg=="/>
		<POI MapID="1310" xpos="-119.451" ypos="1.86894" zpos="-689.479" type="tw_guides.tw_lws4.tw_lws4_thunderheadpeaks.tw_lws4_thunderheadpeaks_tradecache" GUID="WqaSkTv7ekmLfhosfmQfFQ=="/>
		<POI MapID="1310" xpos="282.744" ypos="333.015" zpos="80.2602" type="tw_guides.tw_lws4.tw_lws4_thunderheadpeaks.tw_lws4_thunderheadpeaks_tradecache" GUID="FQU1BSdP7kmsibNsNrap/g=="/>
		<POI MapID="1310" xpos="-67.9342" ypos="262.757" zpos="-158.935" type="tw_guides.tw_lws4.tw_lws4_thunderheadpeaks.tw_lws4_thunderheadpeaks_tradecache" GUID="hJqlElHtEkuNh4bZHT5s6Q=="/>
		<POI MapID="1310" xpos="279.563" ypos="9.10567" zpos="-489.406" type="tw_guides.tw_lws4.tw_lws4_thunderheadpeaks.tw_lws4_thunderheadpeaks_dragoncrystalnodes.tw_lws4_thunderheadpeaks_dragoncrystalnodes_dragoncrystalnode" GUID="/DkdK+djBEy852v51GQZDQ=="/>
		<POI MapID="1310" xpos="655.79" ypos="373.18" zpos="1005.01" type="tw_guides.tw_lws4.tw_lws4_thunderheadpeaks.tw_lws4_thunderheadpeaks_tradecache" GUID="4vaZpuyUDUWzaOxBQhEzRg=="/>
		<POI MapID="1310" xpos="607.828" ypos="373.795" zpos="917.687" type="tw_guides.tw_lws4.tw_lws4_thunderheadpeaks.tw_lws4_thunderheadpeaks_dragoncrystalnodes.tw_lws4_thunderheadpeaks_dragoncrystalnodes_dragoncrystalnode" GUID="x0XGNNNmmkKj9sktKeykEA=="/>
		<POI MapID="1310" xpos="747.792" ypos="349.01" zpos="793.51" type="tw_guides.tw_lws4.tw_lws4_thunderheadpeaks.tw_lws4_thunderheadpeaks_dragoncrystalnodes.tw_lws4_thunderheadpeaks_dragoncrystalnodes_dragoncrystalnode" GUID="IaDCP96tEkiD3o5bTLwgwg=="/>
		<POI MapID="1310" xpos="854.877" ypos="366.422" zpos="774.606" type="tw_guides.tw_lws4.tw_lws4_thunderheadpeaks.tw_lws4_thunderheadpeaks_dragoncrystalnodes.tw_lws4_thunderheadpeaks_dragoncrystalnodes_dragoncrystalnode" GUID="+W6OBTKmpEKZYdKhPKcu7A=="/>
		<POI MapID="1310" xpos="832.136" ypos="366.38" zpos="984.82" type="tw_guides.tw_lws4.tw_lws4_thunderheadpeaks.tw_lws4_thunderheadpeaks_snowheap" GUID="Ms/OT71SEk2SytUiN9YE5w=="/>
		<POI MapID="1310" xpos="772.156" ypos="372.007" zpos="862.65" type="tw_guides.tw_lws4.tw_lws4_thunderheadpeaks.tw_lws4_thunderheadpeaks_dragoncrystalnodes.tw_lws4_thunderheadpeaks_dragoncrystalnodes_dragoncrystalnode" GUID="ZYjgkq5B2kCyKfOebldflg=="/>
		<POI MapID="1310" xpos="570.768" ypos="348.866" zpos="1010.78" type="tw_guides.tw_lws4.tw_lws4_thunderheadpeaks.tw_lws4_thunderheadpeaks_dragoncrystalnodes.tw_lws4_thunderheadpeaks_dragoncrystalnodes_dragoncrystalnode" GUID="c4ibzYgAe0yEkUfisxZSXg=="/>
		<POI MapID="1310" xpos="587.16" ypos="352.027" zpos="917.596" type="tw_guides.tw_lws4.tw_lws4_thunderheadpeaks.tw_lws4_thunderheadpeaks_dragoncrystalnodes.tw_lws4_thunderheadpeaks_dragoncrystalnodes_dragoncrystalnode" GUID="d5jp6Ams6UC/fTvVNSHITQ=="/>
		<POI MapID="1310" xpos="125.05" ypos="319.243" zpos="-237.073" type="tw_guides.tw_lws4.tw_lws4_thunderheadpeaks.tw_lws4_thunderheadpeaks_dragoncrystalnodes.tw_lws4_thunderheadpeaks_dragoncrystalnodes_dragoncrystalnode" GUID="VqYF7yIkPk+2RAAMCjkK3g=="/>
		<POI MapID="1310" xpos="255.715" ypos="357.036" zpos="553.6" type="tw_guides.tw_lws4.tw_lws4_thunderheadpeaks.tw_lws4_thunderheadpeaks_tradecache" GUID="yDgjwaZICUmfvGip+iDkMA=="/>
		<POI MapID="1310" xpos="-645.167" ypos="2.17733" zpos="-776.698" type="tw_guides.tw_lws4.tw_lws4_thunderheadpeaks.tw_lws4_thunderheadpeaks_tradecache" GUID="VL6DbC8a5k+OLKmuNSQKPg=="/>
		<POI MapID="1310" xpos="-329.772" ypos="20.3196" zpos="-920.292" type="tw_guides.tw_lws4.tw_lws4_thunderheadpeaks.tw_lws4_thunderheadpeaks_tradecache" GUID="WHWcrNEbd0+06pKrEAjLeg=="/>
		<POI MapID="1310" xpos="764.332" ypos="381.915" zpos="966.617" type="tw_guides.tw_lws4.tw_lws4_thunderheadpeaks.tw_lws4_thunderheadpeaks_dragoncrystalnodes.tw_lws4_thunderheadpeaks_dragoncrystalnodes_dragoncrystalnode" GUID="o2KT8yMdJUe7h05VB2MJmg=="/>
		<POI MapID="1310" xpos="675.813" ypos="353.35" zpos="897.36" type="tw_guides.tw_lws4.tw_lws4_thunderheadpeaks.tw_lws4_thunderheadpeaks_dragoncrystalnodes.tw_lws4_thunderheadpeaks_dragoncrystalnodes_dragoncrystalnode" GUID="2ucI1bN0z0CqHvXM8aj5Yw=="/>
		<POI MapID="1310" xpos="823.434" ypos="370.628" zpos="1123.72" type="tw_guides.tw_lws4.tw_lws4_thunderheadpeaks.tw_lws4_thunderheadpeaks_dragoncrystalnodes.tw_lws4_thunderheadpeaks_dragoncrystalnodes_dragoncrystalnode" GUID="zhNg2Ynw2UGa5Ru2GCdO+g=="/>
		<POI MapID="1310" xpos="597.27" ypos="364.844" zpos="1080.85" type="tw_guides.tw_lws4.tw_lws4_thunderheadpeaks.tw_lws4_thunderheadpeaks_dragoncrystalnodes.tw_lws4_thunderheadpeaks_dragoncrystalnodes_dragoncrystalnode" GUID="4yAZI+Qs2EaPhOcZhy305Q=="/>
		<POI MapID="1310" xpos="-523.665" ypos="312.429" zpos="90.7079" type="tw_guides.tw_lws4.tw_lws4_thunderheadpeaks.tw_lws4_thunderheadpeaks_tradecache" GUID="KIwX/XUwX0qOJvWwKM8tXA=="/>
		<POI MapID="1310" xpos="-486.243" ypos="2.41937" zpos="-525.192" type="tw_guides.tw_lws4.tw_lws4_thunderheadpeaks.tw_lws4_thunderheadpeaks_tradecache" GUID="L5jrO5X+8E+Ri5vcBCUdOg=="/>
		<POI MapID="1310" xpos="142.359" ypos="308.868" zpos="79.5212" type="tw_guides.tw_lws4.tw_lws4_thunderheadpeaks.tw_lws4_thunderheadpeaks_tradecache" GUID="U+snAsMv8k6EdwUPjK7Bmw=="/>
		<POI MapID="1310" xpos="321.476" ypos="404.454" zpos="641.21" type="tw_guides.tw_lws4.tw_lws4_thunderheadpeaks.tw_lws4_thunderheadpeaks_snowheap" GUID="misQonSr002H5afGCh+iCA=="/>
		<POI MapID="1310" xpos="-5.02611" ypos="245.084" zpos="-198.072" type="tw_guides.tw_lws4.tw_lws4_thunderheadpeaks.tw_lws4_thunderheadpeaks_tradecache" GUID="Mq6lEUgVcE231itXr+QdlA=="/>
		<POI MapID="1310" xpos="753.962" ypos="372.7" zpos="814.134" type="tw_guides.tw_lws4.tw_lws4_thunderheadpeaks.tw_lws4_thunderheadpeaks_dragoncrystalnodes.tw_lws4_thunderheadpeaks_dragoncrystalnodes_dragoncrystalnode" GUID="PWvfj3MCAUqF4lhSJxzZgA=="/>
		<POI MapID="1310" xpos="787.691" ypos="361.654" zpos="709.654" type="tw_guides.tw_lws4.tw_lws4_thunderheadpeaks.tw_lws4_thunderheadpeaks_dragoncrystalnodes.tw_lws4_thunderheadpeaks_dragoncrystalnodes_dragoncrystalnode" GUID="LWBF29FKAkKSLmKyqhf6BQ=="/>
		<POI MapID="1310" xpos="308.467" ypos="224.183" zpos="-50.6986" type="tw_guides.tw_lws4.tw_lws4_thunderheadpeaks.tw_lws4_thunderheadpeaks_tradecache" GUID="u/cPCqvLyEqgOGCavetG6A=="/>
		<POI MapID="1310" xpos="-276.569" ypos="264.775" zpos="1098.46" type="tw_guides.tw_lws4.tw_lws4_thunderheadpeaks.tw_lws4_thunderheadpeaks_richveins" GUID="LxcrGFZKM0+0GGhH1Dg3UA=="/>
		<POI MapID="1310" xpos="915.402" ypos="240.502" zpos="312.595" type="tw_guides.tw_lws4.tw_lws4_thunderheadpeaks.tw_lws4_thunderheadpeaks_hiddentreasure" GUID="1Y5JHgrlkU2dslSKQdBvhA=="/>
		<POI MapID="1310" xpos="955.433" ypos="239.509" zpos="293.987" type="tw_guides.tw_lws4.tw_lws4_thunderheadpeaks.tw_lws4_thunderheadpeaks_hiddentreasure" GUID="qaoaWC2ZYEWuEP2r6hUkKg=="/>
		<POI MapID="1310" xpos="771.09" ypos="185.045" zpos="621.385" type="tw_guides.tw_lws4.tw_lws4_thunderheadpeaks.tw_lws4_thunderheadpeaks_hiddentreasure" GUID="Whoeav5S30OVInfcPrPgxg=="/>
		<POI MapID="1310" xpos="852.088" ypos="178.256" zpos="714.274" type="tw_guides.tw_lws4.tw_lws4_thunderheadpeaks.tw_lws4_thunderheadpeaks_hiddentreasure" GUID="uQegVdOJ7EiI0JfqHl7abw=="/>
		<POI MapID="1310" xpos="543.114" ypos="386.723" zpos="171.569" type="tw_guides.tw_lws4.tw_lws4_thunderheadpeaks.tw_lws4_thunderheadpeaks_snowheap" GUID="07Q4P5KTk0K1CkuOVJBn2g=="/>
		<POI MapID="1310" xpos="405.655" ypos="205.189" zpos="-68.1937" type="tw_guides.tw_lws4.tw_lws4_thunderheadpeaks.tw_lws4_thunderheadpeaks_dwarvenchests.tw_lws4_thunderheadpeaks_dwarvenchests_signs.tw_lws4_thunderheadpeaks_dwarvenchests_startsigp2" GUID="Ud7uFKcSuEGylflcbZX3Mg=="/>
		<POI MapID="1310" xpos="371.741" ypos="1.10554" zpos="-835.603" type="tw_guides.tw_lws4.tw_lws4_thunderheadpeaks.tw_lws4_thunderheadpeaks_dwarvenchests.tw_lws4_thunderheadpeaks_dwarvenchests_signs.tw_lws4_thunderheadpeaks_dwarvenchests_finish" GUID="uiRB6IDPNU6AfQ9g3Q/pDA=="/>
		<POI MapID="1310" xpos="-500.167" ypos="140.465" zpos="1011.16" type="tw_guides.tw_lws4.tw_lws4_thunderheadpeaks.tw_lws4_thunderheadpeaks_dwarvenchests.tw_lws4_thunderheadpeaks_dwarvenchests_signs.tw_lws4_thunderheadpeaks_dwarvenchests_startsigp1" GUID="xa4feoeJtkGELdxlC/D59w=="/>
		<POI MapID="1310" xpos="-914.802" ypos="-6.97985" zpos="-915.576" type="tw_guides.tw_lws4.tw_lws4_thunderheadpeaks.tw_lws4_thunderheadpeaks_dwarvenchests.tw_lws4_thunderheadpeaks_dwarvenchests_signs.tw_lws4_thunderheadpeaks_dwarvenchests_teleport1" GUID="dGACOkgECk6SECqz9rWTZA=="/>
		<POI MapID="1310" xpos="-468.354" ypos="313.911" zpos="-10.7201" type="tw_guides.tw_lws4.tw_lws4_thunderheadpeaks.tw_lws4_thunderheadpeaks_tradecache" GUID="Jyf+MIsCPEemmw9LQdcsjg=="/>
		<POI MapID="1310" xpos="523.633" ypos="185.494" zpos="-225.11" type="tw_guides.tw_lws4.tw_lws4_thunderheadpeaks.tw_lws4_thunderheadpeaks_tradecache" GUID="ytc6DAqGIkWxyO0a+5V68A=="/>
		<POI MapID="1310" xpos="-853.524" ypos="6.81181" zpos="-712.83" type="tw_guides.tw_lws4.tw_lws4_thunderheadpeaks.tw_lws4_thunderheadpeaks_tradecache" GUID="cfCF02sd3UaMQrLoc+78Xw=="/>
		<POI MapID="1310" xpos="256.268" ypos="355.509" zpos="423.185" type="tw_guides.tw_lws4.tw_lws4_thunderheadpeaks.tw_lws4_thunderheadpeaks_tradecache" GUID="YusoiE0qwkKW/wXjQipriA=="/>
		<POI MapID="1310" xpos="-285.394" ypos="101.186" zpos="-430.421" type="tw_guides.tw_lws4.tw_lws4_thunderheadpeaks.tw_lws4_thunderheadpeaks_dragoncrystalnodes.tw_lws4_thunderheadpeaks_dragoncrystalnodes_signs.tw_lws4_thunderheadpeaks_dragoncrystalnodes_finish" GUID="GYg8i+cQfEiL05JCtvs0Zw=="/>
		<POI MapID="1310" xpos="510.533" ypos="366.453" zpos="658.328" type="tw_guides.tw_lws4.tw_lws4_thunderheadpeaks.tw_lws4_thunderheadpeaks_dragoncrystalnodes.tw_lws4_thunderheadpeaks_dragoncrystalnodes_signs.tw_lws4_thunderheadpeaks_dragoncrystalnodes_startsign" GUID="891cRKY7UkSDfn3EFtBiAg=="/>
		<POI MapID="1310" xpos="952.191" ypos="196.134" zpos="647.673" type="tw_guides.tw_lws4.tw_lws4_thunderheadpeaks.tw_lws4_thunderheadpeaks_hiddentreasure" GUID="AJx0SGhMMUe6VfOL1gRNHA=="/>
		<POI MapID="1310" xpos="975.315" ypos="213.548" zpos="491.672" type="tw_guides.tw_lws4.tw_lws4_thunderheadpeaks.tw_lws4_thunderheadpeaks_hiddentreasure" GUID="K0mBRyht8UC+L8U100z6Kg=="/>
		<POI MapID="1310" xpos="771.098" ypos="245.409" zpos="425.722" type="tw_guides.tw_lws4.tw_lws4_thunderheadpeaks.tw_lws4_thunderheadpeaks_hiddentreasure" GUID="ayihZwXRpUS6E9vZ70Atfg=="/>
		<POI MapID="1310" xpos="829.31" ypos="245.456" zpos="337.18" type="tw_guides.tw_lws4.tw_lws4_thunderheadpeaks.tw_lws4_thunderheadpeaks_hiddentreasure" GUID="CWNpFhfshkG/W9sq21N0Lg=="/>
		<POI MapID="1310" xpos="750.276" ypos="185.09" zpos="639.569" type="tw_guides.tw_lws4.tw_lws4_thunderheadpeaks.tw_lws4_thunderheadpeaks_hiddentreasure" GUID="DWcCzPJlO0WSphg3PujjyA=="/>
		<POI MapID="1310" xpos="764.04" ypos="182.239" zpos="657.458" type="tw_guides.tw_lws4.tw_lws4_thunderheadpeaks.tw_lws4_thunderheadpeaks_hiddentreasure" GUID="Uo6IeDoyFkqMSX49GFiLZg=="/>
		<POI MapID="1310" xpos="918.155" ypos="305.497" zpos="261.367" type="tw_guides.tw_lws4.tw_lws4_thunderheadpeaks.tw_lws4_thunderheadpeaks_hiddentreasure" GUID="wQLmStgv4Ue5IDvScJTLqw=="/>
		<POI MapID="1310" xpos="285.187" ypos="291.195" zpos="-245.978" type="tw_guides.tw_lws4.tw_lws4_thunderheadpeaks.tw_lws4_thunderheadpeaks_snowheap" GUID="+8kdjgO3UkunpxHTf9YoSg=="/>
		<POI MapID="1310" xpos="68.7793" ypos="300.435" zpos="-219.916" type="tw_guides.tw_lws4.tw_lws4_thunderheadpeaks.tw_lws4_thunderheadpeaks_tradecache" GUID="4cVMO+uXzEShbTYcElETxA=="/>
		<POI MapID="1310" xpos="916.22" ypos="185.088" zpos="411.583" type="tw_guides.tw_lws4.tw_lws4_thunderheadpeaks.tw_lws4_thunderheadpeaks_hiddentreasure" GUID="9xis4uONd0m5a7xIobFvjg=="/>
		<POI MapID="1310" xpos="910.238" ypos="185.502" zpos="422.728" type="tw_guides.tw_lws4.tw_lws4_thunderheadpeaks.tw_lws4_thunderheadpeaks_hiddentreasure" GUID="gjA3/rPD0U64ZtjlR/t6mQ=="/>
		<POI MapID="1310" xpos="934.335" ypos="184.924" zpos="411.191" type="tw_guides.tw_lws4.tw_lws4_thunderheadpeaks.tw_lws4_thunderheadpeaks_hiddentreasure" GUID="tROkRdH/BUGxqgygHpUspw=="/>
		<POI MapID="1310" xpos="946.544" ypos="185.6" zpos="411.451" type="tw_guides.tw_lws4.tw_lws4_thunderheadpeaks.tw_lws4_thunderheadpeaks_hiddentreasure" GUID="2K5Rzh8eqkKTihbS+80KNA=="/>
		<POI MapID="1310" xpos="967.66" ypos="187.097" zpos="412.709" type="tw_guides.tw_lws4.tw_lws4_thunderheadpeaks.tw_lws4_thunderheadpeaks_hiddentreasure" GUID="Z1lP954TekmTdKKSBDKX/g=="/>
		<POI MapID="1310" xpos="931.138" ypos="191.592" zpos="492.595" type="tw_guides.tw_lws4.tw_lws4_thunderheadpeaks.tw_lws4_thunderheadpeaks_hiddentreasure" GUID="qZVer5VDaE293VUM0oE+Sw=="/>
		<POI MapID="1310" xpos="921.836" ypos="191.637" zpos="498.34" type="tw_guides.tw_lws4.tw_lws4_thunderheadpeaks.tw_lws4_thunderheadpeaks_hiddentreasure" GUID="zkGakjnQz0aNLmu5JJuauw=="/>
		<POI MapID="1310" xpos="903.844" ypos="192.406" zpos="483.401" type="tw_guides.tw_lws4.tw_lws4_thunderheadpeaks.tw_lws4_thunderheadpeaks_hiddentreasure" GUID="TcIieClHWUmFIclqRZtSyg=="/>
		<POI MapID="1310" xpos="873.93" ypos="195.125" zpos="579.005" type="tw_guides.tw_lws4.tw_lws4_thunderheadpeaks.tw_lws4_thunderheadpeaks_hiddentreasure" GUID="I5wblkZPyk6RkxaUP+ds2Q=="/>
		<POI MapID="1310" xpos="864.511" ypos="195.123" zpos="601.356" type="tw_guides.tw_lws4.tw_lws4_thunderheadpeaks.tw_lws4_thunderheadpeaks_hiddentreasure" GUID="DYaNj+1sQ0uMP4+uunY0Ag=="/>
		<POI MapID="1310" xpos="938.202" ypos="195.257" zpos="639.501" type="tw_guides.tw_lws4.tw_lws4_thunderheadpeaks.tw_lws4_thunderheadpeaks_hiddentreasure" GUID="ipFfrMQgMEm1f9a3FkFeig=="/>
		<POI MapID="1310" xpos="950.457" ypos="187.063" zpos="645.185" type="tw_guides.tw_lws4.tw_lws4_thunderheadpeaks.tw_lws4_thunderheadpeaks_hiddentreasure" GUID="xgBCNOsLoUuw79LGwS50oQ=="/>
		<POI MapID="1310" xpos="958.369" ypos="188.155" zpos="585.676" type="tw_guides.tw_lws4.tw_lws4_thunderheadpeaks.tw_lws4_thunderheadpeaks_hiddentreasure" GUID="Kh8trbC8uEGVFiye1b2g4g=="/>
		<POI MapID="1310" xpos="965.959" ypos="198.293" zpos="543.767" type="tw_guides.tw_lws4.tw_lws4_thunderheadpeaks.tw_lws4_thunderheadpeaks_hiddentreasure" GUID="uxLDg0QH6kCU3qRHrLBdog=="/>
		<POI MapID="1310" xpos="765.296" ypos="185.09" zpos="588.495" type="tw_guides.tw_lws4.tw_lws4_thunderheadpeaks.tw_lws4_thunderheadpeaks_hiddentreasure" GUID="AVOZG/eU2UyrUc6eF8958w=="/>
		<POI MapID="1310" xpos="763.356" ypos="192.443" zpos="605.022" type="tw_guides.tw_lws4.tw_lws4_thunderheadpeaks.tw_lws4_thunderheadpeaks_hiddentreasure" GUID="agBY9kcLXEOgqRokFxssbg=="/>
		<POI MapID="1310" xpos="745.367" ypos="185.09" zpos="604.912" type="tw_guides.tw_lws4.tw_lws4_thunderheadpeaks.tw_lws4_thunderheadpeaks_hiddentreasure" GUID="u1X5iOb98UiWDYSwsF9BdQ=="/>
		<POI MapID="1310" xpos="769.804" ypos="185.045" zpos="617.286" type="tw_guides.tw_lws4.tw_lws4_thunderheadpeaks.tw_lws4_thunderheadpeaks_hiddentreasure" GUID="k3LcB1BCikyBW6ja0aA0IQ=="/>
		<POI MapID="1310" xpos="774.896" ypos="190.171" zpos="688.655" type="tw_guides.tw_lws4.tw_lws4_thunderheadpeaks.tw_lws4_thunderheadpeaks_hiddentreasure" GUID="Q9Xvm5IOokaY+Odm02jVTw=="/>
		<POI MapID="1310" xpos="824.564" ypos="181.863" zpos="680.81" type="tw_guides.tw_lws4.tw_lws4_thunderheadpeaks.tw_lws4_thunderheadpeaks_hiddentreasure" GUID="4HJ2wq20rEe7z0JL/Gb1EA=="/>
		<POI MapID="1310" xpos="813.944" ypos="187.744" zpos="745.837" type="tw_guides.tw_lws4.tw_lws4_thunderheadpeaks.tw_lws4_thunderheadpeaks_hiddentreasure" GUID="mnkBCUzmikGLi/jCRXwcBw=="/>
		<POI MapID="1310" xpos="855.427" ypos="187.756" zpos="732.79" type="tw_guides.tw_lws4.tw_lws4_thunderheadpeaks.tw_lws4_thunderheadpeaks_hiddentreasure" GUID="jfDJX1W9wUS4iknpDh1lkw=="/>
		<POI MapID="1310" xpos="900.655" ypos="245.596" zpos="538.869" type="tw_guides.tw_lws4.tw_lws4_thunderheadpeaks.tw_lws4_thunderheadpeaks_hiddentreasure" GUID="ViHZ/sPFHk2NihHCsAs/Jg=="/>
		<POI MapID="1310" xpos="975.192" ypos="280.188" zpos="180.551" type="tw_guides.tw_lws4.tw_lws4_thunderheadpeaks.tw_lws4_thunderheadpeaks_hiddentreasure" GUID="T9K/IYlJ80qzuGjKjp6Pdw=="/>
		<POI MapID="1310" xpos="959.483" ypos="339.412" zpos="117.699" type="tw_guides.tw_lws4.tw_lws4_thunderheadpeaks.tw_lws4_thunderheadpeaks_hiddentreasure" GUID="0vp+VE6ai0adABdhamnY5w=="/>
		<POI MapID="1310" xpos="900.896" ypos="193.095" zpos="486.472" type="tw_guides.tw_lws4.tw_lws4_thunderheadpeaks.tw_lws4_thunderheadpeaks_hiddentreasure" GUID="foBG6pP+1kyFxXlHczxOCg=="/>
		<POI MapID="1310" xpos="914.326" ypos="240.502" zpos="322.474" type="tw_guides.tw_lws4.tw_lws4_thunderheadpeaks.tw_lws4_thunderheadpeaks_hiddentreasure" GUID="+NGj06koC0uT3FB0CsWoVQ=="/>
		<POI MapID="1310" xpos="976.577" ypos="239.544" zpos="294.661" type="tw_guides.tw_lws4.tw_lws4_thunderheadpeaks.tw_lws4_thunderheadpeaks_hiddentreasure" GUID="IX2Ax8jFQ0GoHOEdOZ/C9g=="/>
		<POI MapID="1310" xpos="976.517" ypos="239.982" zpos="276.146" type="tw_guides.tw_lws4.tw_lws4_thunderheadpeaks.tw_lws4_thunderheadpeaks_hiddentreasure" GUID="E20c5BTICUmDGYzQugFQwg=="/>
		<POI MapID="1310" xpos="967.596" ypos="239.999" zpos="258.329" type="tw_guides.tw_lws4.tw_lws4_thunderheadpeaks.tw_lws4_thunderheadpeaks_hiddentreasure" GUID="vJQkRjuzG0+ZpRKOw8Mw9g=="/>
		<POI MapID="1310" xpos="958.868" ypos="240.065" zpos="263.665" type="tw_guides.tw_lws4.tw_lws4_thunderheadpeaks.tw_lws4_thunderheadpeaks_hiddentreasure" GUID="U3//EUG1D0e7x6hs2B9Q/w=="/>
		<POI MapID="1310" xpos="895.354" ypos="247.093" zpos="289.276" type="tw_guides.tw_lws4.tw_lws4_thunderheadpeaks.tw_lws4_thunderheadpeaks_hiddentreasure" GUID="DJP/Pnt0J0CmcoDE/7ftiw=="/>
		<POI MapID="1310" xpos="894.102" ypos="246.823" zpos="323.58" type="tw_guides.tw_lws4.tw_lws4_thunderheadpeaks.tw_lws4_thunderheadpeaks_hiddentreasure" GUID="ZqT83YC8dkW9r6Ut3dcZXQ=="/>
		<POI MapID="1310" xpos="893.644" ypos="246.834" zpos="349.533" type="tw_guides.tw_lws4.tw_lws4_thunderheadpeaks.tw_lws4_thunderheadpeaks_hiddentreasure" GUID="e5s1Zuj8IkGzqtwwouFyHg=="/>
		<POI MapID="1310" xpos="819.885" ypos="191.707" zpos="589.64" type="tw_guides.tw_lws4.tw_lws4_thunderheadpeaks.tw_lws4_thunderheadpeaks_hiddentreasure" GUID="NMlWQT2to0Svw002pDh2/A=="/>
		<POI MapID="1310" xpos="796.445" ypos="188.433" zpos="678.012" type="tw_guides.tw_lws4.tw_lws4_thunderheadpeaks.tw_lws4_thunderheadpeaks_hiddentreasure" GUID="hHqaDGjvhUqiSTo3AEmjtw=="/>
		<POI MapID="1310" xpos="867.955" ypos="309.513" zpos="292.62" type="tw_guides.tw_lws4.tw_lws4_thunderheadpeaks.tw_lws4_thunderheadpeaks_hiddentreasure" GUID="Wc4xqA7TjECAY7Rb/egxdw=="/>
		<POI MapID="1310" xpos="906.081" ypos="195.131" zpos="633.502" type="tw_guides.tw_lws4.tw_lws4_thunderheadpeaks.tw_lws4_thunderheadpeaks_hiddentreasure" GUID="pxotgebvsUegJv9bZBMNKw=="/>
		<POI MapID="1310" xpos="979.588" ypos="206.255" zpos="545.259" type="tw_guides.tw_lws4.tw_lws4_thunderheadpeaks.tw_lws4_thunderheadpeaks_hiddentreasure" GUID="chGDMIoYEUCeLAkX8oIabw=="/>
		<POI MapID="1310" xpos="919.443" ypos="233.572" zpos="381.796" type="tw_guides.tw_lws4.tw_lws4_thunderheadpeaks.tw_lws4_thunderheadpeaks_hiddentreasure" GUID="NsvZxDbmUEmWR1tbQKIGhg=="/>
		<POI MapID="1310" xpos="823.448" ypos="178.695" zpos="748.385" type="tw_guides.tw_lws4.tw_lws4_thunderheadpeaks.tw_lws4_thunderheadpeaks_hiddentreasure" GUID="JSC7dy6P2E+2a/yqRugERw=="/>
		<POI MapID="1310" xpos="858.452" ypos="305.123" zpos="241.096" type="tw_guides.tw_lws4.tw_lws4_thunderheadpeaks.tw_lws4_thunderheadpeaks_hiddentreasure" GUID="V0XIvRQylka26msgTZBMFQ=="/>
		<POI MapID="1310" xpos="891.677" ypos="360.401" zpos="-28.6915" type="tw_guides.tw_lws4.tw_lws4_thunderheadpeaks.tw_lws4_thunderheadpeaks_hiddentreasure" GUID="fT0w8AQEikeSRsGGpz7juw=="/>
		<POI MapID="1310" xpos="778.797" ypos="245.4" zpos="425.487" type="tw_guides.tw_lws4.tw_lws4_thunderheadpeaks.tw_lws4_thunderheadpeaks_hiddentreasure" GUID="/7uI4uW820emwBLqkLnVLQ=="/>
		<POI MapID="1310" xpos="752.92" ypos="246.319" zpos="433.184" type="tw_guides.tw_lws4.tw_lws4_thunderheadpeaks.tw_lws4_thunderheadpeaks_hiddentreasure" GUID="CzsXos8OMUG2hGxCfwxDlA=="/>
		<POI MapID="1310" xpos="759.727" ypos="245.401" zpos="399.044" type="tw_guides.tw_lws4.tw_lws4_thunderheadpeaks.tw_lws4_thunderheadpeaks_hiddentreasure" GUID="DBpO/EB2dkmPJj5JasU7wQ=="/>
		<POI MapID="1310" xpos="776.202" ypos="245.403" zpos="422.726" type="tw_guides.tw_lws4.tw_lws4_thunderheadpeaks.tw_lws4_thunderheadpeaks_hiddentreasure" GUID="p3U48W3SDk6Jb440eAhOEA=="/>
		<POI MapID="1310" xpos="785.008" ypos="245.456" zpos="358.462" type="tw_guides.tw_lws4.tw_lws4_thunderheadpeaks.tw_lws4_thunderheadpeaks_hiddentreasure" GUID="UjSIenIWa0ylmPjDLpxnRQ=="/>
		<POI MapID="1310" xpos="789.114" ypos="245.457" zpos="377.463" type="tw_guides.tw_lws4.tw_lws4_thunderheadpeaks.tw_lws4_thunderheadpeaks_hiddentreasure" GUID="mXNBvbREM0qLN3j0pwU75w=="/>
		<POI MapID="1310" xpos="815.134" ypos="245.458" zpos="349.605" type="tw_guides.tw_lws4.tw_lws4_thunderheadpeaks.tw_lws4_thunderheadpeaks_hiddentreasure" GUID="eYapPgtsXU2FGp6hqH/vJQ=="/>
		<POI MapID="1310" xpos="807.82" ypos="245.458" zpos="347.385" type="tw_guides.tw_lws4.tw_lws4_thunderheadpeaks.tw_lws4_thunderheadpeaks_hiddentreasure" GUID="fOsLF4H9PEys670ju73kbA=="/>
		<POI MapID="1310" xpos="948.373" ypos="188.976" zpos="642.347" type="tw_guides.tw_lws4.tw_lws4_thunderheadpeaks.tw_lws4_thunderheadpeaks_hiddentreasure" GUID="fn78Enc+QkCg3O7l0kbk7w=="/>
		<POI MapID="1310" xpos="968.585" ypos="192.915" zpos="571.572" type="tw_guides.tw_lws4.tw_lws4_thunderheadpeaks.tw_lws4_thunderheadpeaks_hiddentreasure" GUID="mZi4ixAZDUKOLVT7WJJIGw=="/>
		<POI MapID="1310" xpos="793.212" ypos="185.093" zpos="627.539" type="tw_guides.tw_lws4.tw_lws4_thunderheadpeaks.tw_lws4_thunderheadpeaks_hiddentreasure" GUID="8h4mtxoUYUWUNfdpa7RLtg=="/>
		<POI MapID="1310" xpos="833.673" ypos="186.842" zpos="750.197" type="tw_guides.tw_lws4.tw_lws4_thunderheadpeaks.tw_lws4_thunderheadpeaks_hiddentreasure" GUID="AI4x9iP0+EudkEY7AyyAOQ=="/>
		<POI MapID="1310" xpos="861.667" ypos="324.077" zpos="324.562" type="tw_guides.tw_lws4.tw_lws4_thunderheadpeaks.tw_lws4_thunderheadpeaks_hiddentreasure" GUID="gBTWZnWyH0KRnMZcd94hxg=="/>
		<POI MapID="1310" xpos="966.1" ypos="187.728" zpos="606.1" type="tw_guides.tw_lws4.tw_lws4_thunderheadpeaks.tw_lws4_thunderheadpeaks_hiddentreasure" GUID="rxU3Zz47+068MgA+13FOkQ=="/>
		<POI MapID="1310" xpos="894.788" ypos="247.36" zpos="299.541" type="tw_guides.tw_lws4.tw_lws4_thunderheadpeaks.tw_lws4_thunderheadpeaks_hiddentreasure" GUID="6CsgjQHH6UqbacLHTwtE+Q=="/>
		<POI MapID="1310" xpos="874.322" ypos="324.074" zpos="328.226" type="tw_guides.tw_lws4.tw_lws4_thunderheadpeaks.tw_lws4_thunderheadpeaks_hiddentreasure" GUID="bT39hBGw+kuvGwVgYGzt5A=="/>
		<POI MapID="1310" xpos="937.476" ypos="314.508" zpos="72.8182" type="tw_guides.tw_lws4.tw_lws4_thunderheadpeaks.tw_lws4_thunderheadpeaks_hiddentreasure" GUID="nsTxHMsKuEqeGvb7nYIrlA=="/>
		<POI MapID="1310" xpos="782.421" ypos="192.502" zpos="617.505" type="tw_guides.tw_lws4.tw_lws4_thunderheadpeaks.tw_lws4_thunderheadpeaks_hiddentreasure" GUID="AtxDwFC1h0Whxbh5k1iDbg=="/>
		<POI MapID="1310" xpos="815.637" ypos="187.772" zpos="728.614" type="tw_guides.tw_lws4.tw_lws4_thunderheadpeaks.tw_lws4_thunderheadpeaks_hiddentreasure" GUID="ucmNU12Q4UGkaDZtpNWDQQ=="/>
		<POI MapID="1310" xpos="906.795" ypos="195.36" zpos="620.61" type="tw_guides.tw_lws4.tw_lws4_thunderheadpeaks.tw_lws4_thunderheadpeaks_hiddentreasure" GUID="/swx0nUzQUKFCnMaxC8Ycg=="/>
		<POI MapID="1310" xpos="958.9" ypos="209.795" zpos="521.031" type="tw_guides.tw_lws4.tw_lws4_thunderheadpeaks.tw_lws4_thunderheadpeaks_hiddentreasure" GUID="vrSDXYmsOECRG+LfDKf9lA=="/>
		<POI MapID="1310" xpos="910.06" ypos="185.502" zpos="418.378" type="tw_guides.tw_lws4.tw_lws4_thunderheadpeaks.tw_lws4_thunderheadpeaks_hiddentreasure" GUID="rTaDsiBbJ0610iQBbs6fKg=="/>
		<POI MapID="1310" xpos="779.804" ypos="245.459" zpos="392.954" type="tw_guides.tw_lws4.tw_lws4_thunderheadpeaks.tw_lws4_thunderheadpeaks_hiddentreasure" GUID="5HyMLUOCz0SYfxGZ189y1w=="/>
		<POI MapID="1310" xpos="815.318" ypos="245.456" zpos="336.64" type="tw_guides.tw_lws4.tw_lws4_thunderheadpeaks.tw_lws4_thunderheadpeaks_hiddentreasure" GUID="l5ldoveOG02QFU+ovWQ/VQ=="/>
		<POI MapID="1310" xpos="847.47" ypos="191.401" zpos="592.157" type="tw_guides.tw_lws4.tw_lws4_thunderheadpeaks.tw_lws4_thunderheadpeaks_hiddentreasure" GUID="bRxohhXLRke5emW401y8gA=="/>
		<POI MapID="1310" xpos="900.906" ypos="246.818" zpos="378.078" type="tw_guides.tw_lws4.tw_lws4_thunderheadpeaks.tw_lws4_thunderheadpeaks_hiddentreasure" GUID="ZbdfAqnx80+OlT3vOcg+WA=="/>
		<POI MapID="1310" xpos="951.826" ypos="314.783" zpos="105.971" type="tw_guides.tw_lws4.tw_lws4_thunderheadpeaks.tw_lws4_thunderheadpeaks_hiddentreasure" GUID="g/hN1Lz8p0WipDewtuHjPA=="/>
		<POI MapID="1310" xpos="230.891" ypos="377.781" zpos="430.217" type="tw_guides.tw_lws4.tw_lws4_thunderheadpeaks.tw_lws4_thunderheadpeaks_snowheap" GUID="D55DrFJYpk+5ho3xYgc/nA=="/>
		<POI MapID="1310" xpos="831.022" ypos="245.456" zpos="363.5" type="tw_guides.tw_lws4.tw_lws4_thunderheadpeaks.tw_lws4_thunderheadpeaks_hiddentreasure" GUID="QWAO90sCwU2vNjg+ldiunQ=="/>
		<POI MapID="1310" xpos="946.085" ypos="185.595" zpos="457.114" type="tw_guides.tw_lws4.tw_lws4_thunderheadpeaks.tw_lws4_thunderheadpeaks_hiddentreasure" GUID="9/96Z6LEVkutwBN/NkhQVw=="/>
		<POI MapID="1310" xpos="954.427" ypos="196.556" zpos="626.856" type="tw_guides.tw_lws4.tw_lws4_thunderheadpeaks.tw_lws4_thunderheadpeaks_hiddentreasure" GUID="AwF2bBCB3kiId+TIXmWF+w=="/>
		<POI MapID="1310" xpos="918.492" ypos="305.526" zpos="209.923" type="tw_guides.tw_lws4.tw_lws4_thunderheadpeaks.tw_lws4_thunderheadpeaks_hiddentreasure" GUID="h0CVvg5x0U22PBVqJB/JDQ=="/>
		<POI MapID="1310" xpos="935.758" ypos="353.237" zpos="91.5197" type="tw_guides.tw_lws4.tw_lws4_thunderheadpeaks.tw_lws4_thunderheadpeaks_hiddentreasure" GUID="YuCb/sG1QUm3ZZNIsj5Ymg=="/>
		<POI MapID="1310" xpos="969.563" ypos="186.728" zpos="442.182" type="tw_guides.tw_lws4.tw_lws4_thunderheadpeaks.tw_lws4_thunderheadpeaks_hiddentreasure" GUID="6aG9W/FFAUeoku1SU5xdQQ=="/>
		<POI MapID="1310" xpos="913.11" ypos="191.797" zpos="499.099" type="tw_guides.tw_lws4.tw_lws4_thunderheadpeaks.tw_lws4_thunderheadpeaks_hiddentreasure" GUID="nPH0s7sL1E6weeqFFGvODA=="/>
		<POI MapID="1310" xpos="889.693" ypos="195.352" zpos="590.123" type="tw_guides.tw_lws4.tw_lws4_thunderheadpeaks.tw_lws4_thunderheadpeaks_hiddentreasure" GUID="ZHE1ynZxQk26oqNmuK9TgQ=="/>
		<POI MapID="1310" xpos="824.568" ypos="245.4" zpos="430.316" type="tw_guides.tw_lws4.tw_lws4_thunderheadpeaks.tw_lws4_thunderheadpeaks_hiddentreasure" GUID="daB1w3bO2EqqEeC4HjvuWg=="/>
		<POI MapID="1310" xpos="768.702" ypos="245.53" zpos="340.277" type="tw_guides.tw_lws4.tw_lws4_thunderheadpeaks.tw_lws4_thunderheadpeaks_hiddentreasure" GUID="IMWgog7MhUiXB/KtSu4qpQ=="/>
		<POI MapID="1310" xpos="751.601" ypos="251.82" zpos="416.201" type="tw_guides.tw_lws4.tw_lws4_thunderheadpeaks.tw_lws4_thunderheadpeaks_hiddentreasure" GUID="Rw7Qqju06UWdPHRS5bRs6g=="/>
		<POI MapID="1310" xpos="981.717" ypos="305.364" zpos="225.841" type="tw_guides.tw_lws4.tw_lws4_thunderheadpeaks.tw_lws4_thunderheadpeaks_hiddentreasure" GUID="UFGRl/++vEa9sl/wF8joqQ=="/>
		<POI MapID="1310" xpos="969.388" ypos="186.722" zpos="427.04" type="tw_guides.tw_lws4.tw_lws4_thunderheadpeaks.tw_lws4_thunderheadpeaks_hiddentreasure" GUID="c0CW6rinRUeZ+xx4qQuJRQ=="/>
		<POI MapID="1310" xpos="961.593" ypos="236.033" zpos="386.248" type="tw_guides.tw_lws4.tw_lws4_thunderheadpeaks.tw_lws4_thunderheadpeaks_hiddentreasure" GUID="2iPUXtiTXEOsvSCmCuvRag=="/>
		<POI MapID="1310" xpos="783.818" ypos="191.027" zpos="585.081" type="tw_guides.tw_lws4.tw_lws4_thunderheadpeaks.tw_lws4_thunderheadpeaks_hiddentreasure" GUID="XX/FSgxUxUaUexac8Zkb2Q=="/>
		<POI MapID="1310" xpos="812.023" ypos="181.863" zpos="657.577" type="tw_guides.tw_lws4.tw_lws4_thunderheadpeaks.tw_lws4_thunderheadpeaks_hiddentreasure" GUID="BWp139pQcUqGQAlTgbsXfQ=="/>
		<POI MapID="1310" xpos="808.911" ypos="181.818" zpos="671.891" type="tw_guides.tw_lws4.tw_lws4_thunderheadpeaks.tw_lws4_thunderheadpeaks_hiddentreasure" GUID="/Iu9dwr1T0SYYc24Sh2ZyA=="/>
		<POI MapID="1310" xpos="875.427" ypos="336.3" zpos="294.956" type="tw_guides.tw_lws4.tw_lws4_thunderheadpeaks.tw_lws4_thunderheadpeaks_hiddentreasure" GUID="O9nnLAGfokSY2IG0O/7miw=="/>
		<POI MapID="1310" xpos="910.029" ypos="192.561" zpos="485.091" type="tw_guides.tw_lws4.tw_lws4_thunderheadpeaks.tw_lws4_thunderheadpeaks_hiddentreasure" GUID="gZiZJmvrC0SE1VHml50IlQ=="/>
		<POI MapID="1310" xpos="944.833" ypos="240.337" zpos="341.775" type="tw_guides.tw_lws4.tw_lws4_thunderheadpeaks.tw_lws4_thunderheadpeaks_hiddentreasure" GUID="HVt8TUoz40yGdUBCqRYLWg=="/>
		<POI MapID="1310" xpos="793.536" ypos="181.863" zpos="654.884" type="tw_guides.tw_lws4.tw_lws4_thunderheadpeaks.tw_lws4_thunderheadpeaks_hiddentreasure" GUID="qWvrxVuhxUOmCoGxDlmrgg=="/>
		<POI MapID="1310" xpos="824.568" ypos="360.091" zpos="-34.4555" type="tw_guides.tw_lws4.tw_lws4_thunderheadpeaks.tw_lws4_thunderheadpeaks_hiddentreasure" GUID="hJsTvRY8uUmZ7tpDNgP6TQ=="/>
		<POI MapID="1310" xpos="812.467" ypos="246.125" zpos="345.619" type="tw_guides.tw_lws4.tw_lws4_thunderheadpeaks.tw_lws4_thunderheadpeaks_hiddentreasure" GUID="D1jCcOAg/U6m1kZxGOKR9g=="/>
		<POI MapID="1310" xpos="914.784" ypos="186.543" zpos="452.856" type="tw_guides.tw_lws4.tw_lws4_thunderheadpeaks.tw_lws4_thunderheadpeaks_hiddentreasure" GUID="6VTP1hKcEk20rJL6ubjA+g=="/>
		<POI MapID="1310" xpos="991.756" ypos="349.944" zpos="110.735" type="tw_guides.tw_lws4.tw_lws4_thunderheadpeaks.tw_lws4_thunderheadpeaks_hiddentreasure" GUID="pQ9pgP1Xg0GbYxCOo7S3Ig=="/>
		<POI MapID="1310" xpos="750.778" ypos="245.53" zpos="394.09" type="tw_guides.tw_lws4.tw_lws4_thunderheadpeaks.tw_lws4_thunderheadpeaks_hiddentreasure" GUID="mQPWFtC5WEu1YcGZacp8ig=="/>
		<POI MapID="1310" xpos="933.063" ypos="240.401" zpos="281.282" type="tw_guides.tw_lws4.tw_lws4_thunderheadpeaks.tw_lws4_thunderheadpeaks_hiddentreasure" GUID="/YGBH2A2mkaKb8J2uXovrw=="/>
		<POI MapID="1310" xpos="978.305" ypos="198.316" zpos="520.028" type="tw_guides.tw_lws4.tw_lws4_thunderheadpeaks.tw_lws4_thunderheadpeaks_hiddentreasure" GUID="jQdzirzk+kyHzweya/4VhQ=="/>
		<POI MapID="1310" xpos="824.122" ypos="245.4" zpos="422.261" type="tw_guides.tw_lws4.tw_lws4_thunderheadpeaks.tw_lws4_thunderheadpeaks_hiddentreasure" GUID="LvqRAJb8Xk6mZKrVz3REqg=="/>
		<POI MapID="1310" xpos="929.637" ypos="241.628" zpos="303.672" type="tw_guides.tw_lws4.tw_lws4_thunderheadpeaks.tw_lws4_thunderheadpeaks_hiddentreasure" GUID="IpCRDlaafUeAGXKFebLWtQ=="/>
		<POI MapID="1310" xpos="746.826" ypos="185.09" zpos="591.462" type="tw_guides.tw_lws4.tw_lws4_thunderheadpeaks.tw_lws4_thunderheadpeaks_hiddentreasure" GUID="ud+QEs6RxkOcuRV08j8QMw=="/>
		<POI MapID="1310" xpos="958.327" ypos="187.586" zpos="606.685" type="tw_guides.tw_lws4.tw_lws4_thunderheadpeaks.tw_lws4_thunderheadpeaks_hiddentreasure" GUID="3mTGt8hUgUifeOhlLAQPuQ=="/>
		<POI MapID="1310" xpos="762.97" ypos="191.675" zpos="601.027" type="tw_guides.tw_lws4.tw_lws4_thunderheadpeaks.tw_lws4_thunderheadpeaks_hiddentreasure" GUID="zIcxoTL2vkab1vKmL4D2UA=="/>
		<POI MapID="1310" xpos="816.686" ypos="245.456" zpos="346.549" type="tw_guides.tw_lws4.tw_lws4_thunderheadpeaks.tw_lws4_thunderheadpeaks_hiddentreasure" GUID="t3BiT6kVP0el7kK7E/lvIQ=="/>
		<POI MapID="1310" xpos="896.603" ypos="195.123" zpos="612.48" type="tw_guides.tw_lws4.tw_lws4_thunderheadpeaks.tw_lws4_thunderheadpeaks_hiddentreasure" GUID="Isduj/CG3Eu4QmvvUY0CoA=="/>
		<POI MapID="1310" xpos="988.178" ypos="208.885" zpos="554.342" type="tw_guides.tw_lws4.tw_lws4_thunderheadpeaks.tw_lws4_thunderheadpeaks_hiddentreasure" GUID="KYMKtbLcq0KjDGedzX3VBQ=="/>
		<POI MapID="1310" xpos="841.043" ypos="188.685" zpos="617.998" type="tw_guides.tw_lws4.tw_lws4_thunderheadpeaks.tw_lws4_thunderheadpeaks_hiddentreasure" GUID="KCTUBukCeUqx9wuz9EH7pg=="/>
		<POI MapID="1310" xpos="817.836" ypos="245.975" zpos="376.342" type="tw_guides.tw_lws4.tw_lws4_thunderheadpeaks.tw_lws4_thunderheadpeaks_hiddentreasure" GUID="4Om9ayV5DkaNsydn1j2g/A=="/>
		<POI MapID="1310" xpos="770.345" ypos="191.677" zpos="619.352" type="tw_guides.tw_lws4.tw_lws4_thunderheadpeaks.tw_lws4_thunderheadpeaks_hiddentreasure" GUID="3Um6gQUK2U+gufA5ZdkevA=="/>
		<POI MapID="1310" xpos="797.534" ypos="185.177" zpos="634.125" type="tw_guides.tw_lws4.tw_lws4_thunderheadpeaks.tw_lws4_thunderheadpeaks_hiddentreasure" GUID="pvPHILJ8wkqAVB1YYbgFpw=="/>
		<POI MapID="1310" xpos="961.868" ypos="241.736" zpos="349.644" type="tw_guides.tw_lws4.tw_lws4_thunderheadpeaks.tw_lws4_thunderheadpeaks_hiddentreasure" GUID="VmQnp1H3KUaocVKmaNy5zQ=="/>
		<POI MapID="1310" xpos="750.844" ypos="245.53" zpos="394.166" type="tw_guides.tw_lws4.tw_lws4_thunderheadpeaks.tw_lws4_thunderheadpeaks_hiddentreasure" GUID="Fh1VXkE9okGKKlhrRNM4HA=="/>
		<POI MapID="1310" xpos="840.822" ypos="188.729" zpos="617.844" type="tw_guides.tw_lws4.tw_lws4_thunderheadpeaks.tw_lws4_thunderheadpeaks_hiddentreasure" GUID="+rD7Ypc3806dnCfUwtQ/+Q=="/>
		<POI MapID="1310" xpos="808.951" ypos="181.818" zpos="671.868" type="tw_guides.tw_lws4.tw_lws4_thunderheadpeaks.tw_lws4_thunderheadpeaks_hiddentreasure" GUID="dWRaRiR+tkedoPHX/lEc+Q=="/>
		<POI MapID="1310" xpos="964.006" ypos="305.399" zpos="216.198" type="tw_guides.tw_lws4.tw_lws4_thunderheadpeaks.tw_lws4_thunderheadpeaks_hiddentreasure" GUID="HO3nyFYANkGKSNrlEOQlHA=="/>
		<POI MapID="1310" xpos="876.386" ypos="360.87" zpos="41.3927" type="tw_guides.tw_lws4.tw_lws4_thunderheadpeaks.tw_lws4_thunderheadpeaks_hiddentreasure" GUID="bGKz0Bcn50WqE/YyflOOUg=="/>
		<POI MapID="1310" xpos="-911.119" ypos="6.1278" zpos="-724.538" type="tw_guides.tw_lws4.tw_lws4_thunderheadpeaks.tw_lws4_thunderheadpeaks_masterypoint" GUID="OCIQq3nnnEuW0EDHmWOSFA=="/>
		<POI MapID="1310" xpos="558.906" ypos="446.418" zpos="139.024" type="tw_guides.tw_lws4.tw_lws4_thunderheadpeaks.tw_lws4_thunderheadpeaks_masterypoint" GUID="HaQ8xDF8r0GF9mhE0z52AQ=="/>
		<POI MapID="1310" xpos="-195.869" ypos="238.985" zpos="1105.44" type="tw_guides.tw_lws4.tw_lws4_thunderheadpeaks.tw_lws4_thunderheadpeaks_masterypoint" GUID="U+sNIae9wEeOOKACxATq3w=="/>
		<POI MapID="1310" xpos="-164.172" ypos="553.396" zpos="262.665" type="tw_guides.tw_lws4.tw_lws4_thunderheadpeaks.tw_lws4_thunderheadpeaks_masterypoint" GUID="a2/1pKiu7UC2CfPddzrBWA=="/>
		<Trail type="tw_guides.tw_lws4.tw_lws4_thunderheadpeaks.tw_lws4_thunderheadpeaks_dwarvenchests.tw_lws4_thunderheadpeaks_dwarvenchests_toggletrails.tw_lws4_thunderheadpeaks_dwarvenchests_toggletrails_toggletrailp1" GUID="NdcHKCNkmUqvCQlOeZIiJw==" fadeNear="5000" fadeFar="5100" trailData="Data/TekkitsWorkshop/LWS4/ThunderheadPeaks/tw_lws4_thunderheadpeaks_dwarvenchest_p1_toggletrail.trl" animSpeed="0" texture="Data/TekkitsWorkshop/General/tw_trail_b.png"/>
		<Trail type="tw_guides.tw_lws4.tw_lws4_thunderheadpeaks.tw_lws4_thunderheadpeaks_dwarvenchests.tw_lws4_thunderheadpeaks_dwarvenchests_toggletrails.tw_lws4_thunderheadpeaks_dwarvenchests_toggletrails_toggletrailp2" GUID="/gLQDoejlEe4bKx9KT7P7w==" fadeNear="5000" fadeFar="5100" trailData="Data/TekkitsWorkshop/LWS4/ThunderheadPeaks/tw_lws4_thunderheadpeaks_dwarvenchest_p2_toggletrail.trl" animSpeed="0" texture="Data/TekkitsWorkshop/General/tw_trail_b.png"/>
		<Trail type="tw_guides.tw_lws4.tw_lws4_thunderheadpeaks.tw_lws4_thunderheadpeaks_dragoncrystalnodes.tw_lws4_thunderheadpeaks_dragoncrystalnodes_toggletrails" GUID="XO0oEkxbUEqYcrhRl/oA4Q==" fadeNear="5000" fadeFar="5100" trailData="Data/TekkitsWorkshop/LWS4/ThunderheadPeaks/tw_lws4_thunderheadpeaks_dragoncrystalnodes_toggletrail.trl" animSpeed="0" texture="Data/TekkitsWorkshop/General/tw_trail_r.png"/>
	</POIs>
</OverlayData>
