<OverlayData>
	<MarkerCategory name="tw_guides" DisplayName="Tekkit's Guides">
		<MarkerCategory name="tw_lws3" DisplayName="Season 3">
			<MarkerCategory name="tw_lws3_bitterfrostfrontier" DisplayName="Bitterfrost Frontier">
				<MarkerCategory name="tw_lws3_bitterfrostfrontier_winterberries" DisplayName="Winterberries">
					<MarkerCategory name="tw_lws3_bitterfrostfrontier_winterberry" DisplayName="Toggle Winterberries" mapDisplaySize="30" iconFile="Data/TekkitsWorkshop/LWS3/BitterfrostFrontier/tw_lws3_bitterfrostfrontier_winterberries_winterberry.png" iconSize="0.7" fadeNear="5000" fadeFar="5100" heightOffset="1.5" behavior="7" minSize="10"/>
					<MarkerCategory name="tw_lws3_bitterfrostfrontier_winterberries_toggletrail" DisplayName="Toggle Trail"/>
					<MarkerCategory name="tw_lws3_bitterfrostfrontier_winterberries_signs" DisplayName="Toggle Signs">
						<MarkerCategory name="tw_lws3_bitterfrostfrontier_winterberries_startsign" DisplayName="Starting Sign" mapDisplaySize="130" iconFile="Data/TekkitsWorkshop/LWS3/BitterfrostFrontier/tw_lws3_bitterfrostfrontier_winterberries_sign.png" iconSize="2" fadeNear="5000" fadeFar="5100" heightOffset="2.5" minSize="50"/>
						<MarkerCategory name="tw_lws3_bitterfrostfrontier_winterberries_finish" DisplayName="Finish Sign" mapDisplaySize="80" iconFile="Data/TekkitsWorkshop/General/tw_trail_finish_b.png" iconSize="1.2" fadeNear="5000" fadeFar="5100" heightOffset="2.5" minSize="50"/>
					</MarkerCategory>
				</MarkerCategory>
				<MarkerCategory name="tw_lws3_bitterfrostfrontier_iceboundchests" DisplayName="Icebound Chests">
					<MarkerCategory name="tw_lws3_bitterfrostfrontier_iceboundchests_iceboundchest" DisplayName="Toggle Icebound Chests" mapDisplaySize="30" iconFile="Data/TekkitsWorkshop/LWS3/BitterfrostFrontier/tw_lws3_bitterfrostfrontier_iceboundchests_iceboundchest.png" iconSize="0.7" heightOffset="1.5" minSize="10"/>
					<MarkerCategory name="tw_lws3_bitterfrostfrontier_iceboundchests_toggletrail" DisplayName="Toggle Trail"/>
					<MarkerCategory name="tw_lws3_bitterfrostfrontier_iceboundchests_signs" DisplayName="Toggle Signs">
						<MarkerCategory name="tw_lws3_bitterfrostfrontier_iceboundchests_startsign" DisplayName="Starting Sign" mapDisplaySize="130" iconFile="Data/TekkitsWorkshop/LWS3/BitterfrostFrontier/tw_lws3_bitterfrostfrontier_iceboundchests_startsign.png" iconSize="2" fadeNear="5000" fadeFar="5100" heightOffset="2.5" minSize="50"/>
						<MarkerCategory name="tw_lws3_bitterfrostfrontier_iceboundchests_finish" DisplayName="Finish Sign" mapDisplaySize="80" iconFile="Data/TekkitsWorkshop/General/tw_trail_finish_b.png" iconSize="1.2" fadeNear="5000" fadeFar="5100" heightOffset="2.5" minSize="50"/>
					</MarkerCategory>
				</MarkerCategory>
			</MarkerCategory>
		</MarkerCategory>
	</MarkerCategory>
	<POIs>
		<POI MapID="1178" xpos="-132.121" ypos="1.53676" zpos="124.245" type="tw_guides.tw_lws3.tw_lws3_bitterfrostfrontier.tw_lws3_bitterfrostfrontier_winterberries.tw_lws3_bitterfrostfrontier_winterberry" GUID="KVZJtuq5TEW2ysM4tkkRiw=="/>
		<POI MapID="1178" xpos="-230.984" ypos="35.1765" zpos="169.79" type="tw_guides.tw_lws3.tw_lws3_bitterfrostfrontier.tw_lws3_bitterfrostfrontier_winterberries.tw_lws3_bitterfrostfrontier_winterberry" GUID="rhniz4t1KkGcV5VHtsaboA=="/>
		<POI MapID="1178" xpos="-204.921" ypos="16.9174" zpos="56.1996" type="tw_guides.tw_lws3.tw_lws3_bitterfrostfrontier.tw_lws3_bitterfrostfrontier_winterberries.tw_lws3_bitterfrostfrontier_winterberry" GUID="8W5IBoZbq02ET9FIhCnV5g=="/>
		<POI MapID="1178" xpos="-207.071" ypos="16.5397" zpos="57.9219" type="tw_guides.tw_lws3.tw_lws3_bitterfrostfrontier.tw_lws3_bitterfrostfrontier_winterberries.tw_lws3_bitterfrostfrontier_winterberry" GUID="Q3r1Ks8sckGXKGcF0M6i3Q=="/>
		<POI MapID="1178" xpos="-300.604" ypos="33.795" zpos="108.844" type="tw_guides.tw_lws3.tw_lws3_bitterfrostfrontier.tw_lws3_bitterfrostfrontier_winterberries.tw_lws3_bitterfrostfrontier_winterberry" GUID="DW93WkbWS0emYjRTorHYsw=="/>
		<POI MapID="1178" xpos="-338.794" ypos="31.748" zpos="44.056" type="tw_guides.tw_lws3.tw_lws3_bitterfrostfrontier.tw_lws3_bitterfrostfrontier_winterberries.tw_lws3_bitterfrostfrontier_winterberry" GUID="txmnilY8+0qyzWLv57gXEQ=="/>
		<POI MapID="1178" xpos="-342.117" ypos="31.8546" zpos="42.5253" type="tw_guides.tw_lws3.tw_lws3_bitterfrostfrontier.tw_lws3_bitterfrostfrontier_winterberries.tw_lws3_bitterfrostfrontier_winterberry" GUID="bxyPg+Vz/E+dgoWSjzexNQ=="/>
		<POI MapID="1178" xpos="-347.265" ypos="30.5533" zpos="-59.3797" type="tw_guides.tw_lws3.tw_lws3_bitterfrostfrontier.tw_lws3_bitterfrostfrontier_winterberries.tw_lws3_bitterfrostfrontier_winterberry" GUID="6FcV1Y08NUWU8uN5uFXqMA=="/>
		<POI MapID="1178" xpos="-346.811" ypos="30.3928" zpos="-63.182" type="tw_guides.tw_lws3.tw_lws3_bitterfrostfrontier.tw_lws3_bitterfrostfrontier_winterberries.tw_lws3_bitterfrostfrontier_winterberry" GUID="B1Qhsk+3q0KHf7mjOgMqVQ=="/>
		<POI MapID="1178" xpos="-426.439" ypos="16.3548" zpos="-101.11" type="tw_guides.tw_lws3.tw_lws3_bitterfrostfrontier.tw_lws3_bitterfrostfrontier_winterberries.tw_lws3_bitterfrostfrontier_winterberry" GUID="Npb5V/l2Q0Ow0iyKBD2jwg=="/>
		<POI MapID="1178" xpos="-573.921" ypos="39.852" zpos="-23.6413" type="tw_guides.tw_lws3.tw_lws3_bitterfrostfrontier.tw_lws3_bitterfrostfrontier_winterberries.tw_lws3_bitterfrostfrontier_winterberry" GUID="2MTuGKtX0EO7yRGO+74bfw=="/>
		<POI MapID="1178" xpos="-774.28" ypos="87.4304" zpos="71.0125" type="tw_guides.tw_lws3.tw_lws3_bitterfrostfrontier.tw_lws3_bitterfrostfrontier_winterberries.tw_lws3_bitterfrostfrontier_winterberry" GUID="jmOZAgxeWk+YWWI5Yc4vYw=="/>
		<POI MapID="1178" xpos="-779.135" ypos="89.1696" zpos="66.6243" type="tw_guides.tw_lws3.tw_lws3_bitterfrostfrontier.tw_lws3_bitterfrostfrontier_winterberries.tw_lws3_bitterfrostfrontier_winterberry" GUID="pSDBK/ITK0GO1m5Uh2+6/w=="/>
		<POI MapID="1178" xpos="-753.32" ypos="102.583" zpos="261.744" type="tw_guides.tw_lws3.tw_lws3_bitterfrostfrontier.tw_lws3_bitterfrostfrontier_winterberries.tw_lws3_bitterfrostfrontier_winterberry" GUID="pXmWBEEDIECgMmcsV/q3Zw=="/>
		<POI MapID="1178" xpos="-711.396" ypos="65.7707" zpos="176.053" type="tw_guides.tw_lws3.tw_lws3_bitterfrostfrontier.tw_lws3_bitterfrostfrontier_winterberries.tw_lws3_bitterfrostfrontier_winterberry" GUID="+V47r/rARkWD+VsygVlGUw=="/>
		<POI MapID="1178" xpos="-552.313" ypos="70.5691" zpos="284.02" type="tw_guides.tw_lws3.tw_lws3_bitterfrostfrontier.tw_lws3_bitterfrostfrontier_winterberries.tw_lws3_bitterfrostfrontier_winterberry" GUID="6Dw00/JQLUmvOH8FgUkYvQ=="/>
		<POI MapID="1178" xpos="-380.653" ypos="89.477" zpos="330.136" type="tw_guides.tw_lws3.tw_lws3_bitterfrostfrontier.tw_lws3_bitterfrostfrontier_winterberries.tw_lws3_bitterfrostfrontier_winterberry" GUID="AkP4E2OLBEqCRAEg8RRSXw=="/>
		<POI MapID="1178" xpos="-305.67" ypos="48.5632" zpos="209.585" type="tw_guides.tw_lws3.tw_lws3_bitterfrostfrontier.tw_lws3_bitterfrostfrontier_winterberries.tw_lws3_bitterfrostfrontier_winterberry" GUID="ExCcx/JHkEyDqQVi0JokUg=="/>
		<POI MapID="1178" xpos="-271.175" ypos="74.8385" zpos="303.548" type="tw_guides.tw_lws3.tw_lws3_bitterfrostfrontier.tw_lws3_bitterfrostfrontier_winterberries.tw_lws3_bitterfrostfrontier_winterberry" GUID="aqLBGHOpA0yqOVx6LoVYJg=="/>
		<POI MapID="1178" xpos="-168.115" ypos="101.708" zpos="289.455" type="tw_guides.tw_lws3.tw_lws3_bitterfrostfrontier.tw_lws3_bitterfrostfrontier_winterberries.tw_lws3_bitterfrostfrontier_winterberry" GUID="WyS5xy79o0WYanibfkjfJg=="/>
		<POI MapID="1178" xpos="-165.951" ypos="101.907" zpos="286.13" type="tw_guides.tw_lws3.tw_lws3_bitterfrostfrontier.tw_lws3_bitterfrostfrontier_winterberries.tw_lws3_bitterfrostfrontier_winterberry" GUID="zHN1+ZEzV0WifrgwjxPHBw=="/>
		<POI MapID="1178" xpos="247.335" ypos="34.5033" zpos="212.387" type="tw_guides.tw_lws3.tw_lws3_bitterfrostfrontier.tw_lws3_bitterfrostfrontier_winterberries.tw_lws3_bitterfrostfrontier_winterberry" GUID="JoNPaCyArUWVA1lHMEFpxg=="/>
		<POI MapID="1178" xpos="249.938" ypos="35.4188" zpos="214.552" type="tw_guides.tw_lws3.tw_lws3_bitterfrostfrontier.tw_lws3_bitterfrostfrontier_winterberries.tw_lws3_bitterfrostfrontier_winterberry" GUID="q+M7rJTrY0GLIxzEy7yVmQ=="/>
		<POI MapID="1178" xpos="562.559" ypos="2.62864" zpos="-30.5063" type="tw_guides.tw_lws3.tw_lws3_bitterfrostfrontier.tw_lws3_bitterfrostfrontier_winterberries.tw_lws3_bitterfrostfrontier_winterberry" GUID="HlAp/LzBskqytkXWtfMx1Q=="/>
		<POI MapID="1178" xpos="565.588" ypos="1.35181" zpos="-25.8613" type="tw_guides.tw_lws3.tw_lws3_bitterfrostfrontier.tw_lws3_bitterfrostfrontier_winterberries.tw_lws3_bitterfrostfrontier_winterberry" GUID="yrhTOHaGv0CQWESp7HzkbQ=="/>
		<POI MapID="1178" xpos="63.6029" ypos="10.2196" zpos="-347.94" type="tw_guides.tw_lws3.tw_lws3_bitterfrostfrontier.tw_lws3_bitterfrostfrontier_winterberries.tw_lws3_bitterfrostfrontier_winterberry" GUID="YHwEEb7IOkGHzOaNXgNhkA=="/>
		<POI MapID="1178" xpos="542.343" ypos="1.81854" zpos="-8.80012" type="tw_guides.tw_lws3.tw_lws3_bitterfrostfrontier.tw_lws3_bitterfrostfrontier_iceboundchests.tw_lws3_bitterfrostfrontier_iceboundchests_iceboundchest" GUID="blXtJidGO0WgqGdQ4Yvaww=="/>
		<POI MapID="1178" xpos="526.686" ypos="1.07065" zpos="32.0403" type="tw_guides.tw_lws3.tw_lws3_bitterfrostfrontier.tw_lws3_bitterfrostfrontier_iceboundchests.tw_lws3_bitterfrostfrontier_iceboundchests_iceboundchest" GUID="QqhYbV1EeEGQQzH5uZF1xg=="/>
		<POI MapID="1178" xpos="465.903" ypos="1.44977" zpos="34.3439" type="tw_guides.tw_lws3.tw_lws3_bitterfrostfrontier.tw_lws3_bitterfrostfrontier_iceboundchests.tw_lws3_bitterfrostfrontier_iceboundchests_iceboundchest" GUID="IC6859heT0iOmjiM76V76g=="/>
		<POI MapID="1178" xpos="453.431" ypos="1.4354" zpos="75.1992" type="tw_guides.tw_lws3.tw_lws3_bitterfrostfrontier.tw_lws3_bitterfrostfrontier_iceboundchests.tw_lws3_bitterfrostfrontier_iceboundchests_iceboundchest" GUID="I/5eJG+VvE+AvNuYotyOHw=="/>
		<POI MapID="1178" xpos="327.479" ypos="1.66882" zpos="44.1613" type="tw_guides.tw_lws3.tw_lws3_bitterfrostfrontier.tw_lws3_bitterfrostfrontier_iceboundchests.tw_lws3_bitterfrostfrontier_iceboundchests_iceboundchest" GUID="15GU61DmPUqD7EZ76itnng=="/>
		<POI MapID="1178" xpos="298.171" ypos="1.50129" zpos="91.2325" type="tw_guides.tw_lws3.tw_lws3_bitterfrostfrontier.tw_lws3_bitterfrostfrontier_iceboundchests.tw_lws3_bitterfrostfrontier_iceboundchests_iceboundchest" GUID="fMvlxejU3UqSjXw5jhy8Uw=="/>
		<POI MapID="1178" xpos="121.844" ypos="1.62197" zpos="-16.5978" type="tw_guides.tw_lws3.tw_lws3_bitterfrostfrontier.tw_lws3_bitterfrostfrontier_iceboundchests.tw_lws3_bitterfrostfrontier_iceboundchests_iceboundchest" GUID="iih9qPHckkGq2X2Cfq5/6A=="/>
		<POI MapID="1178" xpos="37.7343" ypos="1.87449" zpos="-5.08946" type="tw_guides.tw_lws3.tw_lws3_bitterfrostfrontier.tw_lws3_bitterfrostfrontier_iceboundchests.tw_lws3_bitterfrostfrontier_iceboundchests_iceboundchest" GUID="DGdJC6RBwU+ux9RNT9HHuw=="/>
		<POI MapID="1178" xpos="-29.4164" ypos="2.51162" zpos="52.7088" type="tw_guides.tw_lws3.tw_lws3_bitterfrostfrontier.tw_lws3_bitterfrostfrontier_iceboundchests.tw_lws3_bitterfrostfrontier_iceboundchests_iceboundchest" GUID="wHO/rw95j0i5Q2SkgwiJzg=="/>
		<POI MapID="1178" xpos="-146.438" ypos="0.753929" zpos="78.4943" type="tw_guides.tw_lws3.tw_lws3_bitterfrostfrontier.tw_lws3_bitterfrostfrontier_iceboundchests.tw_lws3_bitterfrostfrontier_iceboundchests_iceboundchest" GUID="uiWQUbEbAE6Tg0k3cg6SkQ=="/>
		<POI MapID="1178" xpos="-179.09" ypos="0.57737" zpos="38.8099" type="tw_guides.tw_lws3.tw_lws3_bitterfrostfrontier.tw_lws3_bitterfrostfrontier_iceboundchests.tw_lws3_bitterfrostfrontier_iceboundchests_iceboundchest" GUID="n95zj0jKxkmjI1/7KepkwQ=="/>
		<POI MapID="1178" xpos="-217.486" ypos="1.33891" zpos="2.753" type="tw_guides.tw_lws3.tw_lws3_bitterfrostfrontier.tw_lws3_bitterfrostfrontier_iceboundchests.tw_lws3_bitterfrostfrontier_iceboundchests_iceboundchest" GUID="uYw/feeNW0SaJ1sn86Lpdw=="/>
		<POI MapID="1178" xpos="-266.568" ypos="1.34326" zpos="28.2879" type="tw_guides.tw_lws3.tw_lws3_bitterfrostfrontier.tw_lws3_bitterfrostfrontier_iceboundchests.tw_lws3_bitterfrostfrontier_iceboundchests_iceboundchest" GUID="cu1gdxuPLEyZ92S0aDP3yA=="/>
		<POI MapID="1178" xpos="-617.971" ypos="1.39584" zpos="-139.992" type="tw_guides.tw_lws3.tw_lws3_bitterfrostfrontier.tw_lws3_bitterfrostfrontier_iceboundchests.tw_lws3_bitterfrostfrontier_iceboundchests_iceboundchest" GUID="qemH8nnnFE+aicM174hU+Q=="/>
		<POI MapID="1178" xpos="-600.169" ypos="1.00758" zpos="-219.193" type="tw_guides.tw_lws3.tw_lws3_bitterfrostfrontier.tw_lws3_bitterfrostfrontier_iceboundchests.tw_lws3_bitterfrostfrontier_iceboundchests_iceboundchest" GUID="8cRmf2LZyE+fUJHCHmgKxA=="/>
		<POI MapID="1178" xpos="-583.112" ypos="1.09681" zpos="-288.844" type="tw_guides.tw_lws3.tw_lws3_bitterfrostfrontier.tw_lws3_bitterfrostfrontier_iceboundchests.tw_lws3_bitterfrostfrontier_iceboundchests_iceboundchest" GUID="Hj2J/UPCPU2Y8LYiDXh6kA=="/>
		<POI MapID="1178" xpos="-544.201" ypos="0.962848" zpos="-292.31" type="tw_guides.tw_lws3.tw_lws3_bitterfrostfrontier.tw_lws3_bitterfrostfrontier_iceboundchests.tw_lws3_bitterfrostfrontier_iceboundchests_iceboundchest" GUID="s77LrRatfk2lX/eK0yRvSw=="/>
		<POI MapID="1178" xpos="-744.164" ypos="1.19538" zpos="-171.785" type="tw_guides.tw_lws3.tw_lws3_bitterfrostfrontier.tw_lws3_bitterfrostfrontier_iceboundchests.tw_lws3_bitterfrostfrontier_iceboundchests_iceboundchest" GUID="CEdx3qh6Y0KKfguzLdhMMA=="/>
		<POI MapID="1178" xpos="-353.233" ypos="33.9666" zpos="58.9649" type="tw_guides.tw_lws3.tw_lws3_bitterfrostfrontier.tw_lws3_bitterfrostfrontier_iceboundchests.tw_lws3_bitterfrostfrontier_iceboundchests_iceboundchest" GUID="TIXY9DDOZE6BQO3OHmIJfw=="/>
		<POI MapID="1178" xpos="-371.491" ypos="27.2892" zpos="-7.85906" type="tw_guides.tw_lws3.tw_lws3_bitterfrostfrontier.tw_lws3_bitterfrostfrontier_iceboundchests.tw_lws3_bitterfrostfrontier_iceboundchests_iceboundchest" GUID="mdxCVz9nN0it9EjIFetaCA=="/>
		<POI MapID="1178" xpos="-652.414" ypos="58.4297" zpos="279.849" type="tw_guides.tw_lws3.tw_lws3_bitterfrostfrontier.tw_lws3_bitterfrostfrontier_iceboundchests.tw_lws3_bitterfrostfrontier_iceboundchests_iceboundchest" GUID="wbDAtwAx00a1q3VRWPWW4w=="/>
		<POI MapID="1178" xpos="-91.5609" ypos="1.38445" zpos="-129.812" type="tw_guides.tw_lws3.tw_lws3_bitterfrostfrontier.tw_lws3_bitterfrostfrontier_iceboundchests.tw_lws3_bitterfrostfrontier_iceboundchests_iceboundchest" GUID="godjPw6ISUy0mEu1henK+A=="/>
		<POI MapID="1178" xpos="-22.7525" ypos="0.678932" zpos="-176.414" type="tw_guides.tw_lws3.tw_lws3_bitterfrostfrontier.tw_lws3_bitterfrostfrontier_iceboundchests.tw_lws3_bitterfrostfrontier_iceboundchests_iceboundchest" GUID="QUh1bDHa/k2dZSkYhuH0xw=="/>
		<POI MapID="1178" xpos="11.2298" ypos="0.668136" zpos="-208.546" type="tw_guides.tw_lws3.tw_lws3_bitterfrostfrontier.tw_lws3_bitterfrostfrontier_iceboundchests.tw_lws3_bitterfrostfrontier_iceboundchests_iceboundchest" GUID="xV4zZZt0ekiZE+wU71F9WA=="/>
		<POI MapID="1178" xpos="96.381" ypos="0.592104" zpos="-237.618" type="tw_guides.tw_lws3.tw_lws3_bitterfrostfrontier.tw_lws3_bitterfrostfrontier_iceboundchests.tw_lws3_bitterfrostfrontier_iceboundchests_iceboundchest" GUID="XYAavtPLa0i7mHUY6GEkJA=="/>
		<POI MapID="1178" xpos="79.9462" ypos="1.07822" zpos="-181.486" type="tw_guides.tw_lws3.tw_lws3_bitterfrostfrontier.tw_lws3_bitterfrostfrontier_iceboundchests.tw_lws3_bitterfrostfrontier_iceboundchests_iceboundchest" GUID="/iaUvaKZkk+8wbc0qun15A=="/>
		<POI MapID="1178" xpos="75.8622" ypos="0.483685" zpos="-154.2" type="tw_guides.tw_lws3.tw_lws3_bitterfrostfrontier.tw_lws3_bitterfrostfrontier_iceboundchests.tw_lws3_bitterfrostfrontier_iceboundchests_iceboundchest" GUID="dWqTw+v7CEaxbMEakPuU2g=="/>
		<POI MapID="1178" xpos="118.686" ypos="0.625011" zpos="-156.847" type="tw_guides.tw_lws3.tw_lws3_bitterfrostfrontier.tw_lws3_bitterfrostfrontier_iceboundchests.tw_lws3_bitterfrostfrontier_iceboundchests_iceboundchest" GUID="dxTGbOEMS0iEISK4O1XDmw=="/>
		<POI MapID="1178" xpos="400.56" ypos="11.2755" zpos="107.028" type="tw_guides.tw_lws3.tw_lws3_bitterfrostfrontier.tw_lws3_bitterfrostfrontier_iceboundchests.tw_lws3_bitterfrostfrontier_iceboundchests_iceboundchest" GUID="HrhQFTJGCEi3QgWu/2B3bQ=="/>
		<POI MapID="1178" xpos="218.321" ypos="10.1684" zpos="-249.075" type="tw_guides.tw_lws3.tw_lws3_bitterfrostfrontier.tw_lws3_bitterfrostfrontier_iceboundchests.tw_lws3_bitterfrostfrontier_iceboundchests_iceboundchest" GUID="P2uDQdS1z0aQT6LOGsT9+g=="/>
		<POI MapID="1178" xpos="-26.9046" ypos="1.73529" zpos="-104.098" type="tw_guides.tw_lws3.tw_lws3_bitterfrostfrontier.tw_lws3_bitterfrostfrontier_winterberries.tw_lws3_bitterfrostfrontier_winterberries_signs.tw_lws3_bitterfrostfrontier_winterberries_startsign" GUID="/Ng8J0bbVUS9vgrWjWveqw==" iconFile="Data/TekkitsWorkshop/LWS3/BitterfrostFrontier/tw_lws3_bitterfrostfrontier_winterberries_sign.png" iconSize="2" fadeNear="5000" fadeFar="5100" heightOffset="2.5" minSize="50"/>
		<POI MapID="1178" xpos="-146.009" ypos="0.622487" zpos="-129.152" type="tw_guides.tw_lws3.tw_lws3_bitterfrostfrontier.tw_lws3_bitterfrostfrontier_iceboundchests.tw_lws3_bitterfrostfrontier_iceboundchests_iceboundchest" GUID="zu9jSnJHG0SNr5h/BdtWCg==" iconFile="Data/TekkitsWorkshop/LWS3/BitterfrostFrontier/tw_lws3_bitterfrostfrontier_iceboundchests_iceboundchest.png" iconSize="0.7" heightOffset="0.5" minSize="10"/>
		<POI MapID="1178" xpos="-424.748" ypos="16.4834" zpos="-96.0418" type="tw_guides.tw_lws3.tw_lws3_bitterfrostfrontier.tw_lws3_bitterfrostfrontier_winterberries.tw_lws3_bitterfrostfrontier_winterberry" GUID="Ic/DQ61KdEC9vxDx1VcWLw==" iconFile="Data/TekkitsWorkshop/LWS3/BitterfrostFrontier/tw_lws3_bitterfrostfrontier_winterberries_winterberry.png" iconSize="0.7" fadeNear="5000" fadeFar="5100" heightOffset="0.5" behavior="7" minSize="10"/>
		<POI MapID="1178" xpos="-577.264" ypos="40.6756" zpos="-27.5568" type="tw_guides.tw_lws3.tw_lws3_bitterfrostfrontier.tw_lws3_bitterfrostfrontier_winterberries.tw_lws3_bitterfrostfrontier_winterberry" GUID="teWQwk3Mlk64lHPSAxX3sQ==" iconFile="Data/TekkitsWorkshop/LWS3/BitterfrostFrontier/tw_lws3_bitterfrostfrontier_winterberries_winterberry.png" iconSize="0.7" fadeNear="5000" fadeFar="5100" heightOffset="0.5" behavior="7" minSize="10"/>
		<POI MapID="1178" xpos="-751.004" ypos="104.448" zpos="265.589" type="tw_guides.tw_lws3.tw_lws3_bitterfrostfrontier.tw_lws3_bitterfrostfrontier_winterberries.tw_lws3_bitterfrostfrontier_winterberry" GUID="mv9v+XEmTU21JivPUQxd+A==" iconFile="Data/TekkitsWorkshop/LWS3/BitterfrostFrontier/tw_lws3_bitterfrostfrontier_winterberries_winterberry.png" iconSize="0.7" fadeNear="5000" fadeFar="5100" heightOffset="0.5" behavior="7" minSize="10"/>
		<POI MapID="1178" xpos="-699.307" ypos="73.4466" zpos="232.523" type="tw_guides.tw_lws3.tw_lws3_bitterfrostfrontier.tw_lws3_bitterfrostfrontier_winterberries.tw_lws3_bitterfrostfrontier_winterberry" GUID="HD70FFsltE257fBWHgRaxA==" iconFile="Data/TekkitsWorkshop/LWS3/BitterfrostFrontier/tw_lws3_bitterfrostfrontier_winterberries_winterberry.png" iconSize="0.7" fadeNear="5000" fadeFar="5100" heightOffset="0.5" behavior="7" minSize="10"/>
		<POI MapID="1178" xpos="-696.304" ypos="72.2794" zpos="231.919" type="tw_guides.tw_lws3.tw_lws3_bitterfrostfrontier.tw_lws3_bitterfrostfrontier_winterberries.tw_lws3_bitterfrostfrontier_winterberry" GUID="+edSF3oD7UWRgxh1UaJe5Q==" iconFile="Data/TekkitsWorkshop/LWS3/BitterfrostFrontier/tw_lws3_bitterfrostfrontier_winterberries_winterberry.png" iconSize="0.7" fadeNear="5000" fadeFar="5100" heightOffset="0.5" behavior="7" minSize="10"/>
		<POI MapID="1178" xpos="-714.615" ypos="67.4324" zpos="176.808" type="tw_guides.tw_lws3.tw_lws3_bitterfrostfrontier.tw_lws3_bitterfrostfrontier_winterberries.tw_lws3_bitterfrostfrontier_winterberry" GUID="fVcvF8m/yUeWTKUmipMq2g==" iconFile="Data/TekkitsWorkshop/LWS3/BitterfrostFrontier/tw_lws3_bitterfrostfrontier_winterberries_winterberry.png" iconSize="0.7" fadeNear="5000" fadeFar="5100" heightOffset="0.5" behavior="7" minSize="10"/>
		<POI MapID="1178" xpos="-555.903" ypos="70.8158" zpos="285.093" type="tw_guides.tw_lws3.tw_lws3_bitterfrostfrontier.tw_lws3_bitterfrostfrontier_winterberries.tw_lws3_bitterfrostfrontier_winterberry" GUID="FLZICrAWZkeGn+R1i4h4vg==" iconFile="Data/TekkitsWorkshop/LWS3/BitterfrostFrontier/tw_lws3_bitterfrostfrontier_winterberries_winterberry.png" iconSize="0.7" fadeNear="5000" fadeFar="5100" heightOffset="0.5" behavior="7" minSize="10"/>
		<POI MapID="1178" xpos="-376.905" ypos="89.6974" zpos="334.618" type="tw_guides.tw_lws3.tw_lws3_bitterfrostfrontier.tw_lws3_bitterfrostfrontier_winterberries.tw_lws3_bitterfrostfrontier_winterberry" GUID="e1osDRgAcUGnEQ9xri+RhA==" iconFile="Data/TekkitsWorkshop/LWS3/BitterfrostFrontier/tw_lws3_bitterfrostfrontier_winterberries_winterberry.png" iconSize="0.7" fadeNear="5000" fadeFar="5100" heightOffset="0.5" behavior="7" minSize="10"/>
		<POI MapID="1178" xpos="-274.619" ypos="74.5758" zpos="303.823" type="tw_guides.tw_lws3.tw_lws3_bitterfrostfrontier.tw_lws3_bitterfrostfrontier_winterberries.tw_lws3_bitterfrostfrontier_winterberry" GUID="OPEtnvv0e0mx0IkWgyiLFg==" iconFile="Data/TekkitsWorkshop/LWS3/BitterfrostFrontier/tw_lws3_bitterfrostfrontier_winterberries_winterberry.png" iconSize="0.7" fadeNear="5000" fadeFar="5100" heightOffset="0.5" behavior="7" minSize="10"/>
		<POI MapID="1178" xpos="-308.235" ypos="48.438" zpos="208.5" type="tw_guides.tw_lws3.tw_lws3_bitterfrostfrontier.tw_lws3_bitterfrostfrontier_winterberries.tw_lws3_bitterfrostfrontier_winterberry" GUID="cPlcmey600+A9iVpcUQcKA==" iconFile="Data/TekkitsWorkshop/LWS3/BitterfrostFrontier/tw_lws3_bitterfrostfrontier_winterberries_winterberry.png" iconSize="0.7" fadeNear="5000" fadeFar="5100" heightOffset="0.5" behavior="7" minSize="10"/>
		<POI MapID="1178" xpos="-299.398" ypos="34.853" zpos="105.6" type="tw_guides.tw_lws3.tw_lws3_bitterfrostfrontier.tw_lws3_bitterfrostfrontier_winterberries.tw_lws3_bitterfrostfrontier_winterberry" GUID="lxu6CDmnOU2ZdvzJovfw5A==" iconFile="Data/TekkitsWorkshop/LWS3/BitterfrostFrontier/tw_lws3_bitterfrostfrontier_winterberries_winterberry.png" iconSize="0.7" fadeNear="5000" fadeFar="5100" heightOffset="0.5" behavior="7" minSize="10"/>
		<POI MapID="1178" xpos="-234.03" ypos="35.748" zpos="171.473" type="tw_guides.tw_lws3.tw_lws3_bitterfrostfrontier.tw_lws3_bitterfrostfrontier_winterberries.tw_lws3_bitterfrostfrontier_winterberry" GUID="ljLqWzWB3UqM65efPO76GA==" iconFile="Data/TekkitsWorkshop/LWS3/BitterfrostFrontier/tw_lws3_bitterfrostfrontier_winterberries_winterberry.png" iconSize="0.7" fadeNear="5000" fadeFar="5100" heightOffset="0.5" behavior="7" minSize="10"/>
		<POI MapID="1178" xpos="-180.545" ypos="24.4015" zpos="165.429" type="tw_guides.tw_lws3.tw_lws3_bitterfrostfrontier.tw_lws3_bitterfrostfrontier_winterberries.tw_lws3_bitterfrostfrontier_winterberry" GUID="kdlTbjdXLEWg+IvpnSKmTw==" iconFile="Data/TekkitsWorkshop/LWS3/BitterfrostFrontier/tw_lws3_bitterfrostfrontier_winterberries_winterberry.png" iconSize="0.7" fadeNear="5000" fadeFar="5100" heightOffset="0.5" behavior="7" minSize="10"/>
		<POI MapID="1178" xpos="-182.673" ypos="23.3825" zpos="162.623" type="tw_guides.tw_lws3.tw_lws3_bitterfrostfrontier.tw_lws3_bitterfrostfrontier_winterberries.tw_lws3_bitterfrostfrontier_winterberry" GUID="88MzjLTDyki92rwsCsNdWA==" iconFile="Data/TekkitsWorkshop/LWS3/BitterfrostFrontier/tw_lws3_bitterfrostfrontier_winterberries_winterberry.png" iconSize="0.7" fadeNear="5000" fadeFar="5100" heightOffset="0.5" behavior="7" minSize="10"/>
		<POI MapID="1178" xpos="-129.446" ypos="1.52661" zpos="123.897" type="tw_guides.tw_lws3.tw_lws3_bitterfrostfrontier.tw_lws3_bitterfrostfrontier_winterberries.tw_lws3_bitterfrostfrontier_winterberry" GUID="p0JWtYvcj0iCR7Yx7xWF0g==" iconFile="Data/TekkitsWorkshop/LWS3/BitterfrostFrontier/tw_lws3_bitterfrostfrontier_winterberries_winterberry.png" iconSize="0.7" fadeNear="5000" fadeFar="5100" heightOffset="0.5" behavior="7" minSize="10"/>
		<POI MapID="1178" xpos="564.01" ypos="1.91087" zpos="-28.281" type="tw_guides.tw_lws3.tw_lws3_bitterfrostfrontier.tw_lws3_bitterfrostfrontier_winterberries.tw_lws3_bitterfrostfrontier_winterberries_signs.tw_lws3_bitterfrostfrontier_winterberries_finish" GUID="99LtPmkaFkysWVHUvL0qBQ==" iconFile="Data/TekkitsWorkshop/General/tw_trail_finish_b.png" iconSize="1.2" fadeNear="5000" fadeFar="5100" heightOffset="2.5" minSize="50"/>
		<POI MapID="1178" xpos="2.91837" ypos="3.32171" zpos="-315.758" type="tw_guides.tw_lws3.tw_lws3_bitterfrostfrontier.tw_lws3_bitterfrostfrontier_iceboundchests.tw_lws3_bitterfrostfrontier_iceboundchests_iceboundchest" GUID="/mDO/9lyt0uJvU+kB7mJEQ==" iconFile="Data/TekkitsWorkshop/LWS3/BitterfrostFrontier/tw_lws3_bitterfrostfrontier_iceboundchests_iceboundchest.png" iconSize="0.7" heightOffset="0.5" minSize="10"/>
		<POI MapID="1178" xpos="50.7745" ypos="1.37327" zpos="-261.413" type="tw_guides.tw_lws3.tw_lws3_bitterfrostfrontier.tw_lws3_bitterfrostfrontier_iceboundchests.tw_lws3_bitterfrostfrontier_iceboundchests_iceboundchest" GUID="PSnkI7yPpEq5ukJFfCh2MA==" iconFile="Data/TekkitsWorkshop/LWS3/BitterfrostFrontier/tw_lws3_bitterfrostfrontier_iceboundchests_iceboundchest.png" iconSize="0.7" heightOffset="0.5" minSize="10"/>
		<POI MapID="1178" xpos="179.319" ypos="2.03143" zpos="-206.161" type="tw_guides.tw_lws3.tw_lws3_bitterfrostfrontier.tw_lws3_bitterfrostfrontier_iceboundchests.tw_lws3_bitterfrostfrontier_iceboundchests_iceboundchest" GUID="TQQDAlUNZUanl2+8AzyPFA==" iconFile="Data/TekkitsWorkshop/LWS3/BitterfrostFrontier/tw_lws3_bitterfrostfrontier_iceboundchests_iceboundchest.png" iconSize="0.7" heightOffset="0.5" minSize="10"/>
		<POI MapID="1178" xpos="264.623" ypos="3.3062" zpos="-152.946" type="tw_guides.tw_lws3.tw_lws3_bitterfrostfrontier.tw_lws3_bitterfrostfrontier_iceboundchests.tw_lws3_bitterfrostfrontier_iceboundchests_iceboundchest" GUID="UD7Le+c+OkOn+yRTkxMDxg==" iconFile="Data/TekkitsWorkshop/LWS3/BitterfrostFrontier/tw_lws3_bitterfrostfrontier_iceboundchests_iceboundchest.png" iconSize="0.7" heightOffset="0.5" minSize="10"/>
		<POI MapID="1178" xpos="243.37" ypos="1.2595" zpos="-54.3927" type="tw_guides.tw_lws3.tw_lws3_bitterfrostfrontier.tw_lws3_bitterfrostfrontier_iceboundchests.tw_lws3_bitterfrostfrontier_iceboundchests_iceboundchest" GUID="29VwRi4X1k2OIidaXDofbw==" iconFile="Data/TekkitsWorkshop/LWS3/BitterfrostFrontier/tw_lws3_bitterfrostfrontier_iceboundchests_iceboundchest.png" iconSize="0.7" heightOffset="0.5" minSize="10"/>
		<POI MapID="1178" xpos="346.4" ypos="1.64003" zpos="57.9515" type="tw_guides.tw_lws3.tw_lws3_bitterfrostfrontier.tw_lws3_bitterfrostfrontier_iceboundchests.tw_lws3_bitterfrostfrontier_iceboundchests_iceboundchest" GUID="AlDDLuxXXU+K3B/MEj3mxg==" iconFile="Data/TekkitsWorkshop/LWS3/BitterfrostFrontier/tw_lws3_bitterfrostfrontier_iceboundchests_iceboundchest.png" iconSize="0.7" heightOffset="0.5" minSize="10"/>
		<POI MapID="1178" xpos="179.531" ypos="0.477771" zpos="12.9623" type="tw_guides.tw_lws3.tw_lws3_bitterfrostfrontier.tw_lws3_bitterfrostfrontier_iceboundchests.tw_lws3_bitterfrostfrontier_iceboundchests_iceboundchest" GUID="MbAN6bVzZ0qviKMNHIhn0g==" iconFile="Data/TekkitsWorkshop/LWS3/BitterfrostFrontier/tw_lws3_bitterfrostfrontier_iceboundchests_iceboundchest.png" iconSize="0.7" heightOffset="0.5" minSize="10"/>
		<POI MapID="1178" xpos="186.944" ypos="1.29644" zpos="-43.0298" type="tw_guides.tw_lws3.tw_lws3_bitterfrostfrontier.tw_lws3_bitterfrostfrontier_iceboundchests.tw_lws3_bitterfrostfrontier_iceboundchests_iceboundchest" GUID="mrioVb1dJEeOBWWRz+IvjQ==" iconFile="Data/TekkitsWorkshop/LWS3/BitterfrostFrontier/tw_lws3_bitterfrostfrontier_iceboundchests_iceboundchest.png" iconSize="0.7" heightOffset="0.5" minSize="10"/>
		<POI MapID="1178" xpos="-134.14" ypos="0.529529" zpos="-54.6976" type="tw_guides.tw_lws3.tw_lws3_bitterfrostfrontier.tw_lws3_bitterfrostfrontier_iceboundchests.tw_lws3_bitterfrostfrontier_iceboundchests_iceboundchest" GUID="KBnfQgcGvUyMgsARNsICHA==" iconFile="Data/TekkitsWorkshop/LWS3/BitterfrostFrontier/tw_lws3_bitterfrostfrontier_iceboundchests_iceboundchest.png" iconSize="0.7" heightOffset="0.5" minSize="10"/>
		<POI MapID="1178" xpos="-292.132" ypos="0.567884" zpos="-53.8385" type="tw_guides.tw_lws3.tw_lws3_bitterfrostfrontier.tw_lws3_bitterfrostfrontier_iceboundchests.tw_lws3_bitterfrostfrontier_iceboundchests_iceboundchest" GUID="Smua/P7CTUi6h9M+x3yxqg==" iconFile="Data/TekkitsWorkshop/LWS3/BitterfrostFrontier/tw_lws3_bitterfrostfrontier_iceboundchests_iceboundchest.png" iconSize="0.7" heightOffset="0.5" minSize="10"/>
		<POI MapID="1178" xpos="-525.931" ypos="10.7781" zpos="-200.503" type="tw_guides.tw_lws3.tw_lws3_bitterfrostfrontier.tw_lws3_bitterfrostfrontier_iceboundchests.tw_lws3_bitterfrostfrontier_iceboundchests_iceboundchest" GUID="KPiOiU6QyUqYyqz0aB2fOw==" iconFile="Data/TekkitsWorkshop/LWS3/BitterfrostFrontier/tw_lws3_bitterfrostfrontier_iceboundchests_iceboundchest.png" iconSize="0.7" heightOffset="0.5" minSize="10"/>
		<POI MapID="1178" xpos="-520.998" ypos="0.528711" zpos="-241.775" type="tw_guides.tw_lws3.tw_lws3_bitterfrostfrontier.tw_lws3_bitterfrostfrontier_iceboundchests.tw_lws3_bitterfrostfrontier_iceboundchests_iceboundchest" GUID="0Ptf1TULfUqeU1fTI4z55g==" iconFile="Data/TekkitsWorkshop/LWS3/BitterfrostFrontier/tw_lws3_bitterfrostfrontier_iceboundchests_iceboundchest.png" iconSize="0.7" heightOffset="0.5" minSize="10"/>
		<POI MapID="1178" xpos="-516.231" ypos="15.5094" zpos="-334.255" type="tw_guides.tw_lws3.tw_lws3_bitterfrostfrontier.tw_lws3_bitterfrostfrontier_iceboundchests.tw_lws3_bitterfrostfrontier_iceboundchests_iceboundchest" GUID="nIexX+aF+EuQQDy7in/w7Q==" iconFile="Data/TekkitsWorkshop/LWS3/BitterfrostFrontier/tw_lws3_bitterfrostfrontier_iceboundchests_iceboundchest.png" iconSize="0.7" heightOffset="0.5" minSize="10"/>
		<POI MapID="1178" xpos="-667.041" ypos="1.06098" zpos="-219.462" type="tw_guides.tw_lws3.tw_lws3_bitterfrostfrontier.tw_lws3_bitterfrostfrontier_iceboundchests.tw_lws3_bitterfrostfrontier_iceboundchests_iceboundchest" GUID="NEOsp7T+cUWkOqMIZedenA==" iconFile="Data/TekkitsWorkshop/LWS3/BitterfrostFrontier/tw_lws3_bitterfrostfrontier_iceboundchests_iceboundchest.png" iconSize="0.7" heightOffset="0.5" minSize="10"/>
		<POI MapID="1178" xpos="-619.145" ypos="1.05204" zpos="-54.3387" type="tw_guides.tw_lws3.tw_lws3_bitterfrostfrontier.tw_lws3_bitterfrostfrontier_iceboundchests.tw_lws3_bitterfrostfrontier_iceboundchests_iceboundchest" GUID="6IOWU6G7sEWuO5sd2vmVvA==" iconFile="Data/TekkitsWorkshop/LWS3/BitterfrostFrontier/tw_lws3_bitterfrostfrontier_iceboundchests_iceboundchest.png" iconSize="0.7" heightOffset="0.5" minSize="10"/>
		<POI MapID="1178" xpos="-481.894" ypos="1.12753" zpos="-98.1011" type="tw_guides.tw_lws3.tw_lws3_bitterfrostfrontier.tw_lws3_bitterfrostfrontier_iceboundchests.tw_lws3_bitterfrostfrontier_iceboundchests_iceboundchest" GUID="mRu7NNb+OkusvX3aPDQguw==" iconFile="Data/TekkitsWorkshop/LWS3/BitterfrostFrontier/tw_lws3_bitterfrostfrontier_iceboundchests_iceboundchest.png" iconSize="0.7" heightOffset="0.5" minSize="10"/>
		<POI MapID="1178" xpos="-117.795" ypos="0.567886" zpos="-170.404" type="tw_guides.tw_lws3.tw_lws3_bitterfrostfrontier.tw_lws3_bitterfrostfrontier_iceboundchests.tw_lws3_bitterfrostfrontier_iceboundchests_iceboundchest" GUID="Yn18DG5cVE64CV2I9SculQ==" iconFile="Data/TekkitsWorkshop/LWS3/BitterfrostFrontier/tw_lws3_bitterfrostfrontier_iceboundchests_iceboundchest.png" iconSize="0.7" heightOffset="0.5" minSize="10"/>
		<POI MapID="1178" xpos="562.136" ypos="1.65146" zpos="-26.5585" type="tw_guides.tw_lws3.tw_lws3_bitterfrostfrontier.tw_lws3_bitterfrostfrontier_winterberries.tw_lws3_bitterfrostfrontier_winterberry" GUID="egOOQqSRWEWBsF3RliBVZQ==" iconFile="Data/TekkitsWorkshop/LWS3/BitterfrostFrontier/tw_lws3_bitterfrostfrontier_winterberries_winterberry.png" iconSize="0.7" fadeNear="5000" fadeFar="5100" heightOffset="0.5" behavior="7" minSize="10"/>
		<POI MapID="1178" xpos="174.393" ypos="1.54465" zpos="-175.476" type="tw_guides.tw_lws3.tw_lws3_bitterfrostfrontier.tw_lws3_bitterfrostfrontier_iceboundchests.tw_lws3_bitterfrostfrontier_iceboundchests_iceboundchest" GUID="XJjXlbLnC0eJyHVbyzFu0A==" iconFile="Data/TekkitsWorkshop/LWS3/BitterfrostFrontier/tw_lws3_bitterfrostfrontier_iceboundchests_iceboundchest.png" iconSize="0.7" heightOffset="0.5" minSize="10"/>
		<POI MapID="1178" xpos="191.986" ypos="1.2274" zpos="-91.2361" type="tw_guides.tw_lws3.tw_lws3_bitterfrostfrontier.tw_lws3_bitterfrostfrontier_iceboundchests.tw_lws3_bitterfrostfrontier_iceboundchests_iceboundchest" GUID="sofqegEBAUmcaaHr0KTbxQ==" iconFile="Data/TekkitsWorkshop/LWS3/BitterfrostFrontier/tw_lws3_bitterfrostfrontier_iceboundchests_iceboundchest.png" iconSize="0.7" heightOffset="0.5" minSize="10"/>
		<POI MapID="1178" xpos="287.113" ypos="1.5953" zpos="-75.0015" type="tw_guides.tw_lws3.tw_lws3_bitterfrostfrontier.tw_lws3_bitterfrostfrontier_iceboundchests.tw_lws3_bitterfrostfrontier_iceboundchests_iceboundchest" GUID="AEVm4ZBzuU6LLJzE3Fjmzg==" iconFile="Data/TekkitsWorkshop/LWS3/BitterfrostFrontier/tw_lws3_bitterfrostfrontier_iceboundchests_iceboundchest.png" iconSize="0.7" heightOffset="0.5" minSize="10"/>
		<POI MapID="1178" xpos="295.682" ypos="1.45818" zpos="-11.096" type="tw_guides.tw_lws3.tw_lws3_bitterfrostfrontier.tw_lws3_bitterfrostfrontier_iceboundchests.tw_lws3_bitterfrostfrontier_iceboundchests_iceboundchest" GUID="izQ/wqbD+E6ngqqXO6KUjg==" iconFile="Data/TekkitsWorkshop/LWS3/BitterfrostFrontier/tw_lws3_bitterfrostfrontier_iceboundchests_iceboundchest.png" iconSize="0.7" heightOffset="0.5" minSize="10"/>
		<POI MapID="1178" xpos="342.568" ypos="1.59424" zpos="-20.7539" type="tw_guides.tw_lws3.tw_lws3_bitterfrostfrontier.tw_lws3_bitterfrostfrontier_iceboundchests.tw_lws3_bitterfrostfrontier_iceboundchests_iceboundchest" GUID="MyZx10YEPEGjcMT4MQOBSg==" iconFile="Data/TekkitsWorkshop/LWS3/BitterfrostFrontier/tw_lws3_bitterfrostfrontier_iceboundchests_iceboundchest.png" iconSize="0.7" heightOffset="0.5" minSize="10"/>
		<POI MapID="1178" xpos="400.99" ypos="1.39895" zpos="-0.685013" type="tw_guides.tw_lws3.tw_lws3_bitterfrostfrontier.tw_lws3_bitterfrostfrontier_iceboundchests.tw_lws3_bitterfrostfrontier_iceboundchests_iceboundchest" GUID="n7hf4HiyZ0Og8ZNJpadMAg==" iconFile="Data/TekkitsWorkshop/LWS3/BitterfrostFrontier/tw_lws3_bitterfrostfrontier_iceboundchests_iceboundchest.png" iconSize="0.7" heightOffset="0.5" minSize="10"/>
		<POI MapID="1178" xpos="249.002" ypos="4.83975" zpos="97.9492" type="tw_guides.tw_lws3.tw_lws3_bitterfrostfrontier.tw_lws3_bitterfrostfrontier_iceboundchests.tw_lws3_bitterfrostfrontier_iceboundchests_iceboundchest" GUID="yEtDebbao0uu6m0rV97E2A==" iconFile="Data/TekkitsWorkshop/LWS3/BitterfrostFrontier/tw_lws3_bitterfrostfrontier_iceboundchests_iceboundchest.png" iconSize="0.7" heightOffset="0.5" minSize="10"/>
		<POI MapID="1178" xpos="-74.8904" ypos="1.91057" zpos="101.39" type="tw_guides.tw_lws3.tw_lws3_bitterfrostfrontier.tw_lws3_bitterfrostfrontier_iceboundchests.tw_lws3_bitterfrostfrontier_iceboundchests_iceboundchest" GUID="0I0hkW+wwES0uR/fgyNiPw==" iconFile="Data/TekkitsWorkshop/LWS3/BitterfrostFrontier/tw_lws3_bitterfrostfrontier_iceboundchests_iceboundchest.png" iconSize="0.7" heightOffset="0.5" minSize="10"/>
		<POI MapID="1178" xpos="-480.602" ypos="0.776034" zpos="-184.774" type="tw_guides.tw_lws3.tw_lws3_bitterfrostfrontier.tw_lws3_bitterfrostfrontier_iceboundchests.tw_lws3_bitterfrostfrontier_iceboundchests_iceboundchest" GUID="c2ENOjs7YESqnybCd6M7BQ==" iconFile="Data/TekkitsWorkshop/LWS3/BitterfrostFrontier/tw_lws3_bitterfrostfrontier_iceboundchests_iceboundchest.png" iconSize="0.7" heightOffset="0.5" minSize="10"/>
		<POI MapID="1178" xpos="-55.2011" ypos="0.599358" zpos="-228.646" type="tw_guides.tw_lws3.tw_lws3_bitterfrostfrontier.tw_lws3_bitterfrostfrontier_iceboundchests.tw_lws3_bitterfrostfrontier_iceboundchests_iceboundchest" GUID="/tng1ChIMU26tCFJwCfgnA==" iconFile="Data/TekkitsWorkshop/LWS3/BitterfrostFrontier/tw_lws3_bitterfrostfrontier_iceboundchests_iceboundchest.png" iconSize="0.7" heightOffset="0.5" minSize="10"/>
		<POI MapID="1178" xpos="31.8098" ypos="1.39089" zpos="-45.6223" type="tw_guides.tw_lws3.tw_lws3_bitterfrostfrontier.tw_lws3_bitterfrostfrontier_iceboundchests.tw_lws3_bitterfrostfrontier_iceboundchests_iceboundchest" GUID="xjrF82WgZ0OKElIjFaPY6Q==" iconFile="Data/TekkitsWorkshop/LWS3/BitterfrostFrontier/tw_lws3_bitterfrostfrontier_iceboundchests_iceboundchest.png" iconSize="0.7" heightOffset="0.5" minSize="10"/>
		<POI MapID="1178" xpos="-558.581" ypos="0.156672" zpos="-149.378" type="tw_guides.tw_lws3.tw_lws3_bitterfrostfrontier.tw_lws3_bitterfrostfrontier_iceboundchests.tw_lws3_bitterfrostfrontier_iceboundchests_iceboundchest" GUID="jOoWb9eYMEG3dqL0wg4DGw==" iconFile="Data/TekkitsWorkshop/LWS3/BitterfrostFrontier/tw_lws3_bitterfrostfrontier_iceboundchests_iceboundchest.png" iconSize="0.7" heightOffset="0.5" minSize="10"/>
		<POI MapID="1178" xpos="-738.16" ypos="0.961805" zpos="-335.112" type="tw_guides.tw_lws3.tw_lws3_bitterfrostfrontier.tw_lws3_bitterfrostfrontier_iceboundchests.tw_lws3_bitterfrostfrontier_iceboundchests_iceboundchest" GUID="6a7AXTMgCUWb21yJt7WErw==" iconFile="Data/TekkitsWorkshop/LWS3/BitterfrostFrontier/tw_lws3_bitterfrostfrontier_iceboundchests_iceboundchest.png" iconSize="0.7" heightOffset="0.5" minSize="10"/>
		<POI MapID="1178" xpos="-639.014" ypos="1.18015" zpos="-100.518" type="tw_guides.tw_lws3.tw_lws3_bitterfrostfrontier.tw_lws3_bitterfrostfrontier_iceboundchests.tw_lws3_bitterfrostfrontier_iceboundchests_iceboundchest" GUID="7uZGDRJIeE68xzU3k75iiA==" iconFile="Data/TekkitsWorkshop/LWS3/BitterfrostFrontier/tw_lws3_bitterfrostfrontier_iceboundchests_iceboundchest.png" iconSize="0.7" heightOffset="0.5" minSize="10"/>
		<POI MapID="1178" xpos="-6.60184" ypos="1.51937" zpos="-271.094" type="tw_guides.tw_lws3.tw_lws3_bitterfrostfrontier.tw_lws3_bitterfrostfrontier_iceboundchests.tw_lws3_bitterfrostfrontier_iceboundchests_iceboundchest" GUID="ayDGVQR6XUSFybuBUrtk9A==" iconFile="Data/TekkitsWorkshop/LWS3/BitterfrostFrontier/tw_lws3_bitterfrostfrontier_iceboundchests_iceboundchest.png" iconSize="0.7" heightOffset="0.5" minSize="10"/>
		<POI MapID="1178" xpos="475.764" ypos="14.1826" zpos="78.6715" type="tw_guides.tw_lws3.tw_lws3_bitterfrostfrontier.tw_lws3_bitterfrostfrontier_iceboundchests.tw_lws3_bitterfrostfrontier_iceboundchests_iceboundchest" GUID="f2L5Ogjnz0azjqaLLH78FA==" iconFile="Data/TekkitsWorkshop/LWS3/BitterfrostFrontier/tw_lws3_bitterfrostfrontier_iceboundchests_iceboundchest.png" iconSize="0.7" heightOffset="0.5" minSize="10"/>
		<POI MapID="1178" xpos="-117.322" ypos="1.55534" zpos="-0.892419" type="tw_guides.tw_lws3.tw_lws3_bitterfrostfrontier.tw_lws3_bitterfrostfrontier_iceboundchests.tw_lws3_bitterfrostfrontier_iceboundchests_iceboundchest" GUID="A21pEL+u7026jg0Wm3/HrA==" iconFile="Data/TekkitsWorkshop/LWS3/BitterfrostFrontier/tw_lws3_bitterfrostfrontier_iceboundchests_iceboundchest.png" iconSize="0.7" heightOffset="0.5" minSize="10"/>
		<POI MapID="1178" xpos="-256.135" ypos="0.749523" zpos="-111.941" type="tw_guides.tw_lws3.tw_lws3_bitterfrostfrontier.tw_lws3_bitterfrostfrontier_iceboundchests.tw_lws3_bitterfrostfrontier_iceboundchests_iceboundchest" GUID="neulhlnSCkWpwmr1LYcTKA==" iconFile="Data/TekkitsWorkshop/LWS3/BitterfrostFrontier/tw_lws3_bitterfrostfrontier_iceboundchests_iceboundchest.png" iconSize="0.7" heightOffset="0.5" minSize="10"/>
		<POI MapID="1178" xpos="-714.159" ypos="66.3901" zpos="168.952" type="tw_guides.tw_lws3.tw_lws3_bitterfrostfrontier.tw_lws3_bitterfrostfrontier_winterberries.tw_lws3_bitterfrostfrontier_winterberry" GUID="Gl9xiOclsE6TLthcgEqXYw==" iconFile="Data/TekkitsWorkshop/LWS3/BitterfrostFrontier/tw_lws3_bitterfrostfrontier_winterberries_winterberry.png" iconSize="0.7" fadeNear="5000" fadeFar="5100" heightOffset="0.5" behavior="7" minSize="10"/>
		<POI MapID="1178" xpos="-705.389" ypos="72.3467" zpos="225.536" type="tw_guides.tw_lws3.tw_lws3_bitterfrostfrontier.tw_lws3_bitterfrostfrontier_winterberries.tw_lws3_bitterfrostfrontier_winterberry" GUID="hq0T9oEU9UmhR1HkeZ8LeA==" iconFile="Data/TekkitsWorkshop/LWS3/BitterfrostFrontier/tw_lws3_bitterfrostfrontier_winterberries_winterberry.png" iconSize="0.7" fadeNear="5000" fadeFar="5100" heightOffset="0.5" behavior="7" minSize="10"/>
		<POI MapID="1178" xpos="-342.892" ypos="30.3362" zpos="-61.2256" type="tw_guides.tw_lws3.tw_lws3_bitterfrostfrontier.tw_lws3_bitterfrostfrontier_winterberries.tw_lws3_bitterfrostfrontier_winterberry" GUID="dyfiFYYhEk2R//znf05L7Q==" iconFile="Data/TekkitsWorkshop/LWS3/BitterfrostFrontier/tw_lws3_bitterfrostfrontier_winterberries_winterberry.png" iconSize="0.7" fadeNear="5000" fadeFar="5100" heightOffset="0.5" behavior="7" minSize="10"/>
		<POI MapID="1178" xpos="-427.558" ypos="15.7692" zpos="-95.135" type="tw_guides.tw_lws3.tw_lws3_bitterfrostfrontier.tw_lws3_bitterfrostfrontier_winterberries.tw_lws3_bitterfrostfrontier_winterberry" GUID="oFWc/qrMREO9E38PCrdB1A==" iconFile="Data/TekkitsWorkshop/LWS3/BitterfrostFrontier/tw_lws3_bitterfrostfrontier_winterberries_winterberry.png" iconSize="0.7" fadeNear="5000" fadeFar="5100" heightOffset="0.5" behavior="7" minSize="10"/>
		<POI MapID="1178" xpos="-577.544" ypos="41.0864" zpos="-20.2361" type="tw_guides.tw_lws3.tw_lws3_bitterfrostfrontier.tw_lws3_bitterfrostfrontier_winterberries.tw_lws3_bitterfrostfrontier_winterberry" GUID="yNnYE+VRREOHE0+OPxLzew==" iconFile="Data/TekkitsWorkshop/LWS3/BitterfrostFrontier/tw_lws3_bitterfrostfrontier_winterberries_winterberry.png" iconSize="0.7" fadeNear="5000" fadeFar="5100" heightOffset="0.5" behavior="7" minSize="10"/>
		<POI MapID="1178" xpos="-776.64" ypos="88.3951" zpos="69.1486" type="tw_guides.tw_lws3.tw_lws3_bitterfrostfrontier.tw_lws3_bitterfrostfrontier_winterberries.tw_lws3_bitterfrostfrontier_winterberry" GUID="Obxyeb0eekCV078YoTmkAA==" iconFile="Data/TekkitsWorkshop/LWS3/BitterfrostFrontier/tw_lws3_bitterfrostfrontier_winterberries_winterberry.png" iconSize="0.7" fadeNear="5000" fadeFar="5100" heightOffset="0.5" behavior="7" minSize="10"/>
		<POI MapID="1178" xpos="-740.814" ypos="102.672" zpos="265.383" type="tw_guides.tw_lws3.tw_lws3_bitterfrostfrontier.tw_lws3_bitterfrostfrontier_winterberries.tw_lws3_bitterfrostfrontier_winterberry" GUID="e0dIBfnOSk+ANF+AC8k6gg==" iconFile="Data/TekkitsWorkshop/LWS3/BitterfrostFrontier/tw_lws3_bitterfrostfrontier_winterberries_winterberry.png" iconSize="0.7" fadeNear="5000" fadeFar="5100" heightOffset="0.5" behavior="7" minSize="10"/>
		<POI MapID="1178" xpos="-557.219" ypos="69.1872" zpos="282.598" type="tw_guides.tw_lws3.tw_lws3_bitterfrostfrontier.tw_lws3_bitterfrostfrontier_winterberries.tw_lws3_bitterfrostfrontier_winterberry" GUID="qNOABCZTB0avII1nOcLQrA==" iconFile="Data/TekkitsWorkshop/LWS3/BitterfrostFrontier/tw_lws3_bitterfrostfrontier_winterberries_winterberry.png" iconSize="0.7" fadeNear="5000" fadeFar="5100" heightOffset="0.5" behavior="7" minSize="10"/>
		<POI MapID="1178" xpos="-267.155" ypos="75.831" zpos="304.399" type="tw_guides.tw_lws3.tw_lws3_bitterfrostfrontier.tw_lws3_bitterfrostfrontier_winterberries.tw_lws3_bitterfrostfrontier_winterberry" GUID="+JzAXIDufEyyRgfS7DhsQQ==" iconFile="Data/TekkitsWorkshop/LWS3/BitterfrostFrontier/tw_lws3_bitterfrostfrontier_winterberries_winterberry.png" iconSize="0.7" fadeNear="5000" fadeFar="5100" heightOffset="0.5" behavior="7" minSize="10"/>
		<POI MapID="1178" xpos="-311.73" ypos="49.3947" zpos="209.669" type="tw_guides.tw_lws3.tw_lws3_bitterfrostfrontier.tw_lws3_bitterfrostfrontier_winterberries.tw_lws3_bitterfrostfrontier_winterberry" GUID="wsJ6NlUUI0CAs7thgQyJOQ==" iconFile="Data/TekkitsWorkshop/LWS3/BitterfrostFrontier/tw_lws3_bitterfrostfrontier_winterberries_winterberry.png" iconSize="0.7" fadeNear="5000" fadeFar="5100" heightOffset="0.5" behavior="7" minSize="10"/>
		<POI MapID="1178" xpos="-298.344" ypos="34.1187" zpos="101.344" type="tw_guides.tw_lws3.tw_lws3_bitterfrostfrontier.tw_lws3_bitterfrostfrontier_winterberries.tw_lws3_bitterfrostfrontier_winterberry" GUID="vCl8qAfNR02tCd4azLviuQ==" iconFile="Data/TekkitsWorkshop/LWS3/BitterfrostFrontier/tw_lws3_bitterfrostfrontier_winterberries_winterberry.png" iconSize="0.7" fadeNear="5000" fadeFar="5100" heightOffset="0.5" behavior="7" minSize="10"/>
		<POI MapID="1178" xpos="-209.716" ypos="17.0592" zpos="57.6184" type="tw_guides.tw_lws3.tw_lws3_bitterfrostfrontier.tw_lws3_bitterfrostfrontier_winterberries.tw_lws3_bitterfrostfrontier_winterberry" GUID="z1iXbdv1JES8dDZJzn4eJw==" iconFile="Data/TekkitsWorkshop/LWS3/BitterfrostFrontier/tw_lws3_bitterfrostfrontier_winterberries_winterberry.png" iconSize="0.7" fadeNear="5000" fadeFar="5100" heightOffset="0.5" behavior="7" minSize="10"/>
		<POI MapID="1178" xpos="-226.025" ypos="36.4317" zpos="170.676" type="tw_guides.tw_lws3.tw_lws3_bitterfrostfrontier.tw_lws3_bitterfrostfrontier_winterberries.tw_lws3_bitterfrostfrontier_winterberry" GUID="i4/gZ/J/qUqQgRjVvhJVEA==" iconFile="Data/TekkitsWorkshop/LWS3/BitterfrostFrontier/tw_lws3_bitterfrostfrontier_winterberries_winterberry.png" iconSize="0.7" fadeNear="5000" fadeFar="5100" heightOffset="0.5" behavior="7" minSize="10"/>
		<POI MapID="1178" xpos="-185.712" ypos="24.967" zpos="163.717" type="tw_guides.tw_lws3.tw_lws3_bitterfrostfrontier.tw_lws3_bitterfrostfrontier_winterberries.tw_lws3_bitterfrostfrontier_winterberry" GUID="0SuNq86XiU2GovgFEumH5Q==" iconFile="Data/TekkitsWorkshop/LWS3/BitterfrostFrontier/tw_lws3_bitterfrostfrontier_winterberries_winterberry.png" iconSize="0.7" fadeNear="5000" fadeFar="5100" heightOffset="0.5" behavior="7" minSize="10"/>
		<POI MapID="1178" xpos="162.858" ypos="3.57391" zpos="-127.159" type="tw_guides.tw_lws3.tw_lws3_bitterfrostfrontier.tw_lws3_bitterfrostfrontier_iceboundchests.tw_lws3_bitterfrostfrontier_iceboundchests_iceboundchest" GUID="/GLHm0I5y0OQ4Iu1D9VJrA==" iconFile="Data/TekkitsWorkshop/LWS3/BitterfrostFrontier/tw_lws3_bitterfrostfrontier_iceboundchests_iceboundchest.png" iconSize="0.7" heightOffset="1.5" minSize="10"/>
		<POI MapID="1178" xpos="411.02" ypos="1.3119" zpos="88.6598" type="tw_guides.tw_lws3.tw_lws3_bitterfrostfrontier.tw_lws3_bitterfrostfrontier_iceboundchests.tw_lws3_bitterfrostfrontier_iceboundchests_iceboundchest" GUID="rMwbj4OcEUq9os2m9odGgg==" iconFile="Data/TekkitsWorkshop/LWS3/BitterfrostFrontier/tw_lws3_bitterfrostfrontier_iceboundchests_iceboundchest.png" iconSize="0.7" heightOffset="1.5" minSize="10"/>
		<POI MapID="1178" xpos="63.6047" ypos="9.21915" zpos="-344.856" type="tw_guides.tw_lws3.tw_lws3_bitterfrostfrontier.tw_lws3_bitterfrostfrontier_winterberries.tw_lws3_bitterfrostfrontier_winterberry" GUID="KELDXnqQGkOTDLYEjHsODQ==" iconFile="Data/TekkitsWorkshop/LWS3/BitterfrostFrontier/tw_lws3_bitterfrostfrontier_winterberries_winterberry.png" iconSize="0.7" fadeNear="5000" fadeFar="5100" heightOffset="1.5" behavior="7" minSize="10"/>
		<POI MapID="1178" xpos="200.371" ypos="1.26035" zpos="-140.365" type="tw_guides.tw_lws3.tw_lws3_bitterfrostfrontier.tw_lws3_bitterfrostfrontier_iceboundchests.tw_lws3_bitterfrostfrontier_iceboundchests_iceboundchest" GUID="9Al+ym7czUOdkVqfrFdXUg==" iconFile="Data/TekkitsWorkshop/LWS3/BitterfrostFrontier/tw_lws3_bitterfrostfrontier_iceboundchests_iceboundchest.png" iconSize="0.7" heightOffset="1.5" minSize="10"/>
		<POI MapID="1178" xpos="-579.168" ypos="40.8383" zpos="-24.1788" type="tw_guides.tw_lws3.tw_lws3_bitterfrostfrontier.tw_lws3_bitterfrostfrontier_winterberries.tw_lws3_bitterfrostfrontier_winterberry" GUID="KscgN+5pkE2bAZMZjka2vA==" iconFile="Data/TekkitsWorkshop/LWS3/BitterfrostFrontier/tw_lws3_bitterfrostfrontier_winterberries_winterberry.png" iconSize="0.7" fadeNear="5000" fadeFar="5100" heightOffset="1.5" behavior="7" minSize="10"/>
		<POI MapID="1178" xpos="-745.388" ypos="101.563" zpos="259.983" type="tw_guides.tw_lws3.tw_lws3_bitterfrostfrontier.tw_lws3_bitterfrostfrontier_winterberries.tw_lws3_bitterfrostfrontier_winterberry" GUID="rC9OJR7I/UeszDaO7SZm0A==" iconFile="Data/TekkitsWorkshop/LWS3/BitterfrostFrontier/tw_lws3_bitterfrostfrontier_winterberries_winterberry.png" iconSize="0.7" fadeNear="5000" fadeFar="5100" heightOffset="1.5" behavior="7" minSize="10"/>
		<POI MapID="1178" xpos="-745.801" ypos="104.468" zpos="267.043" type="tw_guides.tw_lws3.tw_lws3_bitterfrostfrontier.tw_lws3_bitterfrostfrontier_winterberries.tw_lws3_bitterfrostfrontier_winterberry" GUID="5+SSkLSzTk+A0ufWg0K6GQ==" iconFile="Data/TekkitsWorkshop/LWS3/BitterfrostFrontier/tw_lws3_bitterfrostfrontier_winterberries_winterberry.png" iconSize="0.7" fadeNear="5000" fadeFar="5100" heightOffset="1.5" behavior="7" minSize="10"/>
		<POI MapID="1178" xpos="-703.883" ypos="73.791" zpos="229.759" type="tw_guides.tw_lws3.tw_lws3_bitterfrostfrontier.tw_lws3_bitterfrostfrontier_winterberries.tw_lws3_bitterfrostfrontier_winterberry" GUID="ShNOSZnQrkeDOYZw4yiPng==" iconFile="Data/TekkitsWorkshop/LWS3/BitterfrostFrontier/tw_lws3_bitterfrostfrontier_winterberries_winterberry.png" iconSize="0.7" fadeNear="5000" fadeFar="5100" heightOffset="1.5" behavior="7" minSize="10"/>
		<POI MapID="1178" xpos="-377.27" ypos="88.8191" zpos="331.373" type="tw_guides.tw_lws3.tw_lws3_bitterfrostfrontier.tw_lws3_bitterfrostfrontier_winterberries.tw_lws3_bitterfrostfrontier_winterberry" GUID="lWRF532vDUSOcf19j9gClg==" iconFile="Data/TekkitsWorkshop/LWS3/BitterfrostFrontier/tw_lws3_bitterfrostfrontier_winterberries_winterberry.png" iconSize="0.7" fadeNear="5000" fadeFar="5100" heightOffset="1.5" behavior="7" minSize="10"/>
		<POI MapID="1178" xpos="-127.145" ypos="1.54648" zpos="126.24" type="tw_guides.tw_lws3.tw_lws3_bitterfrostfrontier.tw_lws3_bitterfrostfrontier_winterberries.tw_lws3_bitterfrostfrontier_winterberry" GUID="QSFn3IrlYUeNMHi7nkVEUA==" iconFile="Data/TekkitsWorkshop/LWS3/BitterfrostFrontier/tw_lws3_bitterfrostfrontier_winterberries_winterberry.png" iconSize="0.7" fadeNear="5000" fadeFar="5100" heightOffset="1.5" behavior="7" minSize="10"/>
		<POI MapID="1178" xpos="-701.791" ypos="72.365" zpos="227.015" type="tw_guides.tw_lws3.tw_lws3_bitterfrostfrontier.tw_lws3_bitterfrostfrontier_winterberries.tw_lws3_bitterfrostfrontier_winterberry" GUID="KcFABNyEaECbcmapHtJZ/w==" iconFile="Data/TekkitsWorkshop/LWS3/BitterfrostFrontier/tw_lws3_bitterfrostfrontier_winterberries_winterberry.png" iconSize="0.7" fadeNear="5000" fadeFar="5100" heightOffset="1.5" behavior="7" minSize="10"/>
		<POI MapID="1178" xpos="-714.458" ypos="67.0477" zpos="173.807" type="tw_guides.tw_lws3.tw_lws3_bitterfrostfrontier.tw_lws3_bitterfrostfrontier_winterberries.tw_lws3_bitterfrostfrontier_winterberry" GUID="K4UzPYFiu0iRSzaDNk9BmA==" iconFile="Data/TekkitsWorkshop/LWS3/BitterfrostFrontier/tw_lws3_bitterfrostfrontier_winterberries_winterberry.png" iconSize="0.7" fadeNear="5000" fadeFar="5100" heightOffset="1.5" behavior="7" minSize="10"/>
		<POI MapID="1178" xpos="-170.646" ypos="101.13" zpos="290" type="tw_guides.tw_lws3.tw_lws3_bitterfrostfrontier.tw_lws3_bitterfrostfrontier_winterberries.tw_lws3_bitterfrostfrontier_winterberry" GUID="vNr6LTsXU0+Msn7lVnWIOg==" iconFile="Data/TekkitsWorkshop/LWS3/BitterfrostFrontier/tw_lws3_bitterfrostfrontier_winterberries_winterberry.png" iconSize="0.7" fadeNear="5000" fadeFar="5100" heightOffset="1.5" behavior="7" minSize="10"/>
		<POI MapID="1178" xpos="465.377" ypos="63.0448" zpos="-83.9089" type="tw_guides.tw_lws3.tw_lws3_bitterfrostfrontier.tw_lws3_bitterfrostfrontier_iceboundchests.tw_lws3_bitterfrostfrontier_iceboundchests_iceboundchest" GUID="/rkgUnVJwUiO6hK2ASNo2Q==" iconFile="Data/TekkitsWorkshop/LWS3/BitterfrostFrontier/tw_lws3_bitterfrostfrontier_iceboundchests_iceboundchest.png" iconSize="0.7" heightOffset="1.5" minSize="10"/>
		<POI MapID="1178" xpos="-96.3063" ypos="59.1258" zpos="-333.178" type="tw_guides.tw_lws3.tw_lws3_bitterfrostfrontier.tw_lws3_bitterfrostfrontier_iceboundchests.tw_lws3_bitterfrostfrontier_iceboundchests_iceboundchest" GUID="73MmgWmALEC9g0xuN+Jx6A==" iconFile="Data/TekkitsWorkshop/LWS3/BitterfrostFrontier/tw_lws3_bitterfrostfrontier_iceboundchests_iceboundchest.png" iconSize="0.7" heightOffset="1.5" minSize="10"/>
		<POI MapID="1178" xpos="792.291" ypos="81.7031" zpos="-171.689" type="tw_guides.tw_lws3.tw_lws3_bitterfrostfrontier.tw_lws3_bitterfrostfrontier_iceboundchests.tw_lws3_bitterfrostfrontier_iceboundchests_iceboundchest" GUID="VnJ/W7uTp06k+gVeWQCmtQ==" iconFile="Data/TekkitsWorkshop/LWS3/BitterfrostFrontier/tw_lws3_bitterfrostfrontier_iceboundchests_iceboundchest.png" iconSize="0.7" heightOffset="1.5" minSize="10"/>
		<POI MapID="1178" xpos="147.656" ypos="17.8335" zpos="416.309" type="tw_guides.tw_lws3.tw_lws3_bitterfrostfrontier.tw_lws3_bitterfrostfrontier_iceboundchests.tw_lws3_bitterfrostfrontier_iceboundchests_iceboundchest" GUID="U7Q2pP8XU0KL8E1IF1pHjw==" iconFile="Data/TekkitsWorkshop/LWS3/BitterfrostFrontier/tw_lws3_bitterfrostfrontier_iceboundchests_iceboundchest.png" iconSize="0.7" heightOffset="1.5" minSize="10"/>
		<POI MapID="1178" xpos="-26.9119" ypos="3.18099" zpos="362.443" type="tw_guides.tw_lws3.tw_lws3_bitterfrostfrontier.tw_lws3_bitterfrostfrontier_iceboundchests.tw_lws3_bitterfrostfrontier_iceboundchests_iceboundchest" GUID="CzMybs+ZMkGgxyHc8abZ4w==" iconFile="Data/TekkitsWorkshop/LWS3/BitterfrostFrontier/tw_lws3_bitterfrostfrontier_iceboundchests_iceboundchest.png" iconSize="0.7" heightOffset="1.5" minSize="10"/>
		<POI MapID="1178" xpos="-271.579" ypos="95.753" zpos="241.846" type="tw_guides.tw_lws3.tw_lws3_bitterfrostfrontier.tw_lws3_bitterfrostfrontier_iceboundchests.tw_lws3_bitterfrostfrontier_iceboundchests_iceboundchest" GUID="y+V2yRAWVUKY5rHeA5Sv8w==" iconFile="Data/TekkitsWorkshop/LWS3/BitterfrostFrontier/tw_lws3_bitterfrostfrontier_iceboundchests_iceboundchest.png" iconSize="0.7" heightOffset="1.5" minSize="10"/>
		<POI MapID="1178" xpos="-411.344" ypos="83.1804" zpos="153.41" type="tw_guides.tw_lws3.tw_lws3_bitterfrostfrontier.tw_lws3_bitterfrostfrontier_iceboundchests.tw_lws3_bitterfrostfrontier_iceboundchests_iceboundchest" GUID="+mFZ/ZdngEieypMPdKtG1g==" iconFile="Data/TekkitsWorkshop/LWS3/BitterfrostFrontier/tw_lws3_bitterfrostfrontier_iceboundchests_iceboundchest.png" iconSize="0.7" heightOffset="1.5" minSize="10"/>
		<POI MapID="1178" xpos="-606.273" ypos="80.5344" zpos="53.8294" type="tw_guides.tw_lws3.tw_lws3_bitterfrostfrontier.tw_lws3_bitterfrostfrontier_iceboundchests.tw_lws3_bitterfrostfrontier_iceboundchests_iceboundchest" GUID="GBA8IGP+4EKBnA/ep4TlwA==" iconFile="Data/TekkitsWorkshop/LWS3/BitterfrostFrontier/tw_lws3_bitterfrostfrontier_iceboundchests_iceboundchest.png" iconSize="0.7" heightOffset="1.5" minSize="10"/>
		<POI MapID="1178" xpos="-359.946" ypos="99.1799" zpos="176.475" type="tw_guides.tw_lws3.tw_lws3_bitterfrostfrontier.tw_lws3_bitterfrostfrontier_iceboundchests.tw_lws3_bitterfrostfrontier_iceboundchests_iceboundchest" GUID="c+e5dYbW0EqaCEJpwN7AuA==" iconFile="Data/TekkitsWorkshop/LWS3/BitterfrostFrontier/tw_lws3_bitterfrostfrontier_iceboundchests_iceboundchest.png" iconSize="0.7" heightOffset="1.5" minSize="10"/>
		<Trail type="tw_guides.tw_lws3.tw_lws3_bitterfrostfrontier.tw_lws3_bitterfrostfrontier_winterberries.tw_lws3_bitterfrostfrontier_winterberries_toggletrail" GUID="FqUZzISCA0OEbsQlwstAwA==" fadeNear="5000" fadeFar="5100" trailData="Data/TekkitsWorkshop/LWS3/BitterfrostFrontier/tw_lws3_bitterfrostfrontier_winterberries_toggletrail.trl" animSpeed="0" texture="Data/TekkitsWorkshop/General/tw_trail_b.png"/>
	</POIs>
</OverlayData>
