<OverlayData>
<MarkerCategory name="tw_guides" DisplayName="Tekkit's Guides">
	<MarkerCategory name="tw_mc_lws3" DisplayName="Living World Season 3">
		<MarkerCategory name="tw_mc_lws3_separator01" IsSeparator="1" DisplayName="        [ROUTES]"/>
    <MarkerCategory name="tw_mc_lws3_trails" DisplayName="Routes - For Mount">
      <MarkerCategory name="tw_mc_lws3_trails_bloodstonefen" DisplayName="Toggle Bloodstone Fen">
        <MarkerCategory name="tw_mc_lws3_trails_bloodstonefen_toggletrail" DisplayName="Toggle Bloodstone Fen Route"/>
        <MarkerCategory name="tw_mc_lws3_trails_bloodstonefen_startsign" DisplayName="Starting Sign" iconFile="Data/TekkitsWorkshop/MC/tw_mc_startsign.png" iconSize="2" fadeNear="5000" fadeFar="5100" heightOffset="2.5"/>
				<MarkerCategory name="tw_mc_lws3_trails_bloodstonefen_finish" DisplayName="Finish Sign" iconFile="Data/TekkitsWorkshop/General/tw_trail_finish_b.png" iconSize="1.2" fadeNear="5000" fadeFar="5100" heightOffset="2.5" minSize="50"/>
        <MarkerCategory name="tw_mc_lws3_trails_bloodstonefen_enter" DisplayName="Enter" mapDisplaySize="30" iconFile="Data/TekkitsWorkshop/MC/tw_mc_enter.png" iconSize="0.5" fadeNear="3500" fadeFar="3600" heightOffset="0.5" minSize="10"/>
				<MarkerCategory name="tw_mc_lws3_trails_bloodstonefen_exit" DisplayName="Exit" mapDisplaySize="30" iconFile="Data/TekkitsWorkshop/MC/tw_mc_exit.png" iconSize="0.5" fadeNear="3500" fadeFar="3600" heightOffset="0.5" minSize="10"/>
      </MarkerCategory>
      <MarkerCategory name="tw_mc_lws3_trails_emberbay" DisplayName="Toggle Ember Bay">
        <MarkerCategory name="tw_mc_lws3_trails_emberbay_toggletrail" DisplayName="Toggle Ember Bay Route"/>
        <MarkerCategory name="tw_mc_lws3_trails_emberbay_startsign" DisplayName="Starting Sign" iconFile="Data/TekkitsWorkshop/MC/tw_mc_startsign.png" iconSize="2" fadeNear="5000" fadeFar="5100" heightOffset="2.5"/>
				<MarkerCategory name="tw_mc_lws3_trails_emberbay_finish" DisplayName="Finish Sign" iconFile="Data/TekkitsWorkshop/General/tw_trail_finish_b.png" iconSize="1.2" fadeNear="5000" fadeFar="5100" heightOffset="2.5" minSize="50"/>
        <MarkerCategory name="tw_mc_lws3_trails_emberbay_enter" DisplayName="Enter" mapDisplaySize="30" iconFile="Data/TekkitsWorkshop/MC/tw_mc_enter.png" iconSize="0.5" fadeNear="3500" fadeFar="3600" heightOffset="0.5" minSize="10"/>
				<MarkerCategory name="tw_mc_lws3_trails_emberbay_exit" DisplayName="Exit" mapDisplaySize="30" iconFile="Data/TekkitsWorkshop/MC/tw_mc_exit.png" iconSize="0.5" fadeNear="3500" fadeFar="3600" heightOffset="0.5" minSize="10"/>
      </MarkerCategory>
      <MarkerCategory name="tw_mc_lws3_trails_bitterfrostfrontier" DisplayName="Toggle Bitterfrost Frontier">
        <MarkerCategory name="tw_mc_lws3_trails_bitterfrostfrontier_toggletrail" DisplayName="Toggle Bitterfrost Frontier Route"/>
        <MarkerCategory name="tw_mc_lws3_trails_bitterfrostfrontier_startsign" DisplayName="Starting Sign" iconFile="Data/TekkitsWorkshop/MC/tw_mc_startsign.png" iconSize="2" fadeNear="5000" fadeFar="5100" heightOffset="2.5"/>
				<MarkerCategory name="tw_mc_lws3_trails_bitterfrostfrontier_finish" DisplayName="Finish Sign" iconFile="Data/TekkitsWorkshop/General/tw_trail_finish_b.png" iconSize="1.2" fadeNear="5000" fadeFar="5100" heightOffset="2.5" minSize="50"/>
        <MarkerCategory name="tw_mc_lws3_trails_bitterfrostfrontier_enter" DisplayName="Enter" mapDisplaySize="30" iconFile="Data/TekkitsWorkshop/MC/tw_mc_enter.png" iconSize="0.5" fadeNear="3500" fadeFar="3600" heightOffset="0.5" minSize="10"/>
				<MarkerCategory name="tw_mc_lws3_trails_bitterfrostfrontier_exit" DisplayName="Exit" mapDisplaySize="30" iconFile="Data/TekkitsWorkshop/MC/tw_mc_exit.png" iconSize="0.5" fadeNear="3500" fadeFar="3600" heightOffset="0.5" minSize="10"/>
      </MarkerCategory>
      <MarkerCategory name="tw_mc_lws3_trails_lakedoric" DisplayName="Toggle Lake Doric">
        <MarkerCategory name="tw_mc_lws3_trails_lakedoric_toggletrail" DisplayName="Toggle Lake Doric Route"/>
        <MarkerCategory name="tw_mc_lws3_trails_lakedoric_startsign" DisplayName="Starting Sign" iconFile="Data/TekkitsWorkshop/MC/tw_mc_startsign.png" iconSize="2" fadeNear="5000" fadeFar="5100" heightOffset="2.5"/>
				<MarkerCategory name="tw_mc_lws3_trails_lakedoric_finish" DisplayName="Finish Sign" iconFile="Data/TekkitsWorkshop/General/tw_trail_finish_b.png" iconSize="1.2" fadeNear="5000" fadeFar="5100" heightOffset="2.5" minSize="50"/>
        <MarkerCategory name="tw_mc_lws3_trails_lakedoric_enter" DisplayName="Enter" mapDisplaySize="30" iconFile="Data/TekkitsWorkshop/MC/tw_mc_enter.png" iconSize="0.5" fadeNear="3500" fadeFar="3600" heightOffset="0.5" minSize="10"/>
				<MarkerCategory name="tw_mc_lws3_trails_lakedoric_exit" DisplayName="Exit" mapDisplaySize="30" iconFile="Data/TekkitsWorkshop/MC/tw_mc_exit.png" iconSize="0.5" fadeNear="3500" fadeFar="3600" heightOffset="0.5" minSize="10"/>
      </MarkerCategory>
      <MarkerCategory name="tw_mc_lws3_trails_draconismons" DisplayName="Toggle Draconis Mons">
        <MarkerCategory name="tw_mc_lws3_trails_draconismons_toggletrail" DisplayName="Toggle Draconis Mons Route"/>
        <MarkerCategory name="tw_mc_lws3_trails_draconismons_startsign" DisplayName="Starting Sign" iconFile="Data/TekkitsWorkshop/MC/tw_mc_startsign.png" iconSize="2" fadeNear="5000" fadeFar="5100" heightOffset="2.5"/>
				<MarkerCategory name="tw_mc_lws3_trails_draconismons_finish" DisplayName="Finish Sign" iconFile="Data/TekkitsWorkshop/General/tw_trail_finish_b.png" iconSize="1.2" fadeNear="5000" fadeFar="5100" heightOffset="2.5" minSize="50"/>
        <MarkerCategory name="tw_mc_lws3_trails_draconismons_enter" DisplayName="Enter" mapDisplaySize="30" iconFile="Data/TekkitsWorkshop/MC/tw_mc_enter.png" iconSize="0.5" fadeNear="3500" fadeFar="3600" heightOffset="0.5" minSize="10"/>
				<MarkerCategory name="tw_mc_lws3_trails_draconismons_exit" DisplayName="Exit" mapDisplaySize="30" iconFile="Data/TekkitsWorkshop/MC/tw_mc_exit.png" iconSize="0.5" fadeNear="3500" fadeFar="3600" heightOffset="0.5" minSize="10"/>
      </MarkerCategory>
      <MarkerCategory name="tw_mc_lws3_trails_sirenslanding" DisplayName="Toggle Siren's Landing">
        <MarkerCategory name="tw_mc_lws3_trails_sirenslanding_toggletrail" DisplayName="Toggle Siren's Landing Route"/>
        <MarkerCategory name="tw_mc_lws3_trails_sirenslanding_startsign" DisplayName="Starting Sign" iconFile="Data/TekkitsWorkshop/MC/tw_mc_startsign.png" iconSize="2" fadeNear="5000" fadeFar="5100" heightOffset="2.5"/>
				<MarkerCategory name="tw_mc_lws3_trails_sirenslanding_finish" DisplayName="Finish Sign" iconFile="Data/TekkitsWorkshop/General/tw_trail_finish_b.png" iconSize="1.2" fadeNear="5000" fadeFar="5100" heightOffset="2.5" minSize="50"/>
        <MarkerCategory name="tw_mc_lws3_trails_sirenslanding_enter" DisplayName="Enter" mapDisplaySize="30" iconFile="Data/TekkitsWorkshop/MC/tw_mc_enter.png" iconSize="0.5" fadeNear="3500" fadeFar="3600" heightOffset="0.5" minSize="10"/>
				<MarkerCategory name="tw_mc_lws3_trails_sirenslanding_exit" DisplayName="Exit" mapDisplaySize="30" iconFile="Data/TekkitsWorkshop/MC/tw_mc_exit.png" iconSize="0.5" fadeNear="3500" fadeFar="3600" heightOffset="0.5" minSize="10"/>
      </MarkerCategory>
    </MarkerCategory>
    <MarkerCategory name="tw_mc_lws3_separator02" IsSeparator="1" DisplayName="     [BLOODSTONE FEN]"/>
    <MarkerCategory name="tw_mc_lws3_bloodstonefen_pointsofinterest" DisplayName="Toggle Points of Interest">
      <MarkerCategory name="tw_mc_lws3_bloodstonefen_pointsofinterest_pointsofinterest01" DisplayName="Bloodstone's Shell" iconFile="Data/TekkitsWorkshop/MC/tw_mc_pointofinterest.png" iconSize="0.5" fadeNear="3500" fadeFar="3600" heightOffset="0.5" minSize="10"/>
      <MarkerCategory name="tw_mc_lws3_bloodstonefen_pointsofinterest_pointsofinterest02" DisplayName="Colosseum of the Faithful" iconFile="Data/TekkitsWorkshop/MC/tw_mc_pointofinterest.png" iconSize="0.5" fadeNear="3500" fadeFar="3600" heightOffset="0.5" minSize="10"/>
      <MarkerCategory name="tw_mc_lws3_bloodstonefen_pointsofinterest_pointsofinterest03" DisplayName="Crater's Precipice" iconFile="Data/TekkitsWorkshop/MC/tw_mc_pointofinterest.png" iconSize="0.5" fadeNear="3500" fadeFar="3600" heightOffset="0.5" minSize="10"/>
      <MarkerCategory name="tw_mc_lws3_bloodstonefen_pointsofinterest_pointsofinterest04" DisplayName="Salvation Springs" iconFile="Data/TekkitsWorkshop/MC/tw_mc_pointofinterest.png" iconSize="0.5" fadeNear="3500" fadeFar="3600" heightOffset="0.5" minSize="10"/>
      <MarkerCategory name="tw_mc_lws3_bloodstonefen_pointsofinterest_pointsofinterest05" DisplayName="Temple of Renewal" iconFile="Data/TekkitsWorkshop/MC/tw_mc_pointofinterest.png" iconSize="0.5" fadeNear="3500" fadeFar="3600" heightOffset="0.5" minSize="10"/>
      <MarkerCategory name="tw_mc_lws3_bloodstonefen_pointsofinterest_pointsofinterest06" DisplayName="Temple of Sacrifice" iconFile="Data/TekkitsWorkshop/MC/tw_mc_pointofinterest.png" iconSize="0.5" fadeNear="3500" fadeFar="3600" heightOffset="0.5" minSize="10"/>
      <MarkerCategory name="tw_mc_lws3_bloodstonefen_pointsofinterest_pointsofinterest07" DisplayName="Tomb of the Confessors" iconFile="Data/TekkitsWorkshop/MC/tw_mc_pointofinterest.png" iconSize="0.5" fadeNear="3500" fadeFar="3600" heightOffset="0.5" minSize="10"/>
    </MarkerCategory>
    <MarkerCategory name="tw_mc_lws3_bloodstonefen_vistas" DisplayName="Toggle Vistas">
      <MarkerCategory name="tw_mc_lws3_bloodstonefen_vistas_vista01" DisplayName="Cavern of Unseen Lights Vista" iconFile="Data/TekkitsWorkshop/MC/tw_mc_vista.png" iconSize="0.5" fadeNear="3500" fadeFar="3600" heightOffset="0.5" minSize="10"/>
      <MarkerCategory name="tw_mc_lws3_bloodstonefen_vistas_vista02" DisplayName="Colosseum of the Faithful Vista" iconFile="Data/TekkitsWorkshop/MC/tw_mc_vista.png" iconSize="0.5" fadeNear="3500" fadeFar="3600" heightOffset="0.5" minSize="10"/>
      <MarkerCategory name="tw_mc_lws3_bloodstonefen_vistas_vista03" DisplayName="Fragmented Wastes Vista" iconFile="Data/TekkitsWorkshop/MC/tw_mc_vista.png" iconSize="0.5" fadeNear="3500" fadeFar="3600" heightOffset="0.5" minSize="10"/>
    </MarkerCategory>
    <MarkerCategory name="tw_mc_lws3_bloodstonefen_waypoints" DisplayName="Toggle Waypoints">
      <MarkerCategory name="tw_mc_lws3_bloodstonefen_waypoints_waypoint01" DisplayName="Depths of the Maw Waypoint" iconFile="Data/TekkitsWorkshop/MC/tw_mc_waypoint.png" iconSize="0.5" fadeNear="3500" fadeFar="3600" heightOffset="0.5" minSize="10"/>
      <MarkerCategory name="tw_mc_lws3_bloodstonefen_waypoints_waypoint02" DisplayName="Ground Zero Waypoint" iconFile="Data/TekkitsWorkshop/MC/tw_mc_waypoint.png" iconSize="0.5" fadeNear="3500" fadeFar="3600" heightOffset="0.5" minSize="10"/>
      <MarkerCategory name="tw_mc_lws3_bloodstonefen_waypoints_waypoint03" DisplayName="Soulkeeper's Airship Waypoint" iconFile="Data/TekkitsWorkshop/MC/tw_mc_waypoint.png" iconSize="0.5" fadeNear="3500" fadeFar="3600" heightOffset="0.5" minSize="10"/>
      <MarkerCategory name="tw_mc_lws3_bloodstonefen_waypoints_waypoint04" DisplayName="Zealot's Overlook Waypoint" iconFile="Data/TekkitsWorkshop/MC/tw_mc_waypoint.png" iconSize="0.5" fadeNear="3500" fadeFar="3600" heightOffset="0.5" minSize="10"/>
    </MarkerCategory>
    <MarkerCategory name="tw_mc_lws3_separator03" IsSeparator="1" DisplayName="     [EMBER BAY]"/>
    <MarkerCategory name="tw_mc_lws3_emberbay_hearts" DisplayName="Toggle Hearts">
      <MarkerCategory name="tw_mc_lws3_emberbay_hearts_heart01" DisplayName="Assist Scientist Vratt" miniMapVisibility="0" mapVisibility="0" iconFile="Data/TekkitsWorkshop/MC/tw_mc_lws3_emberbay_hearts_heart01.png" iconSize="2.5" fadeNear="3500" fadeFar="3600" heightOffset="4.5" minSize="100"/>
      <MarkerCategory name="tw_mc_lws3_emberbay_hearts_heart02" DisplayName="Assist the asuran researchers" miniMapVisibility="0" mapVisibility="0" iconFile="Data/TekkitsWorkshop/MC/tw_mc_lws3_emberbay_hearts_heart02.png" iconSize="2.5" fadeNear="3500" fadeFar="3600" heightOffset="4.5" minSize="100"/>
      <MarkerCategory name="tw_mc_lws3_emberbay_hearts_heart03" DisplayName="Help the skritt encampment" miniMapVisibility="0" mapVisibility="0" iconFile="Data/TekkitsWorkshop/MC/tw_mc_lws3_emberbay_hearts_heart03.png" iconSize="2.5" fadeNear="3500" fadeFar="3600" heightOffset="4.5" minSize="100"/>
      <MarkerCategory name="tw_mc_lws3_emberbay_hearts_heart04" DisplayName="Investigate the mursaat fortress" miniMapVisibility="0" mapVisibility="0" iconFile="Data/TekkitsWorkshop/MC/tw_mc_lws3_emberbay_hearts_heart04.png" iconSize="2.5" fadeNear="3500" fadeFar="3600" heightOffset="4.5" minSize="100"/>
      <MarkerCategory name="tw_mc_lws3_emberbay_hearts_heart05" DisplayName="Win the favor of the circus" miniMapVisibility="0" mapVisibility="0" iconFile="Data/TekkitsWorkshop/MC/tw_mc_lws3_emberbay_hearts_heart05.png" iconSize="2.5" fadeNear="3500" fadeFar="3600" heightOffset="4.5" minSize="100"/>
    </MarkerCategory>
    <MarkerCategory name="tw_mc_lws3_emberbay_pointsofinterest" DisplayName="Toggle Points of Interest">
      <MarkerCategory name="tw_mc_lws3_emberbay_pointsofinterest_pointsofinterest01" DisplayName="Asuran Beachhead" iconFile="Data/TekkitsWorkshop/MC/tw_mc_pointofinterest.png" iconSize="0.5" fadeNear="3500" fadeFar="3600" heightOffset="0.5" minSize="10"/>
      <MarkerCategory name="tw_mc_lws3_emberbay_pointsofinterest_pointsofinterest02" DisplayName="Barrier Spires" iconFile="Data/TekkitsWorkshop/MC/tw_mc_pointofinterest.png" iconSize="0.5" fadeNear="3500" fadeFar="3600" heightOffset="0.5" minSize="10"/>
      <MarkerCategory name="tw_mc_lws3_emberbay_pointsofinterest_pointsofinterest03" DisplayName="Cliffwalk Trailhead" iconFile="Data/TekkitsWorkshop/MC/tw_mc_pointofinterest.png" iconSize="0.5" fadeNear="3500" fadeFar="3600" heightOffset="0.5" minSize="10"/>
      <MarkerCategory name="tw_mc_lws3_emberbay_pointsofinterest_pointsofinterest04" DisplayName="Destruction's Maw" iconFile="Data/TekkitsWorkshop/MC/tw_mc_pointofinterest.png" iconSize="0.5" fadeNear="3500" fadeFar="3600" heightOffset="0.5" minSize="10"/>
      <MarkerCategory name="tw_mc_lws3_emberbay_pointsofinterest_pointsofinterest05" DisplayName="Fool's Scratch" iconFile="Data/TekkitsWorkshop/MC/tw_mc_pointofinterest.png" iconSize="0.5" fadeNear="3500" fadeFar="3600" heightOffset="0.5" minSize="10"/>
      <MarkerCategory name="tw_mc_lws3_emberbay_pointsofinterest_pointsofinterest06" DisplayName="Furnace Chamber" iconFile="Data/TekkitsWorkshop/MC/tw_mc_pointofinterest.png" iconSize="0.5" fadeNear="3500" fadeFar="3600" heightOffset="0.5" minSize="10"/>
      <MarkerCategory name="tw_mc_lws3_emberbay_pointsofinterest_pointsofinterest07" DisplayName="Chalice of Tears" iconFile="Data/TekkitsWorkshop/MC/tw_mc_pointofinterest.png" iconSize="0.5" fadeNear="3500" fadeFar="3600" heightOffset="0.5" minSize="10"/>
      <MarkerCategory name="tw_mc_lws3_emberbay_pointsofinterest_pointsofinterest08" DisplayName="Ivy's Circus Spectacular" iconFile="Data/TekkitsWorkshop/MC/tw_mc_pointofinterest.png" iconSize="0.5" fadeNear="3500" fadeFar="3600" heightOffset="0.5" minSize="10"/>
      <MarkerCategory name="tw_mc_lws3_emberbay_pointsofinterest_pointsofinterest09" DisplayName="Karka Hatchery" iconFile="Data/TekkitsWorkshop/MC/tw_mc_pointofinterest.png" iconSize="0.5" fadeNear="3500" fadeFar="3600" heightOffset="0.5" minSize="10"/>
      <MarkerCategory name="tw_mc_lws3_emberbay_pointsofinterest_pointsofinterest10" DisplayName="Lava River" iconFile="Data/TekkitsWorkshop/MC/tw_mc_pointofinterest.png" iconSize="0.5" fadeNear="3500" fadeFar="3600" heightOffset="0.5" minSize="10"/>
      <MarkerCategory name="tw_mc_lws3_emberbay_pointsofinterest_pointsofinterest11" DisplayName="Magma Outlet" iconFile="Data/TekkitsWorkshop/MC/tw_mc_pointofinterest.png" iconSize="0.5" fadeNear="3500" fadeFar="3600" heightOffset="0.5" minSize="10"/>
      <MarkerCategory name="tw_mc_lws3_emberbay_pointsofinterest_pointsofinterest12" DisplayName="Observation Outpost" iconFile="Data/TekkitsWorkshop/MC/tw_mc_pointofinterest.png" iconSize="0.5" fadeNear="3500" fadeFar="3600" heightOffset="0.5" minSize="10"/>
      <MarkerCategory name="tw_mc_lws3_emberbay_pointsofinterest_pointsofinterest13" DisplayName="Osprey Aeries" iconFile="Data/TekkitsWorkshop/MC/tw_mc_pointofinterest.png" iconSize="0.5" fadeNear="3500" fadeFar="3600" heightOffset="0.5" minSize="10"/>
      <MarkerCategory name="tw_mc_lws3_emberbay_pointsofinterest_pointsofinterest14" DisplayName="Pedestal of Flames" iconFile="Data/TekkitsWorkshop/MC/tw_mc_pointofinterest.png" iconSize="0.5" fadeNear="3500" fadeFar="3600" heightOffset="0.5" minSize="10"/>
      <MarkerCategory name="tw_mc_lws3_emberbay_pointsofinterest_pointsofinterest15" DisplayName="Quickk's Retreat" iconFile="Data/TekkitsWorkshop/MC/tw_mc_pointofinterest.png" iconSize="0.5" fadeNear="3500" fadeFar="3600" heightOffset="0.5" minSize="10"/>
      <MarkerCategory name="tw_mc_lws3_emberbay_pointsofinterest_pointsofinterest16" DisplayName="Rock Face Scratch" iconFile="Data/TekkitsWorkshop/MC/tw_mc_pointofinterest.png" iconSize="0.5" fadeNear="3500" fadeFar="3600" heightOffset="0.5" minSize="10"/>
      <MarkerCategory name="tw_mc_lws3_emberbay_pointsofinterest_pointsofinterest17" DisplayName="Sealed Entrance" iconFile="Data/TekkitsWorkshop/MC/tw_mc_pointofinterest.png" iconSize="0.5" fadeNear="3500" fadeFar="3600" heightOffset="0.5" minSize="10"/>
      <MarkerCategory name="tw_mc_lws3_emberbay_pointsofinterest_pointsofinterest18" DisplayName="Slag Pools" iconFile="Data/TekkitsWorkshop/MC/tw_mc_pointofinterest.png" iconSize="0.5" fadeNear="3500" fadeFar="3600" heightOffset="0.5" minSize="10"/>
      <MarkerCategory name="tw_mc_lws3_emberbay_pointsofinterest_pointsofinterest19" DisplayName="Sloth Queen's Showground" iconFile="Data/TekkitsWorkshop/MC/tw_mc_pointofinterest.png" iconSize="0.5" fadeNear="3500" fadeFar="3600" heightOffset="0.5" minSize="10"/>
      <MarkerCategory name="tw_mc_lws3_emberbay_pointsofinterest_pointsofinterest20" DisplayName="Smoosh-a-Tron" iconFile="Data/TekkitsWorkshop/MC/tw_mc_pointofinterest.png" iconSize="0.5" fadeNear="3500" fadeFar="3600" heightOffset="0.5" minSize="10"/>
      <MarkerCategory name="tw_mc_lws3_emberbay_pointsofinterest_pointsofinterest21" DisplayName="The Dread Shiny" iconFile="Data/TekkitsWorkshop/MC/tw_mc_pointofinterest.png" iconSize="0.5" fadeNear="3500" fadeFar="3600" heightOffset="0.5" minSize="10"/>
      <MarkerCategory name="tw_mc_lws3_emberbay_pointsofinterest_pointsofinterest22" DisplayName="Titan's Perch" iconFile="Data/TekkitsWorkshop/MC/tw_mc_pointofinterest.png" iconSize="0.5" fadeNear="3500" fadeFar="3600" heightOffset="0.5" minSize="10"/>
      <MarkerCategory name="tw_mc_lws3_emberbay_pointsofinterest_pointsofinterest23" DisplayName="Twin Skulls" iconFile="Data/TekkitsWorkshop/MC/tw_mc_pointofinterest.png" iconSize="0.5" fadeNear="3500" fadeFar="3600" heightOffset="0.5" minSize="10"/>
    </MarkerCategory>
    <MarkerCategory name="tw_mc_lws3_emberbay_vistas" DisplayName="Toggle Vistas">
      <MarkerCategory name="tw_mc_lws3_emberbay_vistas_vista01" DisplayName="Basalt Rise Vista" iconFile="Data/TekkitsWorkshop/MC/tw_mc_vista.png" iconSize="0.5" fadeNear="3500" fadeFar="3600" heightOffset="0.5" minSize="10"/>
      <MarkerCategory name="tw_mc_lws3_emberbay_vistas_vista02" DisplayName="Caliph's Steps Vista" iconFile="Data/TekkitsWorkshop/MC/tw_mc_vista.png" iconSize="0.5" fadeNear="3500" fadeFar="3600" heightOffset="0.5" minSize="10"/>
      <MarkerCategory name="tw_mc_lws3_emberbay_vistas_vista03" DisplayName="Castaway Circus Vista" iconFile="Data/TekkitsWorkshop/MC/tw_mc_vista.png" iconSize="0.5" fadeNear="3500" fadeFar="3600" heightOffset="0.5" minSize="10"/>
      <MarkerCategory name="tw_mc_lws3_emberbay_vistas_vista04" DisplayName="Fractured Caldera Vista" iconFile="Data/TekkitsWorkshop/MC/tw_mc_vista.png" iconSize="0.5" fadeNear="3500" fadeFar="3600" heightOffset="0.5" minSize="10"/>
      <MarkerCategory name="tw_mc_lws3_emberbay_vistas_vista05" DisplayName="Infernal Cape Vista" iconFile="Data/TekkitsWorkshop/MC/tw_mc_vista.png" iconSize="0.5" fadeNear="3500" fadeFar="3600" heightOffset="0.5" minSize="10"/>
      <MarkerCategory name="tw_mc_lws3_emberbay_vistas_vista06" DisplayName="Osprey Pillars Vista" iconFile="Data/TekkitsWorkshop/MC/tw_mc_vista.png" iconSize="0.5" fadeNear="3500" fadeFar="3600" heightOffset="0.5" minSize="10"/>
      <MarkerCategory name="tw_mc_lws3_emberbay_vistas_vista07" DisplayName="Pedestal of Flames Vista" iconFile="Data/TekkitsWorkshop/MC/tw_mc_vista.png" iconSize="0.5" fadeNear="3500" fadeFar="3600" heightOffset="0.5" minSize="10"/>
    </MarkerCategory>
    <MarkerCategory name="tw_mc_lws3_emberbay_waypoints" DisplayName="Toggle Waypoints">
      <MarkerCategory name="tw_mc_lws3_emberbay_waypoints_waypoint01" DisplayName="Castaway Circus Waypoint" iconFile="Data/TekkitsWorkshop/MC/tw_mc_waypoint.png" iconSize="0.5" fadeNear="3500" fadeFar="3600" heightOffset="0.5" minSize="10"/>
      <MarkerCategory name="tw_mc_lws3_emberbay_waypoints_waypoint02" DisplayName="Crumbling Trail Waypoint" iconFile="Data/TekkitsWorkshop/MC/tw_mc_waypoint.png" iconSize="0.5" fadeNear="3500" fadeFar="3600" heightOffset="0.5" minSize="10"/>
      <MarkerCategory name="tw_mc_lws3_emberbay_waypoints_waypoint03" DisplayName="Promontory Waypoint" iconFile="Data/TekkitsWorkshop/MC/tw_mc_waypoint.png" iconSize="0.5" fadeNear="3500" fadeFar="3600" heightOffset="0.5" minSize="10"/>
      <MarkerCategory name="tw_mc_lws3_emberbay_waypoints_waypoint04" DisplayName="Scratch Gate Waypoint" iconFile="Data/TekkitsWorkshop/MC/tw_mc_waypoint.png" iconSize="0.5" fadeNear="3500" fadeFar="3600" heightOffset="0.5" minSize="10"/>
    </MarkerCategory>
    <MarkerCategory name="tw_mc_lws3_separator04" IsSeparator="1" DisplayName="     [BITTERFROST FRONTIER]"/>
    <MarkerCategory name="tw_mc_lws3_bitterfrostfrontier_hearts" DisplayName="Toggle Hearts">
      <MarkerCategory name="tw_mc_lws3_bitterfrostfrontier_hearts_heart01" DisplayName="Disrupt the Svanir" miniMapVisibility="0" mapVisibility="0" iconFile="Data/TekkitsWorkshop/MC/tw_mc_lws3_bitterfrostfrontier_hearts_heart01.png" iconSize="2.5" fadeNear="3500" fadeFar="3600" heightOffset="4.5" minSize="100"/>
      <MarkerCategory name="tw_mc_lws3_bitterfrostfrontier_hearts_heart02" DisplayName="Help protect the endangered snow griffons" miniMapVisibility="0" mapVisibility="0" iconFile="Data/TekkitsWorkshop/MC/tw_mc_lws3_bitterfrostfrontier_hearts_heart02.png" iconSize="2.5" fadeNear="3500" fadeFar="3600" heightOffset="4.5" minSize="100"/>
      <MarkerCategory name="tw_mc_lws3_bitterfrostfrontier_hearts_heart03" DisplayName="Help the quaggan farmers harvest food" miniMapVisibility="0" mapVisibility="0" iconFile="Data/TekkitsWorkshop/MC/tw_mc_lws3_bitterfrostfrontier_hearts_heart03.png" iconSize="2.5" fadeNear="3500" fadeFar="3600" heightOffset="4.5" minSize="100"/>
      <MarkerCategory name="tw_mc_lws3_bitterfrostfrontier_hearts_heart04" DisplayName="Keep the grawl busy so they don't turn to Jormag" miniMapVisibility="0" mapVisibility="0" iconFile="Data/TekkitsWorkshop/MC/tw_mc_lws3_bitterfrostfrontier_hearts_heart04.png" iconSize="2.5" fadeNear="3500" fadeFar="3600" heightOffset="4.5" minSize="100"/>
    </MarkerCategory>
    <MarkerCategory name="tw_mc_lws3_bitterfrostfrontier_pointsofinterest" DisplayName="Toggle Points of Interest">
      <MarkerCategory name="tw_mc_lws3_bitterfrostfrontier_pointsofinterest_pointsofinterest01" DisplayName="Black Cavern Junction" iconFile="Data/TekkitsWorkshop/MC/tw_mc_pointofinterest.png" iconSize="0.5" fadeNear="3500" fadeFar="3600" heightOffset="0.5" minSize="10"/>
      <MarkerCategory name="tw_mc_lws3_bitterfrostfrontier_pointsofinterest_pointsofinterest02" DisplayName="Blister Cauldron" iconFile="Data/TekkitsWorkshop/MC/tw_mc_pointofinterest.png" iconSize="0.5" fadeNear="3500" fadeFar="3600" heightOffset="0.5" minSize="10"/>
      <MarkerCategory name="tw_mc_lws3_bitterfrostfrontier_pointsofinterest_pointsofinterest03" DisplayName="Dragon's Eye View" iconFile="Data/TekkitsWorkshop/MC/tw_mc_pointofinterest.png" iconSize="0.5" fadeNear="3500" fadeFar="3600" heightOffset="0.5" minSize="10"/>
      <MarkerCategory name="tw_mc_lws3_bitterfrostfrontier_pointsofinterest_pointsofinterest04" DisplayName="Gooloopa Deeps" iconFile="Data/TekkitsWorkshop/MC/tw_mc_pointofinterest.png" iconSize="0.5" fadeNear="3500" fadeFar="3600" heightOffset="0.5" minSize="10"/>
      <MarkerCategory name="tw_mc_lws3_bitterfrostfrontier_pointsofinterest_pointsofinterest05" DisplayName="Hollow Bone Den" iconFile="Data/TekkitsWorkshop/MC/tw_mc_pointofinterest.png" iconSize="0.5" fadeNear="3500" fadeFar="3600" heightOffset="0.5" minSize="10"/>
      <MarkerCategory name="tw_mc_lws3_bitterfrostfrontier_pointsofinterest_pointsofinterest06" DisplayName="Chokocooka's Throne" iconFile="Data/TekkitsWorkshop/MC/tw_mc_pointofinterest.png" iconSize="0.5" fadeNear="3500" fadeFar="3600" heightOffset="0.5" minSize="10"/>
      <MarkerCategory name="tw_mc_lws3_bitterfrostfrontier_pointsofinterest_pointsofinterest07" DisplayName="Ice Vein Cavern" iconFile="Data/TekkitsWorkshop/MC/tw_mc_pointofinterest.png" iconSize="0.5" fadeNear="3500" fadeFar="3600" heightOffset="0.5" minSize="10"/>
      <MarkerCategory name="tw_mc_lws3_bitterfrostfrontier_pointsofinterest_pointsofinterest08" DisplayName="Joyless Falls" iconFile="Data/TekkitsWorkshop/MC/tw_mc_pointofinterest.png" iconSize="0.5" fadeNear="3500" fadeFar="3600" heightOffset="0.5" minSize="10"/>
      <MarkerCategory name="tw_mc_lws3_bitterfrostfrontier_pointsofinterest_pointsofinterest09" DisplayName="Judgment Pass" iconFile="Data/TekkitsWorkshop/MC/tw_mc_pointofinterest.png" iconSize="0.5" fadeNear="3500" fadeFar="3600" heightOffset="0.5" minSize="10"/>
      <MarkerCategory name="tw_mc_lws3_bitterfrostfrontier_pointsofinterest_pointsofinterest10" DisplayName="Lockflow Ice Fall" iconFile="Data/TekkitsWorkshop/MC/tw_mc_pointofinterest.png" iconSize="0.5" fadeNear="3500" fadeFar="3600" heightOffset="0.5" minSize="10"/>
      <MarkerCategory name="tw_mc_lws3_bitterfrostfrontier_pointsofinterest_pointsofinterest11" DisplayName="Maw of Corruption" iconFile="Data/TekkitsWorkshop/MC/tw_mc_pointofinterest.png" iconSize="0.5" fadeNear="3500" fadeFar="3600" heightOffset="0.5" minSize="10"/>
      <MarkerCategory name="tw_mc_lws3_bitterfrostfrontier_pointsofinterest_pointsofinterest12" DisplayName="The Titan Tree" iconFile="Data/TekkitsWorkshop/MC/tw_mc_pointofinterest.png" iconSize="0.5" fadeNear="3500" fadeFar="3600" heightOffset="0.5" minSize="10"/>
      <MarkerCategory name="tw_mc_lws3_bitterfrostfrontier_pointsofinterest_pointsofinterest13" DisplayName="Whorl Lagoon" iconFile="Data/TekkitsWorkshop/MC/tw_mc_pointofinterest.png" iconSize="0.5" fadeNear="3500" fadeFar="3600" heightOffset="0.5" minSize="10"/>
    </MarkerCategory>
    <MarkerCategory name="tw_mc_lws3_bitterfrostfrontier_vistas" DisplayName="Toggle Vistas">
      <MarkerCategory name="tw_mc_lws3_bitterfrostfrontier_vistas_vista01" DisplayName="Dragon's Teeth Hot Springs Vista" iconFile="Data/TekkitsWorkshop/MC/tw_mc_vista.png" iconSize="0.5" fadeNear="3500" fadeFar="3600" heightOffset="0.5" minSize="10"/>
      <MarkerCategory name="tw_mc_lws3_bitterfrostfrontier_vistas_vista02" DisplayName="Chokocooka's Throne Vista" iconFile="Data/TekkitsWorkshop/MC/tw_mc_vista.png" iconSize="0.5" fadeNear="3500" fadeFar="3600" heightOffset="0.5" minSize="10"/>
      <MarkerCategory name="tw_mc_lws3_bitterfrostfrontier_vistas_vista03" DisplayName="Joyless Falls Vista" iconFile="Data/TekkitsWorkshop/MC/tw_mc_vista.png" iconSize="0.5" fadeNear="3500" fadeFar="3600" heightOffset="0.5" minSize="10"/>
      <MarkerCategory name="tw_mc_lws3_bitterfrostfrontier_vistas_vista04" DisplayName="Sorrow's Eclipse Vista" iconFile="Data/TekkitsWorkshop/MC/tw_mc_vista.png" iconSize="0.5" fadeNear="3500" fadeFar="3600" heightOffset="0.5" minSize="10"/>
      <MarkerCategory name="tw_mc_lws3_bitterfrostfrontier_vistas_vista05" DisplayName="The Svanir Hive Vista" iconFile="Data/TekkitsWorkshop/MC/tw_mc_vista.png" iconSize="0.5" fadeNear="3500" fadeFar="3600" heightOffset="0.5" minSize="10"/>
    </MarkerCategory>
    <MarkerCategory name="tw_mc_lws3_bitterfrostfrontier_waypoints" DisplayName="Toggle Waypoints">
      <MarkerCategory name="tw_mc_lws3_bitterfrostfrontier_waypoints_waypoint01" DisplayName="Koda's Welcome Waypoint" iconFile="Data/TekkitsWorkshop/MC/tw_mc_waypoint.png" iconSize="0.5" fadeNear="3500" fadeFar="3600" heightOffset="0.5" minSize="10"/>
      <MarkerCategory name="tw_mc_lws3_bitterfrostfrontier_waypoints_waypoint02" DisplayName="Sorrow's Eclipse Waypoint" iconFile="Data/TekkitsWorkshop/MC/tw_mc_waypoint.png" iconSize="0.5" fadeNear="3500" fadeFar="3600" heightOffset="0.5" minSize="10"/>
    </MarkerCategory>
    <MarkerCategory name="tw_mc_lws3_separator05" IsSeparator="1" DisplayName="     [LAKE DORIC]"/>
    <MarkerCategory name="tw_mc_lws3_lakedoric_hearts" DisplayName="Toggle Hearts">
      <MarkerCategory name="tw_mc_lws3_lakedoric_hearts_heart01" DisplayName="Aid the front-line defense of Doric's Landing" miniMapVisibility="0" mapVisibility="0" iconFile="Data/TekkitsWorkshop/MC/tw_mc_lws3_lakedoric_hearts_heart01.png" iconSize="2.5" fadeNear="3500" fadeFar="3600" heightOffset="4.5" minSize="100"/>
      <MarkerCategory name="tw_mc_lws3_lakedoric_hearts_heart02" DisplayName="Disrupt White Mantle forces occupying Fort Evennia" miniMapVisibility="0" mapVisibility="0" iconFile="Data/TekkitsWorkshop/MC/tw_mc_lws3_lakedoric_hearts_heart02.png" iconSize="2.5" fadeNear="3500" fadeFar="3600" heightOffset="4.5" minSize="100"/>
      <MarkerCategory name="tw_mc_lws3_lakedoric_hearts_heart03" DisplayName="Help Cin Fursarai around the Lakeside Bazaar" miniMapVisibility="0" mapVisibility="0" iconFile="Data/TekkitsWorkshop/MC/tw_mc_lws3_lakedoric_hearts_heart03.png" iconSize="2.5" fadeNear="3500" fadeFar="3600" heightOffset="4.5" minSize="100"/>
      <MarkerCategory name="tw_mc_lws3_lakedoric_hearts_heart04" DisplayName="Help Noran around the Harvest Cascades" miniMapVisibility="0" mapVisibility="0" iconFile="Data/TekkitsWorkshop/MC/tw_mc_lws3_lakedoric_hearts_heart04.png" iconSize="2.5" fadeNear="3500" fadeFar="3600" heightOffset="4.5" minSize="100"/>
      <MarkerCategory name="tw_mc_lws3_lakedoric_hearts_heart05" DisplayName="Help restore life to Saidra's Haven" miniMapVisibility="0" mapVisibility="0" iconFile="Data/TekkitsWorkshop/MC/tw_mc_lws3_lakedoric_hearts_heart05.png" iconSize="2.5" fadeNear="3500" fadeFar="3600" heightOffset="4.5" minSize="100"/>
      <MarkerCategory name="tw_mc_lws3_lakedoric_hearts_heart06" DisplayName="Restore normalcy in New Loamhurst" miniMapVisibility="0" mapVisibility="0" iconFile="Data/TekkitsWorkshop/MC/tw_mc_lws3_lakedoric_hearts_heart06.png" iconSize="2.5" fadeNear="3500" fadeFar="3600" heightOffset="4.5" minSize="100"/>
    </MarkerCategory>
    <MarkerCategory name="tw_mc_lws3_lakedoric_pointsofinterest" DisplayName="Toggle Points of Interest">
      <MarkerCategory name="tw_mc_lws3_lakedoric_pointsofinterest_pointsofinterest01" DisplayName="Bluster Watershed" iconFile="Data/TekkitsWorkshop/MC/tw_mc_pointofinterest.png" iconSize="0.5" fadeNear="3500" fadeFar="3600" heightOffset="0.5" minSize="10"/>
      <MarkerCategory name="tw_mc_lws3_lakedoric_pointsofinterest_pointsofinterest02" DisplayName="Defense Headquarters" iconFile="Data/TekkitsWorkshop/MC/tw_mc_pointofinterest.png" iconSize="0.5" fadeNear="3500" fadeFar="3600" heightOffset="0.5" minSize="10"/>
      <MarkerCategory name="tw_mc_lws3_lakedoric_pointsofinterest_pointsofinterest03" DisplayName="Divinity's Waterworks" iconFile="Data/TekkitsWorkshop/MC/tw_mc_pointofinterest.png" iconSize="0.5" fadeNear="3500" fadeFar="3600" heightOffset="0.5" minSize="10"/>
      <MarkerCategory name="tw_mc_lws3_lakedoric_pointsofinterest_pointsofinterest04" DisplayName="Fallen Watchtower" iconFile="Data/TekkitsWorkshop/MC/tw_mc_pointofinterest.png" iconSize="0.5" fadeNear="3500" fadeFar="3600" heightOffset="0.5" minSize="10"/>
      <MarkerCategory name="tw_mc_lws3_lakedoric_pointsofinterest_pointsofinterest05" DisplayName="Fisherman's Ship" iconFile="Data/TekkitsWorkshop/MC/tw_mc_pointofinterest.png" iconSize="0.5" fadeNear="3500" fadeFar="3600" heightOffset="0.5" minSize="10"/>
      <MarkerCategory name="tw_mc_lws3_lakedoric_pointsofinterest_pointsofinterest06" DisplayName="Fort Evennia" iconFile="Data/TekkitsWorkshop/MC/tw_mc_pointofinterest.png" iconSize="0.5" fadeNear="3500" fadeFar="3600" heightOffset="0.5" minSize="10"/>
      <MarkerCategory name="tw_mc_lws3_lakedoric_pointsofinterest_pointsofinterest07" DisplayName="Chieftain's Hollow" iconFile="Data/TekkitsWorkshop/MC/tw_mc_pointofinterest.png" iconSize="0.5" fadeNear="3500" fadeFar="3600" heightOffset="0.5" minSize="10"/>
      <MarkerCategory name="tw_mc_lws3_lakedoric_pointsofinterest_pointsofinterest08" DisplayName="Lakeview Villa" iconFile="Data/TekkitsWorkshop/MC/tw_mc_pointofinterest.png" iconSize="0.5" fadeNear="3500" fadeFar="3600" heightOffset="0.5" minSize="10"/>
      <MarkerCategory name="tw_mc_lws3_lakedoric_pointsofinterest_pointsofinterest09" DisplayName="Land Bridge" iconFile="Data/TekkitsWorkshop/MC/tw_mc_pointofinterest.png" iconSize="0.5" fadeNear="3500" fadeFar="3600" heightOffset="0.5" minSize="10"/>
      <MarkerCategory name="tw_mc_lws3_lakedoric_pointsofinterest_pointsofinterest10" DisplayName="Loamhurst Clubhouse" iconFile="Data/TekkitsWorkshop/MC/tw_mc_pointofinterest.png" iconSize="0.5" fadeNear="3500" fadeFar="3600" heightOffset="0.5" minSize="10"/>
      <MarkerCategory name="tw_mc_lws3_lakedoric_pointsofinterest_pointsofinterest11" DisplayName="Noran's Homestead" iconFile="Data/TekkitsWorkshop/MC/tw_mc_pointofinterest.png" iconSize="0.5" fadeNear="3500" fadeFar="3600" heightOffset="0.5" minSize="10"/>
      <MarkerCategory name="tw_mc_lws3_lakedoric_pointsofinterest_pointsofinterest12" DisplayName="Peach Tree" iconFile="Data/TekkitsWorkshop/MC/tw_mc_pointofinterest.png" iconSize="0.5" fadeNear="3500" fadeFar="3600" heightOffset="0.5" minSize="10"/>
      <MarkerCategory name="tw_mc_lws3_lakedoric_pointsofinterest_pointsofinterest13" DisplayName="Red Leaf Retreat" iconFile="Data/TekkitsWorkshop/MC/tw_mc_pointofinterest.png" iconSize="0.5" fadeNear="3500" fadeFar="3600" heightOffset="0.5" minSize="10"/>
      <MarkerCategory name="tw_mc_lws3_lakedoric_pointsofinterest_pointsofinterest14" DisplayName="Soren's Rest" iconFile="Data/TekkitsWorkshop/MC/tw_mc_pointofinterest.png" iconSize="0.5" fadeNear="3500" fadeFar="3600" heightOffset="0.5" minSize="10"/>
      <MarkerCategory name="tw_mc_lws3_lakedoric_pointsofinterest_pointsofinterest15" DisplayName="SS Pinkeens" iconFile="Data/TekkitsWorkshop/MC/tw_mc_pointofinterest.png" iconSize="0.5" fadeNear="3500" fadeFar="3600" heightOffset="0.5" minSize="10"/>
      <MarkerCategory name="tw_mc_lws3_lakedoric_pointsofinterest_pointsofinterest16" DisplayName="Temple of the Six" iconFile="Data/TekkitsWorkshop/MC/tw_mc_pointofinterest.png" iconSize="0.5" fadeNear="3500" fadeFar="3600" heightOffset="0.5" minSize="10"/>
    </MarkerCategory>
    <MarkerCategory name="tw_mc_lws3_lakedoric_vistas" DisplayName="Toggle Vistas">
      <MarkerCategory name="tw_mc_lws3_lakedoric_vistas_vista01" DisplayName="Fort Evennia Vista" iconFile="Data/TekkitsWorkshop/MC/tw_mc_vista.png" iconSize="0.5" fadeNear="3500" fadeFar="3600" heightOffset="0.5" minSize="10"/>
      <MarkerCategory name="tw_mc_lws3_lakedoric_vistas_vista02" DisplayName="Chieftain's Hollow Vista" iconFile="Data/TekkitsWorkshop/MC/tw_mc_vista.png" iconSize="0.5" fadeNear="3500" fadeFar="3600" heightOffset="0.5" minSize="10"/>
      <MarkerCategory name="tw_mc_lws3_lakedoric_vistas_vista03" DisplayName="Lakeside Bazaar Vista" iconFile="Data/TekkitsWorkshop/MC/tw_mc_vista.png" iconSize="0.5" fadeNear="3500" fadeFar="3600" heightOffset="0.5" minSize="10"/>
      <MarkerCategory name="tw_mc_lws3_lakedoric_vistas_vista04" DisplayName="Mantle's Breach Vista" iconFile="Data/TekkitsWorkshop/MC/tw_mc_vista.png" iconSize="0.5" fadeNear="3500" fadeFar="3600" heightOffset="0.5" minSize="10"/>
      <MarkerCategory name="tw_mc_lws3_lakedoric_vistas_vista05" DisplayName="Melandru's Flourish Vista" iconFile="Data/TekkitsWorkshop/MC/tw_mc_vista.png" iconSize="0.5" fadeNear="3500" fadeFar="3600" heightOffset="0.5" minSize="10"/>
      <MarkerCategory name="tw_mc_lws3_lakedoric_vistas_vista06" DisplayName="New Loamhurst" iconFile="Data/TekkitsWorkshop/MC/tw_mc_vista.png" iconSize="0.5" fadeNear="3500" fadeFar="3600" heightOffset="0.5" minSize="10"/>
      <MarkerCategory name="tw_mc_lws3_lakedoric_vistas_vista07" DisplayName="Saidra's Haven Vista" iconFile="Data/TekkitsWorkshop/MC/tw_mc_vista.png" iconSize="0.5" fadeNear="3500" fadeFar="3600" heightOffset="0.5" minSize="10"/>
      <MarkerCategory name="tw_mc_lws3_lakedoric_vistas_vista08" DisplayName="Watcher's Hollow Vista" iconFile="Data/TekkitsWorkshop/MC/tw_mc_vista.png" iconSize="0.5" fadeNear="3500" fadeFar="3600" heightOffset="0.5" minSize="10"/>
      <MarkerCategory name="tw_mc_lws3_lakedoric_vistas_vista09" DisplayName="Watchtower Cliffs Vista" iconFile="Data/TekkitsWorkshop/MC/tw_mc_vista.png" iconSize="0.5" fadeNear="3500" fadeFar="3600" heightOffset="0.5" minSize="10"/>
    </MarkerCategory>
    <MarkerCategory name="tw_mc_lws3_lakedoric_waypoints" DisplayName="Toggle Waypoints">
      <MarkerCategory name="tw_mc_lws3_lakedoric_waypoints_waypoint01" DisplayName="Doric's Landing Waypoint" iconFile="Data/TekkitsWorkshop/MC/tw_mc_waypoint.png" iconSize="0.5" fadeNear="3500" fadeFar="3600" heightOffset="0.5" minSize="10"/>
      <MarkerCategory name="tw_mc_lws3_lakedoric_waypoints_waypoint02" DisplayName="Lakeside Bazaar Waypoint" iconFile="Data/TekkitsWorkshop/MC/tw_mc_waypoint.png" iconSize="0.5" fadeNear="3500" fadeFar="3600" heightOffset="0.5" minSize="10"/>
      <MarkerCategory name="tw_mc_lws3_lakedoric_waypoints_waypoint03" DisplayName="Red Leaf Retreat Waypoint" iconFile="Data/TekkitsWorkshop/MC/tw_mc_waypoint.png" iconSize="0.5" fadeNear="3500" fadeFar="3600" heightOffset="0.5" minSize="10"/>
    </MarkerCategory>
    <MarkerCategory name="tw_mc_lws3_separator06" IsSeparator="1" DisplayName="     [DRACONIS MONS]"/>
    <MarkerCategory name="tw_mc_lws3_draconismons_hearts" DisplayName="Toggle Hearts">
      <MarkerCategory name="tw_mc_lws3_draconismons_hearts_heart01" DisplayName="Assist the ancient golems" miniMapVisibility="0" mapVisibility="0" iconFile="Data/TekkitsWorkshop/MC/tw_mc_lws3_draconismons_hearts_heart01.png" iconSize="2.5" fadeNear="3500" fadeFar="3600" heightOffset="4.5" minSize="100"/>
      <MarkerCategory name="tw_mc_lws3_draconismons_hearts_heart02" DisplayName="Help the Prisoners" miniMapVisibility="0" mapVisibility="0" iconFile="Data/TekkitsWorkshop/MC/tw_mc_lws3_draconismons_hearts_heart02.png" iconSize="2.5" fadeNear="3500" fadeFar="3600" heightOffset="4.5" minSize="100"/>
      <MarkerCategory name="tw_mc_lws3_draconismons_hearts_heart03" DisplayName="Help the scouting party" miniMapVisibility="0" mapVisibility="0" iconFile="Data/TekkitsWorkshop/MC/tw_mc_lws3_draconismons_hearts_heart03.png" iconSize="2.5" fadeNear="3500" fadeFar="3600" heightOffset="4.5" minSize="100"/>
      <MarkerCategory name="tw_mc_lws3_draconismons_hearts_heart04" DisplayName="Infiltrate the Inquest" miniMapVisibility="0" mapVisibility="0" iconFile="Data/TekkitsWorkshop/MC/tw_mc_lws3_draconismons_hearts_heart04.png" iconSize="2.5" fadeNear="3500" fadeFar="3600" heightOffset="4.5" minSize="100"/>
    </MarkerCategory>
    <MarkerCategory name="tw_mc_lws3_draconismons_pointsofinterest" DisplayName="Toggle Points of Interest">
      <MarkerCategory name="tw_mc_lws3_draconismons_pointsofinterest_pointsofinterest01" DisplayName="Asura Gate" iconFile="Data/TekkitsWorkshop/MC/tw_mc_pointofinterest.png" iconSize="0.5" fadeNear="3500" fadeFar="3600" heightOffset="0.5" minSize="10"/>
      <MarkerCategory name="tw_mc_lws3_draconismons_pointsofinterest_pointsofinterest02" DisplayName="Burial Chamber" iconFile="Data/TekkitsWorkshop/MC/tw_mc_pointofinterest.png" iconSize="0.5" fadeNear="3500" fadeFar="3600" heightOffset="0.5" minSize="10"/>
      <MarkerCategory name="tw_mc_lws3_draconismons_pointsofinterest_pointsofinterest03" DisplayName="Druid's Grotto" iconFile="Data/TekkitsWorkshop/MC/tw_mc_pointofinterest.png" iconSize="0.5" fadeNear="3500" fadeFar="3600" heightOffset="0.5" minSize="10"/>
      <MarkerCategory name="tw_mc_lws3_draconismons_pointsofinterest_pointsofinterest04" DisplayName="Eternal Pool" iconFile="Data/TekkitsWorkshop/MC/tw_mc_pointofinterest.png" iconSize="0.5" fadeNear="3500" fadeFar="3600" heightOffset="0.5" minSize="10"/>
      <MarkerCategory name="tw_mc_lws3_draconismons_pointsofinterest_pointsofinterest05" DisplayName="Frothing Pedestal" iconFile="Data/TekkitsWorkshop/MC/tw_mc_pointofinterest.png" iconSize="0.5" fadeNear="3500" fadeFar="3600" heightOffset="0.5" minSize="10"/>
      <MarkerCategory name="tw_mc_lws3_draconismons_pointsofinterest_pointsofinterest06" DisplayName="Gate of Fire" iconFile="Data/TekkitsWorkshop/MC/tw_mc_pointofinterest.png" iconSize="0.5" fadeNear="3500" fadeFar="3600" heightOffset="0.5" minSize="10"/>
      <MarkerCategory name="tw_mc_lws3_draconismons_pointsofinterest_pointsofinterest07" DisplayName="Golem Graveyard" iconFile="Data/TekkitsWorkshop/MC/tw_mc_pointofinterest.png" iconSize="0.5" fadeNear="3500" fadeFar="3600" heightOffset="0.5" minSize="10"/>
      <MarkerCategory name="tw_mc_lws3_draconismons_pointsofinterest_pointsofinterest08" DisplayName="Inquest Field Lab" iconFile="Data/TekkitsWorkshop/MC/tw_mc_pointofinterest.png" iconSize="0.5" fadeNear="3500" fadeFar="3600" heightOffset="0.5" minSize="10"/>
      <MarkerCategory name="tw_mc_lws3_draconismons_pointsofinterest_pointsofinterest09" DisplayName="Iota Vault" iconFile="Data/TekkitsWorkshop/MC/tw_mc_pointofinterest.png" iconSize="0.5" fadeNear="3500" fadeFar="3600" heightOffset="0.5" minSize="10"/>
      <MarkerCategory name="tw_mc_lws3_draconismons_pointsofinterest_pointsofinterest10" DisplayName="Mercenary Encampment" iconFile="Data/TekkitsWorkshop/MC/tw_mc_pointofinterest.png" iconSize="0.5" fadeNear="3500" fadeFar="3600" heightOffset="0.5" minSize="10"/>
      <MarkerCategory name="tw_mc_lws3_draconismons_pointsofinterest_pointsofinterest11" DisplayName="Nu II Vault" iconFile="Data/TekkitsWorkshop/MC/tw_mc_pointofinterest.png" iconSize="0.5" fadeNear="3500" fadeFar="3600" heightOffset="0.5" minSize="10"/>
      <MarkerCategory name="tw_mc_lws3_draconismons_pointsofinterest_pointsofinterest12" DisplayName="Nu Vault" iconFile="Data/TekkitsWorkshop/MC/tw_mc_pointofinterest.png" iconSize="0.5" fadeNear="3500" fadeFar="3600" heightOffset="0.5" minSize="10"/>
      <MarkerCategory name="tw_mc_lws3_draconismons_pointsofinterest_pointsofinterest13" DisplayName="Peace Grounds" iconFile="Data/TekkitsWorkshop/MC/tw_mc_pointofinterest.png" iconSize="0.5" fadeNear="3500" fadeFar="3600" heightOffset="0.5" minSize="10"/>
      <MarkerCategory name="tw_mc_lws3_draconismons_pointsofinterest_pointsofinterest14" DisplayName="Prisoner's Perch" iconFile="Data/TekkitsWorkshop/MC/tw_mc_pointofinterest.png" iconSize="0.5" fadeNear="3500" fadeFar="3600" heightOffset="0.5" minSize="10"/>
      <MarkerCategory name="tw_mc_lws3_draconismons_pointsofinterest_pointsofinterest15" DisplayName="Sandstone Archway" iconFile="Data/TekkitsWorkshop/MC/tw_mc_pointofinterest.png" iconSize="0.5" fadeNear="3500" fadeFar="3600" heightOffset="0.5" minSize="10"/>
      <MarkerCategory name="tw_mc_lws3_draconismons_pointsofinterest_pointsofinterest16" DisplayName="Scout's Clearing" iconFile="Data/TekkitsWorkshop/MC/tw_mc_pointofinterest.png" iconSize="0.5" fadeNear="3500" fadeFar="3600" heightOffset="0.5" minSize="10"/>
      <MarkerCategory name="tw_mc_lws3_draconismons_pointsofinterest_pointsofinterest17" DisplayName="Searing Ascent" iconFile="Data/TekkitsWorkshop/MC/tw_mc_pointofinterest.png" iconSize="0.5" fadeNear="3500" fadeFar="3600" heightOffset="0.5" minSize="10"/>
      <MarkerCategory name="tw_mc_lws3_draconismons_pointsofinterest_pointsofinterest18" DisplayName="Seething Pillar" iconFile="Data/TekkitsWorkshop/MC/tw_mc_pointofinterest.png" iconSize="0.5" fadeNear="3500" fadeFar="3600" heightOffset="0.5" minSize="10"/>
      <MarkerCategory name="tw_mc_lws3_draconismons_pointsofinterest_pointsofinterest19" DisplayName="Sub Landing" iconFile="Data/TekkitsWorkshop/MC/tw_mc_pointofinterest.png" iconSize="0.5" fadeNear="3500" fadeFar="3600" heightOffset="0.5" minSize="10"/>
      <MarkerCategory name="tw_mc_lws3_draconismons_pointsofinterest_pointsofinterest20" DisplayName="Viraddi's Salvation" iconFile="Data/TekkitsWorkshop/MC/tw_mc_pointofinterest.png" iconSize="0.5" fadeNear="3500" fadeFar="3600" heightOffset="0.5" minSize="10"/>
      <MarkerCategory name="tw_mc_lws3_draconismons_pointsofinterest_pointsofinterest21" DisplayName="Wurm's Furnace" iconFile="Data/TekkitsWorkshop/MC/tw_mc_pointofinterest.png" iconSize="0.5" fadeNear="3500" fadeFar="3600" heightOffset="0.5" minSize="10"/>
      <MarkerCategory name="tw_mc_lws3_draconismons_pointsofinterest_pointsofinterest22" DisplayName="Zeta Vault" iconFile="Data/TekkitsWorkshop/MC/tw_mc_pointofinterest.png" iconSize="0.5" fadeNear="3500" fadeFar="3600" heightOffset="0.5" minSize="10"/>
    </MarkerCategory>
    <MarkerCategory name="tw_mc_lws3_draconismons_vistas" DisplayName="Toggle Vistas">
      <MarkerCategory name="tw_mc_lws3_draconismons_vistas_vista01" DisplayName="Heathen's Hold Vista" iconFile="Data/TekkitsWorkshop/MC/tw_mc_vista.png" iconSize="0.5" fadeNear="3500" fadeFar="3600" heightOffset="0.5" minSize="10"/>
      <MarkerCategory name="tw_mc_lws3_draconismons_vistas_vista02" DisplayName="Mariner's Landing Vista" iconFile="Data/TekkitsWorkshop/MC/tw_mc_vista.png" iconSize="0.5" fadeNear="3500" fadeFar="3600" heightOffset="0.5" minSize="10"/>
      <MarkerCategory name="tw_mc_lws3_draconismons_vistas_vista03" DisplayName="Rata Arcanum Vista" iconFile="Data/TekkitsWorkshop/MC/tw_mc_vista.png" iconSize="0.5" fadeNear="3500" fadeFar="3600" heightOffset="0.5" minSize="10"/>
      <MarkerCategory name="tw_mc_lws3_draconismons_vistas_vista04" DisplayName="Savage Rise Vista" iconFile="Data/TekkitsWorkshop/MC/tw_mc_vista.png" iconSize="0.5" fadeNear="3500" fadeFar="3600" heightOffset="0.5" minSize="10"/>
      <MarkerCategory name="tw_mc_lws3_draconismons_vistas_vista05" DisplayName="Scalding Gorge Vista" iconFile="Data/TekkitsWorkshop/MC/tw_mc_vista.png" iconSize="0.5" fadeNear="3500" fadeFar="3600" heightOffset="0.5" minSize="10"/>
    </MarkerCategory>
    <MarkerCategory name="tw_mc_lws3_draconismons_waypoints" DisplayName="Toggle Waypoints">
      <MarkerCategory name="tw_mc_lws3_draconismons_waypoints_waypoint01" DisplayName="Ancient Hollow Waypoint" iconFile="Data/TekkitsWorkshop/MC/tw_mc_waypoint.png" iconSize="0.5" fadeNear="3500" fadeFar="3600" heightOffset="0.5" minSize="10"/>
      <MarkerCategory name="tw_mc_lws3_draconismons_waypoints_waypoint02" DisplayName="Heathen's Hold Waypoint" iconFile="Data/TekkitsWorkshop/MC/tw_mc_waypoint.png" iconSize="0.5" fadeNear="3500" fadeFar="3600" heightOffset="0.5" minSize="10"/>
      <MarkerCategory name="tw_mc_lws3_draconismons_waypoints_waypoint03" DisplayName="Mariner's Landing Waypoint" iconFile="Data/TekkitsWorkshop/MC/tw_mc_waypoint.png" iconSize="0.5" fadeNear="3500" fadeFar="3600" heightOffset="0.5" minSize="10"/>
    </MarkerCategory>
    <MarkerCategory name="tw_mc_lws3_separator07" IsSeparator="1" DisplayName="     [SIREN'S LANDING]"/>
    <MarkerCategory name="tw_mc_lws3_sirenslanding_hearts" DisplayName="Toggle Hearts">
      <MarkerCategory name="tw_mc_lws3_sirenslanding_hearts_heart01" DisplayName="Reclaim Balthazar's reliquary" miniMapVisibility="0" mapVisibility="0" iconFile="Data/TekkitsWorkshop/MC/tw_mc_lws3_sirenslanding_hearts_heart01.png" iconSize="2.5" fadeNear="3500" fadeFar="3600" heightOffset="4.5" minSize="100"/>
      <MarkerCategory name="tw_mc_lws3_sirenslanding_hearts_heart02" DisplayName="Reclaim Dwayna's reliquary" miniMapVisibility="0" mapVisibility="0" iconFile="Data/TekkitsWorkshop/MC/tw_mc_lws3_sirenslanding_hearts_heart02.png" iconSize="2.5" fadeNear="3500" fadeFar="3600" heightOffset="4.5" minSize="100"/>
      <MarkerCategory name="tw_mc_lws3_sirenslanding_hearts_heart03" DisplayName="Reclaim Grenth's reliquary" miniMapVisibility="0" mapVisibility="0" iconFile="Data/TekkitsWorkshop/MC/tw_mc_lws3_sirenslanding_hearts_heart03.png" iconSize="2.5" fadeNear="3500" fadeFar="3600" heightOffset="4.5" minSize="100"/>
      <MarkerCategory name="tw_mc_lws3_sirenslanding_hearts_heart04" DisplayName="Reclaim Lyssa's reliquary" miniMapVisibility="0" mapVisibility="0" iconFile="Data/TekkitsWorkshop/MC/tw_mc_lws3_sirenslanding_hearts_heart04.png" iconSize="2.5" fadeNear="3500" fadeFar="3600" heightOffset="4.5" minSize="100"/>
      <MarkerCategory name="tw_mc_lws3_sirenslanding_hearts_heart05" DisplayName="Reclaim Melandru's reliquary" miniMapVisibility="0" mapVisibility="0" iconFile="Data/TekkitsWorkshop/MC/tw_mc_lws3_sirenslanding_hearts_heart05.png" iconSize="2.5" fadeNear="3500" fadeFar="3600" heightOffset="4.5" minSize="100"/>
    </MarkerCategory>
    <MarkerCategory name="tw_mc_lws3_sirenslanding_pointsofinterest" DisplayName="Toggle Points of Interest">
      <MarkerCategory name="tw_mc_lws3_sirenslanding_pointsofinterest_pointsofinterest01" DisplayName="Ancient Greenhouse" iconFile="Data/TekkitsWorkshop/MC/tw_mc_pointofinterest.png" iconSize="0.5" fadeNear="3500" fadeFar="3600" heightOffset="0.5" minSize="10"/>
      <MarkerCategory name="tw_mc_lws3_sirenslanding_pointsofinterest_pointsofinterest02" DisplayName="Balthazar's Heart" iconFile="Data/TekkitsWorkshop/MC/tw_mc_pointofinterest.png" iconSize="0.5" fadeNear="3500" fadeFar="3600" heightOffset="0.5" minSize="10"/>
      <MarkerCategory name="tw_mc_lws3_sirenslanding_pointsofinterest_pointsofinterest03" DisplayName="Balthazar's Vein" iconFile="Data/TekkitsWorkshop/MC/tw_mc_pointofinterest.png" iconSize="0.5" fadeNear="3500" fadeFar="3600" heightOffset="0.5" minSize="10"/>
      <MarkerCategory name="tw_mc_lws3_sirenslanding_pointsofinterest_pointsofinterest04" DisplayName="Camp Reclamation" iconFile="Data/TekkitsWorkshop/MC/tw_mc_pointofinterest.png" iconSize="0.5" fadeNear="3500" fadeFar="3600" heightOffset="0.5" minSize="10"/>
      <MarkerCategory name="tw_mc_lws3_sirenslanding_pointsofinterest_pointsofinterest05" DisplayName="Camp Winfred" iconFile="Data/TekkitsWorkshop/MC/tw_mc_pointofinterest.png" iconSize="0.5" fadeNear="3500" fadeFar="3600" heightOffset="0.5" minSize="10"/>
      <MarkerCategory name="tw_mc_lws3_sirenslanding_pointsofinterest_pointsofinterest06" DisplayName="Forgotten Plaza" iconFile="Data/TekkitsWorkshop/MC/tw_mc_pointofinterest.png" iconSize="0.5" fadeNear="3500" fadeFar="3600" heightOffset="0.5" minSize="10"/>
      <MarkerCategory name="tw_mc_lws3_sirenslanding_pointsofinterest_pointsofinterest07" DisplayName="Hidden Reliquary" iconFile="Data/TekkitsWorkshop/MC/tw_mc_pointofinterest.png" iconSize="0.5" fadeNear="3500" fadeFar="3600" heightOffset="0.5" minSize="10"/>
      <MarkerCategory name="tw_mc_lws3_sirenslanding_pointsofinterest_pointsofinterest08" DisplayName="Hiffa's Camp" iconFile="Data/TekkitsWorkshop/MC/tw_mc_pointofinterest.png" iconSize="0.5" fadeNear="3500" fadeFar="3600" heightOffset="0.5" minSize="10"/>
      <MarkerCategory name="tw_mc_lws3_sirenslanding_pointsofinterest_pointsofinterest09" DisplayName="Overgrown Gazebo" iconFile="Data/TekkitsWorkshop/MC/tw_mc_pointofinterest.png" iconSize="0.5" fadeNear="3500" fadeFar="3600" heightOffset="0.5" minSize="10"/>
      <MarkerCategory name="tw_mc_lws3_sirenslanding_pointsofinterest_pointsofinterest10" DisplayName="Secret Garden" iconFile="Data/TekkitsWorkshop/MC/tw_mc_pointofinterest.png" iconSize="0.5" fadeNear="3500" fadeFar="3600" heightOffset="0.5" minSize="10"/>
      <MarkerCategory name="tw_mc_lws3_sirenslanding_pointsofinterest_pointsofinterest11" DisplayName="Tears of Orr" iconFile="Data/TekkitsWorkshop/MC/tw_mc_pointofinterest.png" iconSize="0.5" fadeNear="3500" fadeFar="3600" heightOffset="0.5" minSize="10"/>
      <MarkerCategory name="tw_mc_lws3_sirenslanding_pointsofinterest_pointsofinterest12" DisplayName="The Arm of Abaddon" iconFile="Data/TekkitsWorkshop/MC/tw_mc_pointofinterest.png" iconSize="0.5" fadeNear="3500" fadeFar="3600" heightOffset="0.5" minSize="10"/>
      <MarkerCategory name="tw_mc_lws3_sirenslanding_pointsofinterest_pointsofinterest13" DisplayName="The Buoyant Bough" iconFile="Data/TekkitsWorkshop/MC/tw_mc_pointofinterest.png" iconSize="0.5" fadeNear="3500" fadeFar="3600" heightOffset="0.5" minSize="10"/>
      <MarkerCategory name="tw_mc_lws3_sirenslanding_pointsofinterest_pointsofinterest14" DisplayName="Thoroughfare Ruins" iconFile="Data/TekkitsWorkshop/MC/tw_mc_pointofinterest.png" iconSize="0.5" fadeNear="3500" fadeFar="3600" heightOffset="0.5" minSize="10"/>
      <MarkerCategory name="tw_mc_lws3_sirenslanding_pointsofinterest_pointsofinterest15" DisplayName="Watchman's Roost" iconFile="Data/TekkitsWorkshop/MC/tw_mc_pointofinterest.png" iconSize="0.5" fadeNear="3500" fadeFar="3600" heightOffset="0.5" minSize="10"/>
      <MarkerCategory name="tw_mc_lws3_sirenslanding_pointsofinterest_pointsofinterest16" DisplayName="Wreck of the Yesteryear" iconFile="Data/TekkitsWorkshop/MC/tw_mc_pointofinterest.png" iconSize="0.5" fadeNear="3500" fadeFar="3600" heightOffset="0.5" minSize="10"/>
      <MarkerCategory name="tw_mc_lws3_sirenslanding_pointsofinterest_pointsofinterest17" DisplayName="Wyvern's Den" iconFile="Data/TekkitsWorkshop/MC/tw_mc_pointofinterest.png" iconSize="0.5" fadeNear="3500" fadeFar="3600" heightOffset="0.5" minSize="10"/>
    </MarkerCategory>
    <MarkerCategory name="tw_mc_lws3_sirenslanding_vistas" DisplayName="Toggle Vistas">
      <MarkerCategory name="tw_mc_lws3_sirenslanding_vistas_vista01" DisplayName="Dwayna's Reliquary Vista" iconFile="Data/TekkitsWorkshop/MC/tw_mc_vista.png" iconSize="0.5" fadeNear="3500" fadeFar="3600" heightOffset="0.5" minSize="10"/>
      <MarkerCategory name="tw_mc_lws3_sirenslanding_vistas_vista02" DisplayName="Choking Depths Vista" iconFile="Data/TekkitsWorkshop/MC/tw_mc_vista.png" iconSize="0.5" fadeNear="3500" fadeFar="3600" heightOffset="0.5" minSize="10"/>
      <MarkerCategory name="tw_mc_lws3_sirenslanding_vistas_vista03" DisplayName="Melandru's Reliquary Vista" iconFile="Data/TekkitsWorkshop/MC/tw_mc_vista.png" iconSize="0.5" fadeNear="3500" fadeFar="3600" heightOffset="0.5" minSize="10"/>
      <MarkerCategory name="tw_mc_lws3_sirenslanding_vistas_vista04" DisplayName="Risen Lowlands Vista" iconFile="Data/TekkitsWorkshop/MC/tw_mc_vista.png" iconSize="0.5" fadeNear="3500" fadeFar="3600" heightOffset="0.5" minSize="10"/>
    </MarkerCategory>
    <MarkerCategory name="tw_mc_lws3_sirenslanding_waypoints" DisplayName="Toggle Waypoints">
      <MarkerCategory name="tw_mc_lws3_sirenslanding_waypoints_waypoint01" DisplayName="Camp Reclamation Waypoint" iconFile="Data/TekkitsWorkshop/MC/tw_mc_waypoint.png" iconSize="0.5" fadeNear="3500" fadeFar="3600" heightOffset="0.5" minSize="10"/>
    </MarkerCategory>
  </MarkerCategory>
</MarkerCategory>
	<POIs>
		<POI MapID="1165" xpos="-226.602" ypos="760.463" zpos="84.3137" type="tw_guides.tw_mc_lws3.tw_mc_lws3_bloodstonefen_waypoints.tw_mc_lws3_bloodstonefen_waypoints_waypoint03" GUID="f8aXix/hf0qC9pUcvdBEBQ=="/>
		<POI MapID="1165" xpos="-230.324" ypos="760.661" zpos="81.3735" type="tw_guides.tw_mc_lws3.tw_mc_lws3_trails.tw_mc_lws3_trails_bloodstonefen.tw_mc_lws3_trails_bloodstonefen_startsign" GUID="2BXiShlkDUqj/yOMGj5Gww=="/>
		<POI MapID="1165" xpos="-88.781" ypos="710.464" zpos="-62.1817" type="tw_guides.tw_mc_lws3.tw_mc_lws3_bloodstonefen_pointsofinterest.tw_mc_lws3_bloodstonefen_pointsofinterest_pointsofinterest02" GUID="GrRxTIa3aU6QzQXFuJ0hnQ=="/>
		<POI MapID="1165" xpos="-157.696" ypos="648.88" zpos="-36.2115" type="tw_guides.tw_mc_lws3.tw_mc_lws3_bloodstonefen_vistas.tw_mc_lws3_bloodstonefen_vistas_vista02" GUID="s4QXo54F6E+fYsS/nyNuIA=="/>
		<POI MapID="1165" xpos="-62.2146" ypos="652.094" zpos="18.1272" type="tw_guides.tw_mc_lws3.tw_mc_lws3_bloodstonefen_waypoints.tw_mc_lws3_bloodstonefen_waypoints_waypoint04" GUID="ItsB9rjki0i5G9n9ZikApQ=="/>
		<POI MapID="1165" xpos="208.605" ypos="793.781" zpos="26.2147" type="tw_guides.tw_mc_lws3.tw_mc_lws3_bloodstonefen_pointsofinterest.tw_mc_lws3_bloodstonefen_pointsofinterest_pointsofinterest06" GUID="yO+79J93ZEa0K6BXTugBUg=="/>
		<POI MapID="1165" xpos="295.862" ypos="655.98" zpos="111.732" type="tw_guides.tw_mc_lws3.tw_mc_lws3_bloodstonefen_vistas.tw_mc_lws3_bloodstonefen_vistas_vista03" GUID="YSgMaRXdPEyD9Aj5a5UZ8Q=="/>
		<POI MapID="1165" xpos="110.889" ypos="623.172" zpos="60.3604" type="tw_guides.tw_mc_lws3.tw_mc_lws3_bloodstonefen_pointsofinterest.tw_mc_lws3_bloodstonefen_pointsofinterest_pointsofinterest01" GUID="g50OtcH60EefEPGJlHAlkw=="/>
		<POI MapID="1165" xpos="5.36644" ypos="561.831" zpos="50.7789" type="tw_guides.tw_mc_lws3.tw_mc_lws3_bloodstonefen_pointsofinterest.tw_mc_lws3_bloodstonefen_pointsofinterest_pointsofinterest03" GUID="NnGxRmkWC0uMhOF+DWL+Xg=="/>
		<POI MapID="1165" xpos="-188.148" ypos="505.562" zpos="127.15" type="tw_guides.tw_mc_lws3.tw_mc_lws3_bloodstonefen_pointsofinterest.tw_mc_lws3_bloodstonefen_pointsofinterest_pointsofinterest07" GUID="k2Hc6l5EtU69qbXI0IVRaA=="/>
		<POI MapID="1165" xpos="-368.333" ypos="539.141" zpos="-102.275" type="tw_guides.tw_mc_lws3.tw_mc_lws3_bloodstonefen_pointsofinterest.tw_mc_lws3_bloodstonefen_pointsofinterest_pointsofinterest04" GUID="J3x/Dd5QDUCbNoQmI8wkQw=="/>
		<POI MapID="1165" xpos="148.779" ypos="502.153" zpos="-10.1411" type="tw_guides.tw_mc_lws3.tw_mc_lws3_bloodstonefen_waypoints.tw_mc_lws3_bloodstonefen_waypoints_waypoint02" GUID="WY4H4JuS0kqO/pqdGKm8eA=="/>
		<POI MapID="1165" xpos="-43.9945" ypos="329.69" zpos="88.2268" type="tw_guides.tw_mc_lws3.tw_mc_lws3_bloodstonefen_waypoints.tw_mc_lws3_bloodstonefen_waypoints_waypoint01" GUID="un3MDlWBP0mdp6EhoBfZ+g=="/>
		<POI MapID="1165" xpos="-142.871" ypos="139.3" zpos="22.0455" type="tw_guides.tw_mc_lws3.tw_mc_lws3_bloodstonefen_vistas.tw_mc_lws3_bloodstonefen_vistas_vista01" GUID="p+Qb167Wk02POEsp8Y23lg=="/>
		<POI MapID="1165" xpos="-213.348" ypos="77.2012" zpos="-3.06479" type="tw_guides.tw_mc_lws3.tw_mc_lws3_bloodstonefen_pointsofinterest.tw_mc_lws3_bloodstonefen_pointsofinterest_pointsofinterest05" GUID="bEWSfnPODU6wQrsHPHR+DQ=="/>
		<POI MapID="1165" xpos="-213.283" ypos="77.2196" zpos="-3.18845" type="tw_guides.tw_mc_lws3.tw_mc_lws3_trails.tw_mc_lws3_trails_bloodstonefen.tw_mc_lws3_trails_bloodstonefen_finish" GUID="hFp4XBMqQEyono9f+Bt7Aw=="/>
		<POI MapID="1175" xpos="-191.545" ypos="20.2244" zpos="-589.23" type="tw_guides.tw_mc_lws3.tw_mc_lws3_trails.tw_mc_lws3_trails_emberbay.tw_mc_lws3_trails_emberbay_startsign" GUID="6NXjwZlSk0eAe/lWcKXoPg=="/>
		<POI MapID="1175" xpos="-191.596" ypos="20.2243" zpos="-594.083" type="tw_guides.tw_mc_lws3.tw_mc_lws3_emberbay_pointsofinterest.tw_mc_lws3_emberbay_pointsofinterest_pointsofinterest01" GUID="d9mJ4sBBFUi5UtaNDF/XZQ=="/>
		<POI MapID="1175" xpos="-191.372" ypos="20.1753" zpos="-602.241" type="tw_guides.tw_mc_lws3.tw_mc_lws3_emberbay_waypoints.tw_mc_lws3_emberbay_waypoints_waypoint03" GUID="wgwlHHGpW0GKszk7/U2pyA=="/>
		<POI MapID="1175" xpos="-185.095" ypos="30.9323" zpos="-672.162" type="tw_guides.tw_mc_lws3.tw_mc_lws3_emberbay_vistas.tw_mc_lws3_emberbay_vistas_vista05" GUID="dis+l4URWkuAN+P+7+0SrQ=="/>
		<POI MapID="1175" xpos="247.984" ypos="66.8793" zpos="-805.512" type="tw_guides.tw_mc_lws3.tw_mc_lws3_emberbay_pointsofinterest.tw_mc_lws3_emberbay_pointsofinterest_pointsofinterest06" GUID="o2cDvAvWgUi0Pd3arR4xcQ=="/>
		<POI MapID="1175" xpos="238.745" ypos="5.41423" zpos="-564.174" type="tw_guides.tw_mc_lws3.tw_mc_lws3_emberbay_pointsofinterest.tw_mc_lws3_emberbay_pointsofinterest_pointsofinterest18" GUID="D4aWUBLobE+miWxOmhNFww=="/>
		<POI MapID="1175" xpos="202.27" ypos="23.5448" zpos="-553.762" type="tw_guides.tw_mc_lws3.tw_mc_lws3_emberbay_pointsofinterest.tw_mc_lws3_emberbay_pointsofinterest_pointsofinterest12" GUID="WPwArEMtOUOsU+DSatfufQ=="/>
		<POI MapID="1175" xpos="191.277" ypos="23.5637" zpos="-561.638" type="tw_guides.tw_mc_lws3.tw_mc_lws3_emberbay_hearts.tw_mc_lws3_emberbay_hearts_heart02" GUID="GELBTINLT0yKo13EF7AuJg=="/>
		<POI MapID="1175" xpos="511.91" ypos="3.819" zpos="-405.207" type="tw_guides.tw_mc_lws3.tw_mc_lws3_emberbay_pointsofinterest.tw_mc_lws3_emberbay_pointsofinterest_pointsofinterest21" GUID="TzhtCYg0WUO1bERq0et5rQ=="/>
		<POI MapID="1175" xpos="525.957" ypos="12.6208" zpos="-354.42" type="tw_guides.tw_mc_lws3.tw_mc_lws3_emberbay_pointsofinterest.tw_mc_lws3_emberbay_pointsofinterest_pointsofinterest16" GUID="E9KiK/I25EyFYd/FZ3cbgg=="/>
		<POI MapID="1175" xpos="554.262" ypos="22.6857" zpos="-258.951" type="tw_guides.tw_mc_lws3.tw_mc_lws3_emberbay_waypoints.tw_mc_lws3_emberbay_waypoints_waypoint04" GUID="XdMg+ExeU0eJGRrUaI32sg=="/>
		<POI MapID="1175" xpos="500.218" ypos="25.5135" zpos="-210.109" type="tw_guides.tw_mc_lws3.tw_mc_lws3_emberbay_pointsofinterest.tw_mc_lws3_emberbay_pointsofinterest_pointsofinterest10" GUID="I5sEUJgDlEWD0I42jh7uow=="/>
		<POI MapID="1175" xpos="480.095" ypos="38.7841" zpos="-177.747" type="tw_guides.tw_mc_lws3.tw_mc_lws3_emberbay_vistas.tw_mc_lws3_emberbay_vistas_vista01" GUID="DlSJ5ikaR0K0XiMX1mIU1Q=="/>
		<POI MapID="1175" xpos="-10.7184" ypos="12.3471" zpos="-295.082" type="tw_guides.tw_mc_lws3.tw_mc_lws3_emberbay_pointsofinterest.tw_mc_lws3_emberbay_pointsofinterest_pointsofinterest11" GUID="pHGA4CyjykaILZAxjU62MQ=="/>
		<POI MapID="1175" xpos="-2.6211" ypos="109.345" zpos="-157.134" type="tw_guides.tw_mc_lws3.tw_mc_lws3_emberbay_pointsofinterest.tw_mc_lws3_emberbay_pointsofinterest_pointsofinterest15" GUID="xgOTPLYSTEeJIv1gnVYMiw=="/>
		<POI MapID="1175" xpos="68.3434" ypos="59.2696" zpos="42.269" type="tw_guides.tw_mc_lws3.tw_mc_lws3_emberbay_vistas.tw_mc_lws3_emberbay_vistas_vista04" GUID="0O3Ci5Gy+0qrARQ20urwSw=="/>
		<POI MapID="1175" xpos="178.657" ypos="55.6156" zpos="54.9653" type="tw_guides.tw_mc_lws3.tw_mc_lws3_emberbay_pointsofinterest.tw_mc_lws3_emberbay_pointsofinterest_pointsofinterest20" GUID="8xL98x5bj0y0TgYycROMOw=="/>
		<POI MapID="1175" xpos="139.833" ypos="56.0501" zpos="46.3142" type="tw_guides.tw_mc_lws3.tw_mc_lws3_emberbay_hearts.tw_mc_lws3_emberbay_hearts_heart01" GUID="KE3EaUdGxUOC8EpxUTXGdg=="/>
		<POI MapID="1175" xpos="314.234" ypos="96.592" zpos="196.998" type="tw_guides.tw_mc_lws3.tw_mc_lws3_emberbay_waypoints.tw_mc_lws3_emberbay_waypoints_waypoint02" GUID="9rCRFT5FgUyujOsFX1eNvA=="/>
		<POI MapID="1175" xpos="352.642" ypos="102.335" zpos="182.014" type="tw_guides.tw_mc_lws3.tw_mc_lws3_emberbay_pointsofinterest.tw_mc_lws3_emberbay_pointsofinterest_pointsofinterest03" GUID="flmYKnK/Fk+Jw8XsKGbEAg=="/>
		<POI MapID="1175" xpos="794.563" ypos="0.289953" zpos="124.751" type="tw_guides.tw_mc_lws3.tw_mc_lws3_emberbay_pointsofinterest.tw_mc_lws3_emberbay_pointsofinterest_pointsofinterest09" GUID="BQ9mDr7xlUKKjvk95KSp4w=="/>
		<POI MapID="1175" xpos="855.201" ypos="2.99017" zpos="-251.331" type="tw_guides.tw_mc_lws3.tw_mc_lws3_emberbay_pointsofinterest.tw_mc_lws3_emberbay_pointsofinterest_pointsofinterest05" GUID="QlNNx14Af0upUsr1D8By4A=="/>
		<POI MapID="1175" xpos="-115.056" ypos="163.255" zpos="-412.868" type="tw_guides.tw_mc_lws3.tw_mc_lws3_emberbay_pointsofinterest.tw_mc_lws3_emberbay_pointsofinterest_pointsofinterest04" GUID="UMlyPO4yykGuEywkV8Okqg=="/>
		<POI MapID="1175" xpos="-251.478" ypos="43.3741" zpos="-405.658" type="tw_guides.tw_mc_lws3.tw_mc_lws3_emberbay_vistas.tw_mc_lws3_emberbay_vistas_vista05" GUID="bWfAYQHNgEeof06zCKfC8w=="/>
		<POI MapID="1175" xpos="-262.848" ypos="19.3984" zpos="-316.471" type="tw_guides.tw_mc_lws3.tw_mc_lws3_emberbay_pointsofinterest.tw_mc_lws3_emberbay_pointsofinterest_pointsofinterest14" GUID="2nPf3T3KlUu8U6y4kYCYjA=="/>
		<POI MapID="1175" xpos="-513.107" ypos="33.5135" zpos="-367.402" type="tw_guides.tw_mc_lws3.tw_mc_lws3_emberbay_pointsofinterest.tw_mc_lws3_emberbay_pointsofinterest_pointsofinterest22" GUID="XfIZa/3S206nsi2kTHQ0uw=="/>
		<POI MapID="1175" xpos="-508.355" ypos="12.4478" zpos="-444.772" type="tw_guides.tw_mc_lws3.tw_mc_lws3_emberbay_pointsofinterest.tw_mc_lws3_emberbay_pointsofinterest_pointsofinterest08" GUID="0IRknagPpEuFcdfYMRQvNg=="/>
		<POI MapID="1175" xpos="-593.74" ypos="12.2638" zpos="-510.54" type="tw_guides.tw_mc_lws3.tw_mc_lws3_emberbay_vistas.tw_mc_lws3_emberbay_vistas_vista03" GUID="ykUy9DzJc0qmXOvUs9tX3Q=="/>
		<POI MapID="1175" xpos="-615.152" ypos="5.1116" zpos="-498.892" type="tw_guides.tw_mc_lws3.tw_mc_lws3_emberbay_waypoints.tw_mc_lws3_emberbay_waypoints_waypoint01" GUID="dH1NWH7vbUm+pURXzNiuEw=="/>
		<POI MapID="1175" xpos="-647.877" ypos="15.7789" zpos="-644.518" type="tw_guides.tw_mc_lws3.tw_mc_lws3_emberbay_hearts.tw_mc_lws3_emberbay_hearts_heart05" GUID="EKozxqfGkkucYEJsj3tmMQ=="/>
		<POI MapID="1175" xpos="-693.523" ypos="27.1758" zpos="-689.117" type="tw_guides.tw_mc_lws3.tw_mc_lws3_emberbay_pointsofinterest.tw_mc_lws3_emberbay_pointsofinterest_pointsofinterest13" GUID="3jji6SOvqEmLBuBXqll+xg=="/>
		<POI MapID="1175" xpos="-731.727" ypos="51.3172" zpos="-683.029" type="tw_guides.tw_mc_lws3.tw_mc_lws3_emberbay_vistas.tw_mc_lws3_emberbay_vistas_vista06" GUID="sES7Zh8QPEeDtPu1wDnv+Q=="/>
		<POI MapID="1175" xpos="-767.435" ypos="-1.03247" zpos="-541.701" type="tw_guides.tw_mc_lws3.tw_mc_lws3_emberbay_pointsofinterest.tw_mc_lws3_emberbay_pointsofinterest_pointsofinterest02" GUID="0FgXzieAqU6HCZJufQ/fCw=="/>
		<POI MapID="1175" xpos="-806.787" ypos="27.0226" zpos="-264.621" type="tw_guides.tw_mc_lws3.tw_mc_lws3_emberbay_pointsofinterest.tw_mc_lws3_emberbay_pointsofinterest_pointsofinterest19" GUID="XUcY0IcErEqn6BRyapDx4A=="/>
		<POI MapID="1175" xpos="-873.089" ypos="12.0705" zpos="-111.761" type="tw_guides.tw_mc_lws3.tw_mc_lws3_emberbay_hearts.tw_mc_lws3_emberbay_hearts_heart04" GUID="UuH6Eu9mp0OYz6KGSYTHnQ=="/>
		<POI MapID="1175" xpos="-777.729" ypos="137.534" zpos="95.0616" type="tw_guides.tw_mc_lws3.tw_mc_lws3_emberbay_pointsofinterest.tw_mc_lws3_emberbay_pointsofinterest_pointsofinterest23" GUID="XS8etQnOn0mNBmWLJrhcow=="/>
		<POI MapID="1175" xpos="-551.684" ypos="136.057" zpos="-21.4321" type="tw_guides.tw_mc_lws3.tw_mc_lws3_emberbay_pointsofinterest.tw_mc_lws3_emberbay_pointsofinterest_pointsofinterest07" GUID="JO7ZIN/x+UmYwAczgK7M4g=="/>
		<POI MapID="1175" xpos="-667.102" ypos="137.856" zpos="-25.8352" type="tw_guides.tw_mc_lws3.tw_mc_lws3_emberbay_pointsofinterest.tw_mc_lws3_emberbay_pointsofinterest_pointsofinterest17" GUID="tOYE5+pv1UifEQLEQjRLCw=="/>
		<POI MapID="1175" xpos="-628.824" ypos="139.65" zpos="70.8944" type="tw_guides.tw_mc_lws3.tw_mc_lws3_emberbay_vistas.tw_mc_lws3_emberbay_vistas_vista05" GUID="PJ1DfSddmE+7xxLzeCoVWQ=="/>
		<POI MapID="1175" xpos="-551.717" ypos="136.06" zpos="-21.4147" type="tw_guides.tw_mc_lws3.tw_mc_lws3_trails.tw_mc_lws3_trails_emberbay.tw_mc_lws3_trails_emberbay_finish" GUID="3jk5o5AZDEe1hW9Cih92wQ=="/>
		<POI MapID="1178" xpos="-545.579" ypos="0.134773" zpos="-360.632" type="tw_guides.tw_mc_lws3.tw_mc_lws3_trails.tw_mc_lws3_trails_bitterfrostfrontier.tw_mc_lws3_trails_bitterfrostfrontier_startsign" GUID="eRs68J7DzkmLND7FSjAFaQ=="/>
		<POI MapID="1178" xpos="-541.229" ypos="0.127407" zpos="-351.954" type="tw_guides.tw_mc_lws3.tw_mc_lws3_bitterfrostfrontier_waypoints.tw_mc_lws3_bitterfrostfrontier_waypoints_waypoint01" GUID="vRdZ68ZJnU+M+x/fX56a4A=="/>
		<POI MapID="1178" xpos="-361.281" ypos="17.3303" zpos="-339.031" type="tw_guides.tw_mc_lws3.tw_mc_lws3_bitterfrostfrontier_pointsofinterest.tw_mc_lws3_bitterfrostfrontier_pointsofinterest_pointsofinterest07" GUID="8FX3LfJtBUOaT1vmM88fcA=="/>
		<POI MapID="1178" xpos="-228.717" ypos="31.8277" zpos="-322.294" type="tw_guides.tw_mc_lws3.tw_mc_lws3_bitterfrostfrontier_pointsofinterest.tw_mc_lws3_bitterfrostfrontier_pointsofinterest_pointsofinterest01" GUID="fe8MWeTrvUeJ8WiQps0xGA=="/>
		<POI MapID="1178" xpos="-796.077" ypos="31.9964" zpos="-296.122" type="tw_guides.tw_mc_lws3.tw_mc_lws3_bitterfrostfrontier_pointsofinterest.tw_mc_lws3_bitterfrostfrontier_pointsofinterest_pointsofinterest03" GUID="XY4rufDnWUqBPXll7oiq2w=="/>
		<POI MapID="1178" xpos="-847.553" ypos="46.3561" zpos="-335.668" type="tw_guides.tw_mc_lws3.tw_mc_lws3_bitterfrostfrontier_hearts.tw_mc_lws3_bitterfrostfrontier_hearts_heart01" GUID="oEHGJM057EqvL9YY80BWRA=="/>
		<POI MapID="1178" xpos="-831.032" ypos="73.2054" zpos="-250.445" type="tw_guides.tw_mc_lws3.tw_mc_lws3_bitterfrostfrontier_vistas.tw_mc_lws3_bitterfrostfrontier_vistas_vista05" GUID="KnBSImv3I0CrChveF95erw=="/>
		<POI MapID="1178" xpos="-665.015" ypos="16.1213" zpos="-86.5652" type="tw_guides.tw_mc_lws3.tw_mc_lws3_bitterfrostfrontier_pointsofinterest.tw_mc_lws3_bitterfrostfrontier_pointsofinterest_pointsofinterest11" GUID="RuU1/Fn4+ES1ZdibSxwm1A=="/>
		<POI MapID="1178" xpos="-671.084" ypos="115.161" zpos="187.752" type="tw_guides.tw_mc_lws3.tw_mc_lws3_bitterfrostfrontier_vistas.tw_mc_lws3_bitterfrostfrontier_vistas_vista03" GUID="RRKILhaJ6EyAzBTn35ehVA=="/>
		<POI MapID="1178" xpos="-656.053" ypos="59.9517" zpos="232.609" type="tw_guides.tw_mc_lws3.tw_mc_lws3_bitterfrostfrontier_pointsofinterest.tw_mc_lws3_bitterfrostfrontier_pointsofinterest_pointsofinterest08" GUID="Ogn8vHxWuUetxXMX8i3miw=="/>
		<POI MapID="1178" xpos="-395.272" ypos="43.672" zpos="175.731" type="tw_guides.tw_mc_lws3.tw_mc_lws3_bitterfrostfrontier_pointsofinterest.tw_mc_lws3_bitterfrostfrontier_pointsofinterest_pointsofinterest12" GUID="NbX7D9yB+0mighdghF2VHw=="/>
		<POI MapID="1178" xpos="-409.268" ypos="37.5662" zpos="70.9466" type="tw_guides.tw_mc_lws3.tw_mc_lws3_bitterfrostfrontier_hearts.tw_mc_lws3_bitterfrostfrontier_hearts_heart02" GUID="8k4HB9kSuEKpffCSaMxmdA=="/>
		<POI MapID="1178" xpos="-37.1472" ypos="26.9891" zpos="176.414" type="tw_guides.tw_mc_lws3.tw_mc_lws3_bitterfrostfrontier_hearts.tw_mc_lws3_bitterfrostfrontier_hearts_heart04" GUID="WsPdoQfomEaLKHz15JPIpg=="/>
		<POI MapID="1178" xpos="22.4788" ypos="15.3464" zpos="202.248" type="tw_guides.tw_mc_lws3.tw_mc_lws3_bitterfrostfrontier_pointsofinterest.tw_mc_lws3_bitterfrostfrontier_pointsofinterest_pointsofinterest06" GUID="P37TDn4si0yZbPYZUysQpA=="/>
		<POI MapID="1178" xpos="60.9803" ypos="20.5768" zpos="225.136" type="tw_guides.tw_mc_lws3.tw_mc_lws3_bitterfrostfrontier_vistas.tw_mc_lws3_bitterfrostfrontier_vistas_vista02" GUID="YGSxENrjvUav0/1zgiLQ/g=="/>
		<POI MapID="1178" xpos="138.281" ypos="12.4324" zpos="334.926" type="tw_guides.tw_mc_lws3.tw_mc_lws3_bitterfrostfrontier_pointsofinterest.tw_mc_lws3_bitterfrostfrontier_pointsofinterest_pointsofinterest05" GUID="m1XMMJE+MU2DtaPGgejFHg=="/>
		<POI MapID="1178" xpos="-34.4817" ypos="1.0154" zpos="-98.4365" type="tw_guides.tw_mc_lws3.tw_mc_lws3_bitterfrostfrontier_waypoints.tw_mc_lws3_bitterfrostfrontier_waypoints_waypoint02" GUID="p1UGLDq2qUGyJF7bJKlwhQ=="/>
		<POI MapID="1178" xpos="20.0857" ypos="-44.1238" zpos="-70.8221" type="tw_guides.tw_mc_lws3.tw_mc_lws3_bitterfrostfrontier_pointsofinterest.tw_mc_lws3_bitterfrostfrontier_pointsofinterest_pointsofinterest04" GUID="eRgecSaLTkSlN5DesJs4rg=="/>
		<POI MapID="1178" xpos="48.5175" ypos="53.3326" zpos="-100.123" type="tw_guides.tw_mc_lws3.tw_mc_lws3_bitterfrostfrontier_vistas.tw_mc_lws3_bitterfrostfrontier_vistas_vista04" GUID="jZmhz5xVaE6oiJY6z/jxKQ=="/>
		<POI MapID="1178" xpos="123.831" ypos="50.9675" zpos="-431.457" type="tw_guides.tw_mc_lws3.tw_mc_lws3_bitterfrostfrontier_pointsofinterest.tw_mc_lws3_bitterfrostfrontier_pointsofinterest_pointsofinterest09" GUID="2WU7YvhtrUGTtsiHbyzAsw=="/>
		<POI MapID="1178" xpos="492.426" ypos="-0.243781" zpos="-297.488" type="tw_guides.tw_mc_lws3.tw_mc_lws3_bitterfrostfrontier_pointsofinterest.tw_mc_lws3_bitterfrostfrontier_pointsofinterest_pointsofinterest13" GUID="55obqPnxz0iM2iAL0ng6LA=="/>
		<POI MapID="1178" xpos="517.388" ypos="0.257596" zpos="-288.72" type="tw_guides.tw_mc_lws3.tw_mc_lws3_bitterfrostfrontier_hearts.tw_mc_lws3_bitterfrostfrontier_hearts_heart03" GUID="qOr1zuKWaUyObuys6q/9cg=="/>
		<POI MapID="1178" xpos="787.459" ypos="-0.239344" zpos="-387.719" type="tw_guides.tw_mc_lws3.tw_mc_lws3_bitterfrostfrontier_pointsofinterest.tw_mc_lws3_bitterfrostfrontier_pointsofinterest_pointsofinterest02" GUID="qQGAjSlwMESt5JstejVMrg=="/>
		<POI MapID="1178" xpos="524.385" ypos="101.343" zpos="-421.364" type="tw_guides.tw_mc_lws3.tw_mc_lws3_bitterfrostfrontier_vistas.tw_mc_lws3_bitterfrostfrontier_vistas_vista01" GUID="f/Pj2jAOsEy3eVkK2V583w=="/>
		<POI MapID="1178" xpos="695.658" ypos="0.198345" zpos="242.862" type="tw_guides.tw_mc_lws3.tw_mc_lws3_bitterfrostfrontier_pointsofinterest.tw_mc_lws3_bitterfrostfrontier_pointsofinterest_pointsofinterest10" GUID="Rr49T3d6xECd0F4IkNyB0A=="/>
		<POI MapID="1178" xpos="695.449" ypos="0.198654" zpos="242.532" type="tw_guides.tw_mc_lws3.tw_mc_lws3_trails.tw_mc_lws3_trails_bitterfrostfrontier.tw_mc_lws3_trails_bitterfrostfrontier_finish" GUID="2n0rg0hEGU+ZnCrGQ9V1SA=="/>
		<POI MapID="1185" xpos="-346.728" ypos="34.8462" zpos="-143.82" type="tw_guides.tw_mc_lws3.tw_mc_lws3_trails.tw_mc_lws3_trails_lakedoric.tw_mc_lws3_trails_lakedoric_startsign" GUID="of9wbN+hu0CAsnvuv4KAbQ=="/>
		<POI MapID="1185" xpos="-343.524" ypos="36.0463" zpos="-152.089" type="tw_guides.tw_mc_lws3.tw_mc_lws3_lakedoric_waypoints.tw_mc_lws3_lakedoric_waypoints_waypoint01" GUID="k9dyizIOskWNh7NyYJsMGA=="/>
		<POI MapID="1185" xpos="-279.151" ypos="59.8349" zpos="-45.4087" type="tw_guides.tw_mc_lws3.tw_mc_lws3_lakedoric_vistas.tw_mc_lws3_lakedoric_vistas_vista07" GUID="sWCTV52/VEaBeImQYg9bOg=="/>
		<POI MapID="1185" xpos="-237.607" ypos="12.6109" zpos="-114.694" type="tw_guides.tw_mc_lws3.tw_mc_lws3_lakedoric_pointsofinterest.tw_mc_lws3_lakedoric_pointsofinterest_pointsofinterest09" GUID="kloc0Tk7Bkuva8pphEXKjg=="/>
		<POI MapID="1185" xpos="-287.293" ypos="33.9317" zpos="-356.682" type="tw_guides.tw_mc_lws3.tw_mc_lws3_lakedoric_pointsofinterest.tw_mc_lws3_lakedoric_pointsofinterest_pointsofinterest02" GUID="Xjh+Mhh25Ee5E/JCD6PYLg=="/>
		<POI MapID="1185" xpos="-321.535" ypos="34.6885" zpos="-377.764" type="tw_guides.tw_mc_lws3.tw_mc_lws3_lakedoric_hearts.tw_mc_lws3_lakedoric_hearts_heart01" GUID="8Qsj6YjKrUOWhWCzZhJLWQ=="/>
		<POI MapID="1185" xpos="-292.505" ypos="-0.679553" zpos="-620.675" type="tw_guides.tw_mc_lws3.tw_mc_lws3_lakedoric_pointsofinterest.tw_mc_lws3_lakedoric_pointsofinterest_pointsofinterest03" GUID="RM1UH6KVskCQYZRDKpObUQ=="/>
		<POI MapID="1185" xpos="-181.099" ypos="-0.680724" zpos="-566.475" type="tw_guides.tw_mc_lws3.tw_mc_lws3_lakedoric_pointsofinterest.tw_mc_lws3_lakedoric_pointsofinterest_pointsofinterest05" GUID="gP/oZww1KU6YYfjqMiOmUA=="/>
		<POI MapID="1185" xpos="-161.561" ypos="38.2297" zpos="-586.123" type="tw_guides.tw_mc_lws3.tw_mc_lws3_lakedoric_vistas.tw_mc_lws3_lakedoric_vistas_vista06" GUID="9AgSbLFrlU+KlbZlZ0PjtQ=="/>
		<POI MapID="1185" xpos="1.1208" ypos="36.6308" zpos="-515.631" type="tw_guides.tw_mc_lws3.tw_mc_lws3_lakedoric_hearts.tw_mc_lws3_lakedoric_hearts_heart06" GUID="rbURjPQ4aEeSrWSCekxvkA=="/>
		<POI MapID="1185" xpos="-0.951825" ypos="26.4507" zpos="-579.784" type="tw_guides.tw_mc_lws3.tw_mc_lws3_lakedoric_pointsofinterest.tw_mc_lws3_lakedoric_pointsofinterest_pointsofinterest10" GUID="0BEMulCK806rA72GUG2EEg=="/>
		<POI MapID="1185" xpos="195.609" ypos="41.3842" zpos="-486.919" type="tw_guides.tw_mc_lws3.tw_mc_lws3_lakedoric_pointsofinterest.tw_mc_lws3_lakedoric_pointsofinterest_pointsofinterest16" GUID="ZsDTBIVmm0GzdmT4KlAsPA=="/>
		<POI MapID="1185" xpos="329.073" ypos="79.2307" zpos="-465.765" type="tw_guides.tw_mc_lws3.tw_mc_lws3_lakedoric_vistas.tw_mc_lws3_lakedoric_vistas_vista05" GUID="p+oUTND+30iPafKfAeGT3g=="/>
		<POI MapID="1185" xpos="343.319" ypos="72.7889" zpos="-319.757" type="tw_guides.tw_mc_lws3.tw_mc_lws3_lakedoric_pointsofinterest.tw_mc_lws3_lakedoric_pointsofinterest_pointsofinterest08" GUID="DWMRaIqfG0CNKhNooIrbqw=="/>
		<POI MapID="1185" xpos="301.346" ypos="45.9852" zpos="-296.253" type="tw_guides.tw_mc_lws3.tw_mc_lws3_lakedoric_waypoints.tw_mc_lws3_lakedoric_waypoints_waypoint02" GUID="SzN/ZU6bDkeIltnYqg5fPA=="/>
		<POI MapID="1185" xpos="259.002" ypos="48.399" zpos="-283.98" type="tw_guides.tw_mc_lws3.tw_mc_lws3_lakedoric_hearts.tw_mc_lws3_lakedoric_hearts_heart03" GUID="lGcGHugR2UWKZk+fR4Jpww=="/>
		<POI MapID="1185" xpos="196.931" ypos="101.484" zpos="-191.786" type="tw_guides.tw_mc_lws3.tw_mc_lws3_lakedoric_vistas.tw_mc_lws3_lakedoric_vistas_vista03" GUID="QIwSMRUhuEazPLfgDblpdg=="/>
		<POI MapID="1185" xpos="-9.19659" ypos="10.4686" zpos="98.3852" type="tw_guides.tw_mc_lws3.tw_mc_lws3_lakedoric_pointsofinterest.tw_mc_lws3_lakedoric_pointsofinterest_pointsofinterest15" GUID="e6LKziGZQUmkcm4JI3ZYrQ=="/>
		<POI MapID="1185" xpos="-39.0342" ypos="56.7819" zpos="-41.7625" type="tw_guides.tw_mc_lws3.tw_mc_lws3_lakedoric_hearts.tw_mc_lws3_lakedoric_hearts_heart05" GUID="ERPl8tTbP02Op675mWhHOQ=="/>
		<POI MapID="1185" xpos="221.846" ypos="67.9955" zpos="28.8632" type="tw_guides.tw_mc_lws3.tw_mc_lws3_lakedoric_hearts.tw_mc_lws3_lakedoric_hearts_heart02" GUID="lXTU0dDNxkOcFc+A1PFcyA=="/>
		<POI MapID="1185" xpos="291.313" ypos="104.077" zpos="84.2302" type="tw_guides.tw_mc_lws3.tw_mc_lws3_lakedoric_pointsofinterest.tw_mc_lws3_lakedoric_pointsofinterest_pointsofinterest06" GUID="yVCoAa7MaU6jrwauQ4DHMQ=="/>
		<POI MapID="1185" xpos="18.0472" ypos="31.4357" zpos="285.06" type="tw_guides.tw_mc_lws3.tw_mc_lws3_lakedoric_pointsofinterest.tw_mc_lws3_lakedoric_pointsofinterest_pointsofinterest01" GUID="he8FbVqE1EuUxKGcoznapw=="/>
		<POI MapID="1185" xpos="-319.396" ypos="105.944" zpos="441.447" type="tw_guides.tw_mc_lws3.tw_mc_lws3_lakedoric_vistas.tw_mc_lws3_lakedoric_vistas_vista04" GUID="8s0I7+J2/EuPnFzjrekT+A=="/>
		<POI MapID="1185" xpos="-342.964" ypos="102.217" zpos="565.968" type="tw_guides.tw_mc_lws3.tw_mc_lws3_lakedoric_waypoints.tw_mc_lws3_lakedoric_waypoints_waypoint03" GUID="CDoqYmsAMkyUDl8TGj12rA=="/>
		<POI MapID="1185" xpos="-344.213" ypos="102.829" zpos="589.787" type="tw_guides.tw_mc_lws3.tw_mc_lws3_lakedoric_pointsofinterest.tw_mc_lws3_lakedoric_pointsofinterest_pointsofinterest13" GUID="Vys4BhFfG0e7gH16OnN24w=="/>
		<POI MapID="1185" xpos="-264.554" ypos="100.459" zpos="716.299" type="tw_guides.tw_mc_lws3.tw_mc_lws3_lakedoric_pointsofinterest.tw_mc_lws3_lakedoric_pointsofinterest_pointsofinterest14" GUID="6Bu4HCF/9ka5fyDVXc385w=="/>
		<POI MapID="1185" xpos="-177.01" ypos="102.669" zpos="633.904" type="tw_guides.tw_mc_lws3.tw_mc_lws3_lakedoric_hearts.tw_mc_lws3_lakedoric_hearts_heart04" GUID="JI6s4NBNv0mO1BflHf9FnA=="/>
		<POI MapID="1185" xpos="-167.437" ypos="93.4667" zpos="628.264" type="tw_guides.tw_mc_lws3.tw_mc_lws3_lakedoric_pointsofinterest.tw_mc_lws3_lakedoric_pointsofinterest_pointsofinterest11" GUID="58vSu/dnNU+oTrnSYotCTA=="/>
		<POI MapID="1185" xpos="63.4942" ypos="93.7811" zpos="685.994" type="tw_guides.tw_mc_lws3.tw_mc_lws3_lakedoric_pointsofinterest.tw_mc_lws3_lakedoric_pointsofinterest_pointsofinterest12" GUID="dV5kNmAI8kyRsWvCuys0sw=="/>
		<POI MapID="1185" xpos="51.5087" ypos="91.8245" zpos="689.566" type="tw_guides.tw_mc_lws3.tw_mc_lws3_lakedoric_vistas.tw_mc_lws3_lakedoric_vistas_vista08" GUID="q+rzzQwA+E6zX23cmJ4Evw=="/>
		<POI MapID="1185" xpos="73.4721" ypos="128.291" zpos="589.583" type="tw_guides.tw_mc_lws3.tw_mc_lws3_lakedoric_vistas.tw_mc_lws3_lakedoric_vistas_vista09" GUID="rw5qX9VNqESZRv/DvRJScw=="/>
		<POI MapID="1185" xpos="65.9345" ypos="108.643" zpos="422.166" type="tw_guides.tw_mc_lws3.tw_mc_lws3_lakedoric_vistas.tw_mc_lws3_lakedoric_vistas_vista03" GUID="3HnHWcS7DEizwiB8cPtEGg=="/>
		<POI MapID="1185" xpos="183.334" ypos="96.8177" zpos="392.72" type="tw_guides.tw_mc_lws3.tw_mc_lws3_lakedoric_vistas.tw_mc_lws3_lakedoric_vistas_vista01" GUID="9UW7icpcIUm2k4tI8tGT6w=="/>
		<POI MapID="1185" xpos="203.35" ypos="73.7568" zpos="531.369" type="tw_guides.tw_mc_lws3.tw_mc_lws3_lakedoric_pointsofinterest.tw_mc_lws3_lakedoric_pointsofinterest_pointsofinterest07" GUID="IlLprxKzykGZnwgV44TBlg=="/>
		<POI MapID="1185" xpos="279.799" ypos="190.423" zpos="665.933" type="tw_guides.tw_mc_lws3.tw_mc_lws3_lakedoric_pointsofinterest.tw_mc_lws3_lakedoric_pointsofinterest_pointsofinterest04" GUID="/eMFqgs9RkKHFCXhckqsgw=="/>
		<POI MapID="1185" xpos="203.624" ypos="73.8484" zpos="531.425" type="tw_guides.tw_mc_lws3.tw_mc_lws3_trails.tw_mc_lws3_trails_lakedoric.tw_mc_lws3_trails_lakedoric_finish" GUID="AlKoua6vV0GPqbu6aGolCg=="/>
		<POI MapID="1195" xpos="-388.168" ypos="2.16944" zpos="-438.188" type="tw_guides.tw_mc_lws3.tw_mc_lws3_trails.tw_mc_lws3_trails_draconismons.tw_mc_lws3_trails_draconismons_startsign" GUID="N+p0xl/aCUaOoqTnZlRZLw=="/>
		<POI MapID="1195" xpos="-378.851" ypos="3.6075" zpos="-435.858" type="tw_guides.tw_mc_lws3.tw_mc_lws3_draconismons_waypoints.tw_mc_lws3_draconismons_waypoints_waypoint03" GUID="qri+KSrBy0y94Sbj31UCXQ=="/>
		<POI MapID="1195" xpos="-364.432" ypos="3.96348" zpos="-431.997" type="tw_guides.tw_mc_lws3.tw_mc_lws3_draconismons_pointsofinterest.tw_mc_lws3_draconismons_pointsofinterest_pointsofinterest19" GUID="d8s0Am7Ww0yBAGjvPuBeOA=="/>
		<POI MapID="1195" xpos="-325.842" ypos="15.8291" zpos="-414.989" type="tw_guides.tw_mc_lws3.tw_mc_lws3_draconismons_vistas.tw_mc_lws3_draconismons_vistas_vista02" GUID="wu4ogc4iw0GjhwvvvnkTHQ=="/>
		<POI MapID="1195" xpos="-68.2809" ypos="153.342" zpos="-782.334" type="tw_guides.tw_mc_lws3.tw_mc_lws3_draconismons_pointsofinterest.tw_mc_lws3_draconismons_pointsofinterest_pointsofinterest16" GUID="Sufz8GtQe0mT0GnsepaTGg=="/>
		<POI MapID="1195" xpos="-57.1747" ypos="159.702" zpos="-725.533" type="tw_guides.tw_mc_lws3.tw_mc_lws3_draconismons_hearts.tw_mc_lws3_draconismons_hearts_heart03" GUID="NmJx56VKv0WXwxbGOKYN/w=="/>
		<POI MapID="1195" xpos="101.505" ypos="214.23" zpos="-735.904" type="tw_guides.tw_mc_lws3.tw_mc_lws3_draconismons_vistas.tw_mc_lws3_draconismons_vistas_vista04" GUID="TRj4R6mJm0yfdCbvT1oQkA=="/>
		<POI MapID="1195" xpos="18.6014" ypos="127.162" zpos="-974.866" type="tw_guides.tw_mc_lws3.tw_mc_lws3_draconismons_pointsofinterest.tw_mc_lws3_draconismons_pointsofinterest_pointsofinterest04" GUID="7Lgr+e3O2Ei8fw9FZxbGCQ=="/>
		<POI MapID="1195" xpos="156.136" ypos="176.642" zpos="-729.363" type="tw_guides.tw_mc_lws3.tw_mc_lws3_draconismons_pointsofinterest.tw_mc_lws3_draconismons_pointsofinterest_pointsofinterest20" GUID="LNx5E740+0mRK2Dy777Yzw=="/>
		<POI MapID="1195" xpos="-407.707" ypos="429.003" zpos="-580.181" type="tw_guides.tw_mc_lws3.tw_mc_lws3_draconismons_pointsofinterest.tw_mc_lws3_draconismons_pointsofinterest_pointsofinterest02" GUID="tgS5dBrmP0Svc4cxHRJrrw=="/>
		<POI MapID="1195" xpos="-66.2976" ypos="296.789" zpos="45.9501" type="tw_guides.tw_mc_lws3.tw_mc_lws3_draconismons_pointsofinterest.tw_mc_lws3_draconismons_pointsofinterest_pointsofinterest12" GUID="y4DMxFjYWU+voi2jh+e1JQ=="/>
		<POI MapID="1195" xpos="-128.673" ypos="304.275" zpos="104.043" type="tw_guides.tw_mc_lws3.tw_mc_lws3_draconismons_vistas.tw_mc_lws3_draconismons_vistas_vista04" GUID="TzK3v/OMY0G9WB08Zm8C0A=="/>
		<POI MapID="1195" xpos="-154.878" ypos="264.875" zpos="133.036" type="tw_guides.tw_mc_lws3.tw_mc_lws3_draconismons_pointsofinterest.tw_mc_lws3_draconismons_pointsofinterest_pointsofinterest07" GUID="DXi4SCDePkuuQOVr2WYAMA=="/>
		<POI MapID="1195" xpos="-29.6653" ypos="253.28" zpos="112.904" type="tw_guides.tw_mc_lws3.tw_mc_lws3_draconismons_waypoints.tw_mc_lws3_draconismons_waypoints_waypoint01" GUID="tMyIouig7kKchtiyKEC/BA=="/>
		<POI MapID="1195" xpos="550.879" ypos="249.698" zpos="-293.961" type="tw_guides.tw_mc_lws3.tw_mc_lws3_draconismons_pointsofinterest.tw_mc_lws3_draconismons_pointsofinterest_pointsofinterest13" GUID="sXOja2EO2kK3BcDoimGPoA=="/>
		<POI MapID="1195" xpos="419.79" ypos="102.286" zpos="-436.132" type="tw_guides.tw_mc_lws3.tw_mc_lws3_draconismons_pointsofinterest.tw_mc_lws3_draconismons_pointsofinterest_pointsofinterest03" GUID="pLs3652DZUq351DRbW0mvQ=="/>
		<POI MapID="1195" xpos="409.855" ypos="410.76" zpos="-310.922" type="tw_guides.tw_mc_lws3.tw_mc_lws3_draconismons_waypoints.tw_mc_lws3_draconismons_waypoints_waypoint02" GUID="bHTUO2UZCEGUd1sc5RAK5A=="/>
		<POI MapID="1195" xpos="434.137" ypos="415.264" zpos="-269.95" type="tw_guides.tw_mc_lws3.tw_mc_lws3_draconismons_hearts.tw_mc_lws3_draconismons_hearts_heart02" GUID="B4+Loq0hYEu6kOvUYof0pw=="/>
		<POI MapID="1195" xpos="286.063" ypos="497.804" zpos="57.3949" type="tw_guides.tw_mc_lws3.tw_mc_lws3_draconismons_pointsofinterest.tw_mc_lws3_draconismons_pointsofinterest_pointsofinterest09" GUID="R6n4fcFq5UCqIA9cpfMsnA=="/>
		<POI MapID="1195" xpos="159.16" ypos="511.513" zpos="7.48672" type="tw_guides.tw_mc_lws3.tw_mc_lws3_draconismons_vistas.tw_mc_lws3_draconismons_vistas_vista01" GUID="qTZnJNqhDEejXaZCv1bl7w=="/>
		<POI MapID="1195" xpos="301.162" ypos="443.651" zpos="-10.8663" type="tw_guides.tw_mc_lws3.tw_mc_lws3_draconismons_pointsofinterest.tw_mc_lws3_draconismons_pointsofinterest_pointsofinterest10" GUID="irFeJP7Iw0uWWyhPoaKipg=="/>
		<POI MapID="1195" xpos="269.38" ypos="426.628" zpos="-41.7638" type="tw_guides.tw_mc_lws3.tw_mc_lws3_draconismons_pointsofinterest.tw_mc_lws3_draconismons_pointsofinterest_pointsofinterest21" GUID="9k5Tvc4OLUSz93uJaoD3iw=="/>
		<POI MapID="1195" xpos="310.657" ypos="416.112" zpos="-79.4547" type="tw_guides.tw_mc_lws3.tw_mc_lws3_draconismons_pointsofinterest.tw_mc_lws3_draconismons_pointsofinterest_pointsofinterest14" GUID="/yyZAlhQNkiBH2PxsyY3YQ=="/>
		<POI MapID="1195" xpos="124.181" ypos="498.504" zpos="-261.561" type="tw_guides.tw_mc_lws3.tw_mc_lws3_draconismons_pointsofinterest.tw_mc_lws3_draconismons_pointsofinterest_pointsofinterest06" GUID="DNZJzjdJIUueeTptwNV/0w=="/>
		<POI MapID="1195" xpos="5.59349" ypos="538.716" zpos="-258.914" type="tw_guides.tw_mc_lws3.tw_mc_lws3_draconismons_pointsofinterest.tw_mc_lws3_draconismons_pointsofinterest_pointsofinterest17" GUID="Z9gaYwvRD0SUm1hzFACyqA=="/>
		<POI MapID="1195" xpos="-75.7301" ypos="493.163" zpos="-30.6821" type="tw_guides.tw_mc_lws3.tw_mc_lws3_draconismons_pointsofinterest.tw_mc_lws3_draconismons_pointsofinterest_pointsofinterest15" GUID="bBe3nYDq0EasJO9QDZZjIA=="/>
		<POI MapID="1195" xpos="-231.48" ypos="462.082" zpos="-90.1292" type="tw_guides.tw_mc_lws3.tw_mc_lws3_draconismons_pointsofinterest.tw_mc_lws3_draconismons_pointsofinterest_pointsofinterest11" GUID="sk1YlBZeUU+xc+8yvRUahA=="/>
		<POI MapID="1195" xpos="-331.987" ypos="451.971" zpos="-150.178" type="tw_guides.tw_mc_lws3.tw_mc_lws3_draconismons_pointsofinterest.tw_mc_lws3_draconismons_pointsofinterest_pointsofinterest08" GUID="EKxQFB3hb0q8CfInPJlGNA=="/>
		<POI MapID="1195" xpos="-314.818" ypos="438.08" zpos="-211.382" type="tw_guides.tw_mc_lws3.tw_mc_lws3_draconismons_hearts.tw_mc_lws3_draconismons_hearts_heart04" GUID="X/pMQkp7PEGSJPSqP+YbAw=="/>
		<POI MapID="1195" xpos="-429.642" ypos="455.758" zpos="-338.685" type="tw_guides.tw_mc_lws3.tw_mc_lws3_draconismons_pointsofinterest.tw_mc_lws3_draconismons_pointsofinterest_pointsofinterest01" GUID="ZDwoOAqkWUWNwU8IdzrlGA=="/>
		<POI MapID="1195" xpos="-270.62" ypos="481.9" zpos="-408.583" type="tw_guides.tw_mc_lws3.tw_mc_lws3_draconismons_vistas.tw_mc_lws3_draconismons_vistas_vista05" GUID="3t3QsCRDNUWvM5kdY9upFQ=="/>
		<POI MapID="1195" xpos="-372.335" ypos="52.444" zpos="-5.26079" type="tw_guides.tw_mc_lws3.tw_mc_lws3_draconismons_pointsofinterest.tw_mc_lws3_draconismons_pointsofinterest_pointsofinterest18" GUID="tZR4U8UoDUOwmk6RCJehFA=="/>
		<POI MapID="1195" xpos="328.567" ypos="32.6767" zpos="-185.194" type="tw_guides.tw_mc_lws3.tw_mc_lws3_draconismons_pointsofinterest.tw_mc_lws3_draconismons_pointsofinterest_pointsofinterest05" GUID="q1AHpUHyW0+7LB3w5+RezQ=="/>
		<POI MapID="1195" xpos="141.396" ypos="1.37639" zpos="-735.635" type="tw_guides.tw_mc_lws3.tw_mc_lws3_draconismons_pointsofinterest.tw_mc_lws3_draconismons_pointsofinterest_pointsofinterest22" GUID="/yOaq0ZUxUCBfr1gf6MydA=="/>
		<POI MapID="1195" xpos="141.396" ypos="1.37639" zpos="-735.635" type="tw_guides.tw_mc_lws3.tw_mc_lws3_trails.tw_mc_lws3_trails_draconismons.tw_mc_lws3_trails_draconismons_finish" GUID="quY7uw/ZPEuEkgNAHTOXJg=="/>
		<POI MapID="1195" xpos="-66.8136" ypos="254.069" zpos="110.93" type="tw_guides.tw_mc_lws3.tw_mc_lws3_draconismons_hearts.tw_mc_lws3_draconismons_hearts_heart01" GUID="CedKPwV3I0iUd5x9cUbmqw=="/>
		<POI MapID="1203" xpos="434.576" ypos="8.86186" zpos="-229.687" type="tw_guides.tw_mc_lws3.tw_mc_lws3_trails.tw_mc_lws3_trails_sirenslanding.tw_mc_lws3_trails_sirenslanding_startsign" GUID="Iwcbwv1nXUy11g3hXYkLOg=="/>
		<POI MapID="1203" xpos="438.039" ypos="8.34555" zpos="-226.893" type="tw_guides.tw_mc_lws3.tw_mc_lws3_sirenslanding_pointsofinterest.tw_mc_lws3_sirenslanding_pointsofinterest_pointsofinterest04" GUID="pVr/+WA15kmMRQyL4pw4dA=="/>
		<POI MapID="1203" xpos="443.309" ypos="7.75501" zpos="-222.529" type="tw_guides.tw_mc_lws3.tw_mc_lws3_sirenslanding_waypoints.tw_mc_lws3_sirenslanding_waypoints_waypoint01" GUID="IDurcDgjx02Tc/WHPshRIQ=="/>
		<POI MapID="1203" xpos="343.794" ypos="5.07102" zpos="-118.807" type="tw_guides.tw_mc_lws3.tw_mc_lws3_sirenslanding_pointsofinterest.tw_mc_lws3_sirenslanding_pointsofinterest_pointsofinterest05" GUID="Y4LlKR/SUku0AECXeyKGTg=="/>
		<POI MapID="1203" xpos="85.6248" ypos="97.3133" zpos="308.847" type="tw_guides.tw_mc_lws3.tw_mc_lws3_sirenslanding_pointsofinterest.tw_mc_lws3_sirenslanding_pointsofinterest_pointsofinterest10" GUID="beMD7u+oQUGtwyIzqtl4Uw=="/>
		<POI MapID="1203" xpos="-44.3821" ypos="34.3506" zpos="239.979" type="tw_guides.tw_mc_lws3.tw_mc_lws3_sirenslanding_hearts.tw_mc_lws3_sirenslanding_hearts_heart04" GUID="bJ9YzMh2yEanXp5VeHhEpw=="/>
		<POI MapID="1203" xpos="193.34" ypos="50.9934" zpos="241.534" type="tw_guides.tw_mc_lws3.tw_mc_lws3_sirenslanding_vistas.tw_mc_lws3_sirenslanding_vistas_vista02" GUID="e0Y71bitBUqzxKHFLzikLQ=="/>
		<POI MapID="1203" xpos="492.616" ypos="-0.0400411" zpos="113.17" type="tw_guides.tw_mc_lws3.tw_mc_lws3_sirenslanding_pointsofinterest.tw_mc_lws3_sirenslanding_pointsofinterest_pointsofinterest12" GUID="90/qZQCjuUOX7GIAKlgiDA=="/>
		<POI MapID="1203" xpos="731.683" ypos="-1.08499" zpos="-63.0192" type="tw_guides.tw_mc_lws3.tw_mc_lws3_sirenslanding_pointsofinterest.tw_mc_lws3_sirenslanding_pointsofinterest_pointsofinterest13" GUID="jGq1H+JkoUadwgBIScS8EQ=="/>
		<POI MapID="1203" xpos="705.578" ypos="-1.05664" zpos="-174.316" type="tw_guides.tw_mc_lws3.tw_mc_lws3_sirenslanding_pointsofinterest.tw_mc_lws3_sirenslanding_pointsofinterest_pointsofinterest16" GUID="84K85lIPfEqqjKeW7eVClQ=="/>
		<POI MapID="1203" xpos="441.418" ypos="75.3934" zpos="-293.275" type="tw_guides.tw_mc_lws3.tw_mc_lws3_sirenslanding_vistas.tw_mc_lws3_sirenslanding_vistas_vista04" GUID="mggMM1GrbU+3eZUnSAfPGA=="/>
		<POI MapID="1203" xpos="-116.927" ypos="141.229" zpos="-137.911" type="tw_guides.tw_mc_lws3.tw_mc_lws3_sirenslanding_pointsofinterest.tw_mc_lws3_sirenslanding_pointsofinterest_pointsofinterest15" GUID="3a53N6uyRkipCzA9BozPNg=="/>
		<POI MapID="1203" xpos="10.4199" ypos="90.5991" zpos="-291.92" type="tw_guides.tw_mc_lws3.tw_mc_lws3_sirenslanding_pointsofinterest.tw_mc_lws3_sirenslanding_pointsofinterest_pointsofinterest01" GUID="FCO+aJqCnkKkooTutLS24A=="/>
		<POI MapID="1203" xpos="-261.346" ypos="134.414" zpos="-212.273" type="tw_guides.tw_mc_lws3.tw_mc_lws3_sirenslanding_vistas.tw_mc_lws3_sirenslanding_vistas_vista03" GUID="ceTaVnz2yk6ckodoja9OgA=="/>
		<POI MapID="1203" xpos="-217.016" ypos="48.4288" zpos="-293.579" type="tw_guides.tw_mc_lws3.tw_mc_lws3_sirenslanding_pointsofinterest.tw_mc_lws3_sirenslanding_pointsofinterest_pointsofinterest14" GUID="w4TdJtwF7ECGnxeSOvPX8Q=="/>
		<POI MapID="1203" xpos="-3.45385" ypos="4.83717" zpos="-193.273" type="tw_guides.tw_mc_lws3.tw_mc_lws3_sirenslanding_hearts.tw_mc_lws3_sirenslanding_hearts_heart05" GUID="88NZf2uBPEuhoBC/Yp7rVg=="/>
		<POI MapID="1203" xpos="-272.96" ypos="71.3578" zpos="100.676" type="tw_guides.tw_mc_lws3.tw_mc_lws3_sirenslanding_pointsofinterest.tw_mc_lws3_sirenslanding_pointsofinterest_pointsofinterest06" GUID="XHIwCM3ZkEWIpbbYscttSA=="/>
		<POI MapID="1203" xpos="-334.113" ypos="96.1295" zpos="112.867" type="tw_guides.tw_mc_lws3.tw_mc_lws3_sirenslanding_pointsofinterest.tw_mc_lws3_sirenslanding_pointsofinterest_pointsofinterest07" GUID="lW/MTMbnn0WV1jersF8TDw=="/>
		<POI MapID="1203" xpos="-489.783" ypos="21.512" zpos="-188.583" type="tw_guides.tw_mc_lws3.tw_mc_lws3_sirenslanding_pointsofinterest.tw_mc_lws3_sirenslanding_pointsofinterest_pointsofinterest11" GUID="oG0eysvyWUO0yt4ZLBSqXg=="/>
		<POI MapID="1203" xpos="-548.755" ypos="40.6535" zpos="-270.021" type="tw_guides.tw_mc_lws3.tw_mc_lws3_sirenslanding_hearts.tw_mc_lws3_sirenslanding_hearts_heart03" GUID="a7I5wqmFUUOegvWOF7Xg2A=="/>
		<POI MapID="1203" xpos="-518.387" ypos="67.0143" zpos="-81.488" type="tw_guides.tw_mc_lws3.tw_mc_lws3_sirenslanding_pointsofinterest.tw_mc_lws3_sirenslanding_pointsofinterest_pointsofinterest08" GUID="OKaAyyK+a0mhJJFbziDyWw=="/>
		<POI MapID="1203" xpos="-646.892" ypos="128.219" zpos="43.1749" type="tw_guides.tw_mc_lws3.tw_mc_lws3_sirenslanding_pointsofinterest.tw_mc_lws3_sirenslanding_pointsofinterest_pointsofinterest09" GUID="o8lSzqkT3EWrIAiPJoHhlA=="/>
		<POI MapID="1203" xpos="-480.145" ypos="96.468" zpos="190.573" type="tw_guides.tw_mc_lws3.tw_mc_lws3_sirenslanding_pointsofinterest.tw_mc_lws3_sirenslanding_pointsofinterest_pointsofinterest03" GUID="Pwu3mvVp3EK4QXgPwx4WnA=="/>
		<POI MapID="1203" xpos="-679.029" ypos="108.751" zpos="334.607" type="tw_guides.tw_mc_lws3.tw_mc_lws3_sirenslanding_hearts.tw_mc_lws3_sirenslanding_hearts_heart01" GUID="Jqhq250d1EWIr3+kmX3qRg=="/>
		<POI MapID="1203" xpos="-760.077" ypos="88.4264" zpos="260.45" type="tw_guides.tw_mc_lws3.tw_mc_lws3_sirenslanding_pointsofinterest.tw_mc_lws3_sirenslanding_pointsofinterest_pointsofinterest02" GUID="9gAMRWcdVUyg4T3MEIPZ4Q=="/>
		<POI MapID="1203" xpos="-885.262" ypos="65.9705" zpos="-53.4389" type="tw_guides.tw_mc_lws3.tw_mc_lws3_sirenslanding_pointsofinterest.tw_mc_lws3_sirenslanding_pointsofinterest_pointsofinterest17" GUID="mtCnq8LFu06w3g49ENsxkw=="/>
		<POI MapID="1203" xpos="-796.323" ypos="1.36789" zpos="-53.9086" type="tw_guides.tw_mc_lws3.tw_mc_lws3_sirenslanding_hearts.tw_mc_lws3_sirenslanding_hearts_heart02" GUID="bgf93EyptkuQJS2tdznJfA=="/>
		<POI MapID="1203" xpos="-719.801" ypos="8.2975" zpos="-39.2424" type="tw_guides.tw_mc_lws3.tw_mc_lws3_sirenslanding_vistas.tw_mc_lws3_sirenslanding_vistas_vista01" GUID="NC0sfT8d0kyXz97kHxNZqg=="/>
		<POI MapID="1203" xpos="-719.801" ypos="8.2975" zpos="-39.2424" type="tw_guides.tw_mc_lws3.tw_mc_lws3_trails.tw_mc_lws3_trails_sirenslanding.tw_mc_lws3_trails_sirenslanding_finish" GUID="aYJh7/nRaEmpAZ5tnbST/Q=="/>
		<Trail type="tw_guides.tw_mc_lws3.tw_mc_lws3_trails.tw_mc_lws3_trails_bloodstonefen.tw_mc_lws3_trails_bloodstonefen_toggletrail" GUID="aYLw/SHDaEWtAuSUPwWxdw==" fadeNear="3500" fadeFar="3600" trailData="Data/TekkitsWorkshop/MC/tw_mc_lws3_trails_bloodstonefen_toggletrail.trl" animSpeed="0" texture="Data/TekkitsWorkshop/General/tw_trail_mc.png"/>
		<Trail type="tw_guides.tw_mc_lws3.tw_mc_lws3_trails.tw_mc_lws3_trails_emberbay.tw_mc_lws3_trails_emberbay_toggletrail" GUID="kFoLfbtgWkG+YwJA6RB5iQ==" fadeNear="3500" fadeFar="3600" trailData="Data/TekkitsWorkshop/MC/tw_mc_lws3_trails_emberbay_toggletrail.trl" animSpeed="0" texture="Data/TekkitsWorkshop/General/tw_trail_mc.png"/>
		<Trail type="tw_guides.tw_mc_lws3.tw_mc_lws3_trails.tw_mc_lws3_trails_bitterfrostfrontier.tw_mc_lws3_trails_bitterfrostfrontier_toggletrail" GUID="G16fo/0ALU2mAfLMz9uvLw==" fadeNear="3500" fadeFar="3600" trailData="Data/TekkitsWorkshop/MC/tw_mc_lws3_trails_bitterfrostfrontier_toggletrail.trl" animSpeed="0" texture="Data/TekkitsWorkshop/General/tw_trail_mc.png"/>
		<Trail type="tw_guides.tw_mc_lws3.tw_mc_lws3_trails.tw_mc_lws3_trails_lakedoric.tw_mc_lws3_trails_lakedoric_toggletrail" GUID="zzk7oEyztUykL9xf4DgkQw==" fadeNear="3500" fadeFar="3600" trailData="Data/TekkitsWorkshop/MC/tw_mc_lws3_trails_lakedoric_toggletrail.trl" animSpeed="0" texture="Data/TekkitsWorkshop/General/tw_trail_mc.png"/>
		<Trail type="tw_guides.tw_mc_lws3.tw_mc_lws3_trails.tw_mc_lws3_trails_draconismons.tw_mc_lws3_trails_draconismons_toggletrail" GUID="aPtYIn1tH0WZbqKarohcEQ==" fadeNear="3500" fadeFar="3600" trailData="Data/TekkitsWorkshop/MC/tw_mc_lws3_trails_draconismons_toggletrail.trl" animSpeed="0" texture="Data/TekkitsWorkshop/General/tw_trail_mc.png"/>
		<Trail type="tw_guides.tw_mc_lws3.tw_mc_lws3_trails.tw_mc_lws3_trails_sirenslanding.tw_mc_lws3_trails_sirenslanding_toggletrail" GUID="X0/kH+5F+0ONX+CyEiKkcw==" fadeNear="3500" fadeFar="3600" trailData="Data/TekkitsWorkshop/MC/tw_mc_lws3_trails_sirenslanding_toggletrail.trl" animSpeed="0" texture="Data/TekkitsWorkshop/General/tw_trail_mc.png"/>
	</POIs>
</OverlayData>
