<OverlayData>
<MarkerCategory name="tw_guides" DisplayName="Tekkit's Guides">
	<MarkerCategory name="tw_mc_lws5" DisplayName="Icebrood Saga">
		<MarkerCategory name="tw_mc_lws5_separator01" IsSeparator="1" DisplayName="        [ROUTES]"/>
      <MarkerCategory name="tw_mc_lws5_trails" DisplayName="Routes - For Mount">
        <MarkerCategory name="tw_mc_lws5_trails_grothmarvalley" DisplayName="Toggle Grothmar Valley">
          <MarkerCategory name="tw_mc_lws5_trails_grothmarvalley_toggletrail" DisplayName="Toggle Grothmar Valley Route"/>
          <MarkerCategory name="tw_mc_lws5_trails_grothmarvalley_startsign" DisplayName="Starting Sign" iconFile="Data/TekkitsWorkshop/MC/tw_mc_startsign.png" mapDisplaySize="100" iconSize="2" fadeNear="5000" fadeFar="5100" heightOffset="2.5"/>
				  <MarkerCategory name="tw_mc_lws5_trails_grothmarvalley_finish" DisplayName="Finish Sign" iconFile="Data/TekkitsWorkshop/General/tw_trail_finish_b.png" mapDisplaySize="100" iconSize="1.2" fadeNear="5000" fadeFar="5100" heightOffset="2.5" minSize="50"/>
        </MarkerCategory>
        <MarkerCategory name="tw_mc_lws5_trails_bjoramarches" DisplayName="Toggle Bjora Marches">
          <MarkerCategory name="tw_mc_lws5_trails_bjoramarches_toggletrail" DisplayName="Toggle Bjora Marches Route"/>
          <MarkerCategory name="tw_mc_lws5_trails_bjoramarches_startsign" DisplayName="Starting Sign" iconFile="Data/TekkitsWorkshop/MC/tw_mc_startsign.png" mapDisplaySize="100" iconSize="2" fadeNear="5000" fadeFar="5100" heightOffset="2.5"/>
				  <MarkerCategory name="tw_mc_lws5_trails_bjoramarches_finish" DisplayName="Finish Sign" iconFile="Data/TekkitsWorkshop/General/tw_trail_finish_b.png" mapDisplaySize="100" iconSize="1.2" fadeNear="5000" fadeFar="5100" heightOffset="2.5" minSize="50"/>
        </MarkerCategory>
        <MarkerCategory name="tw_mc_lws5_trails_drizzlewoodcoast" DisplayName="Toggle Drizzlewood Coast">
          <MarkerCategory name="tw_mc_lws5_trails_drizzlewoodcoast_toggletrail" DisplayName="Toggle Drizzlewood Coast Route"/>
          <MarkerCategory name="tw_mc_lws5_trails_drizzlewoodcoast_startsign" DisplayName="Starting Sign" iconFile="Data/TekkitsWorkshop/MC/tw_mc_startsign.png" mapDisplaySize="100" iconSize="2" fadeNear="5000" fadeFar="5100" heightOffset="2.5"/>
				  <MarkerCategory name="tw_mc_lws5_trails_drizzlewoodcoast_finish" DisplayName="Finish Sign" iconFile="Data/TekkitsWorkshop/General/tw_trail_finish_b.png" mapDisplaySize="100" iconSize="1.2" fadeNear="5000" fadeFar="5100" heightOffset="2.5" minSize="50"/>
        </MarkerCategory>
      </MarkerCategory>
      <MarkerCategory name="tw_mc_lws5_separator02" IsSeparator="1" DisplayName="     [GROTHMAR VALLEY]"/>
      <MarkerCategory name="tw_mc_lws5_grothmarvalley_pointsofinterest" DisplayName="Toggle Points of Interest">
        <MarkerCategory name="tw_mc_lws5_grothmarvalley_pointsofinterest_pointsofinterest01" DisplayName="All-Legion Commons" mapDisplaySize="30" iconFile="Data/TekkitsWorkshop/MC/tw_mc_pointofinterest.png" iconSize="0.5" fadeNear="3500" fadeFar="3600" heightOffset="0.5" minSize="10"/>
        <MarkerCategory name="tw_mc_lws5_grothmarvalley_pointsofinterest_pointsofinterest02" DisplayName="Ash Legion Camp" mapDisplaySize="30" iconFile="Data/TekkitsWorkshop/MC/tw_mc_pointofinterest.png" iconSize="0.5" fadeNear="3500" fadeFar="3600" heightOffset="0.5" minSize="10"/>
        <MarkerCategory name="tw_mc_lws5_grothmarvalley_pointsofinterest_pointsofinterest03" DisplayName="Aurene's Grace" mapDisplaySize="30" iconFile="Data/TekkitsWorkshop/MC/tw_mc_pointofinterest.png" iconSize="0.5" fadeNear="3500" fadeFar="3600" heightOffset="0.5" minSize="10"/>
        <MarkerCategory name="tw_mc_lws5_grothmarvalley_pointsofinterest_pointsofinterest04" DisplayName="Auris's Workshop" mapDisplaySize="30" iconFile="Data/TekkitsWorkshop/MC/tw_mc_pointofinterest.png" iconSize="0.5" fadeNear="3500" fadeFar="3600" heightOffset="0.5" minSize="10"/>
        <MarkerCategory name="tw_mc_lws5_grothmarvalley_pointsofinterest_pointsofinterest05" DisplayName="Band's Bivouac" mapDisplaySize="30" iconFile="Data/TekkitsWorkshop/MC/tw_mc_pointofinterest.png" iconSize="0.5" fadeNear="3500" fadeFar="3600" heightOffset="0.5" minSize="10"/>
        <MarkerCategory name="tw_mc_lws5_grothmarvalley_pointsofinterest_pointsofinterest06" DisplayName="Blood Dam" mapDisplaySize="30" iconFile="Data/TekkitsWorkshop/MC/tw_mc_pointofinterest.png" iconSize="0.5" fadeNear="3500" fadeFar="3600" heightOffset="0.5" minSize="10"/>
        <MarkerCategory name="tw_mc_lws5_grothmarvalley_pointsofinterest_pointsofinterest07" DisplayName="Blood Keep Main Gate" mapDisplaySize="30" iconFile="Data/TekkitsWorkshop/MC/tw_mc_pointofinterest.png" iconSize="0.5" fadeNear="3500" fadeFar="3600" heightOffset="0.5" minSize="10"/>
        <MarkerCategory name="tw_mc_lws5_grothmarvalley_pointsofinterest_pointsofinterest08" DisplayName="Blood Lagoon" mapDisplaySize="30" iconFile="Data/TekkitsWorkshop/MC/tw_mc_pointofinterest.png" iconSize="0.5" fadeNear="3500" fadeFar="3600" heightOffset="0.5" minSize="10"/>
        <MarkerCategory name="tw_mc_lws5_grothmarvalley_pointsofinterest_pointsofinterest09" DisplayName="Blood Legion Fahrar" mapDisplaySize="30" iconFile="Data/TekkitsWorkshop/MC/tw_mc_pointofinterest.png" iconSize="0.5" fadeNear="3500" fadeFar="3600" heightOffset="0.5" minSize="10"/>
        <MarkerCategory name="tw_mc_lws5_grothmarvalley_pointsofinterest_pointsofinterest10" DisplayName="Blood Stand Stage" mapDisplaySize="30" iconFile="Data/TekkitsWorkshop/MC/tw_mc_pointofinterest.png" iconSize="0.5" fadeNear="3500" fadeFar="3600" heightOffset="0.5" minSize="10"/>
        <MarkerCategory name="tw_mc_lws5_grothmarvalley_pointsofinterest_pointsofinterest11" DisplayName="Cathedral of Flames Gate" mapDisplaySize="30" iconFile="Data/TekkitsWorkshop/MC/tw_mc_pointofinterest.png" iconSize="0.5" fadeNear="3500" fadeFar="3600" heightOffset="0.5" minSize="10"/>
        <MarkerCategory name="tw_mc_lws5_grothmarvalley_pointsofinterest_pointsofinterest12" DisplayName="Contender's Colosseum" mapDisplaySize="30" iconFile="Data/TekkitsWorkshop/MC/tw_mc_pointofinterest.png" iconSize="0.5" fadeNear="3500" fadeFar="3600" heightOffset="0.5" minSize="10"/>
        <MarkerCategory name="tw_mc_lws5_grothmarvalley_pointsofinterest_pointsofinterest13" DisplayName="Doomlore Shrine" mapDisplaySize="30" iconFile="Data/TekkitsWorkshop/MC/tw_mc_pointofinterest.png" iconSize="0.5" fadeNear="3500" fadeFar="3600" heightOffset="0.5" minSize="10"/>
        <MarkerCategory name="tw_mc_lws5_grothmarvalley_pointsofinterest_pointsofinterest14" DisplayName="Eternal Cauldron" mapDisplaySize="30" iconFile="Data/TekkitsWorkshop/MC/tw_mc_pointofinterest.png" iconSize="0.5" fadeNear="3500" fadeFar="3600" heightOffset="0.5" minSize="10"/>
        <MarkerCategory name="tw_mc_lws5_grothmarvalley_pointsofinterest_pointsofinterest15" DisplayName="Fangstorm's Farmhouse" mapDisplaySize="30" iconFile="Data/TekkitsWorkshop/MC/tw_mc_pointofinterest.png" iconSize="0.5" fadeNear="3500" fadeFar="3600" heightOffset="0.5" minSize="10"/>
        <MarkerCategory name="tw_mc_lws5_grothmarvalley_pointsofinterest_pointsofinterest16" DisplayName="Great Hall" mapDisplaySize="30" iconFile="Data/TekkitsWorkshop/MC/tw_mc_pointofinterest.png" iconSize="0.5" fadeNear="3500" fadeFar="3600" heightOffset="0.5" minSize="10"/>
        <MarkerCategory name="tw_mc_lws5_grothmarvalley_pointsofinterest_pointsofinterest17" DisplayName="Imperator Ruinbringer's Office" mapDisplaySize="30" iconFile="Data/TekkitsWorkshop/MC/tw_mc_pointofinterest.png" iconSize="0.5" fadeNear="3500" fadeFar="3600" heightOffset="0.5" minSize="10"/>
        <MarkerCategory name="tw_mc_lws5_grothmarvalley_pointsofinterest_pointsofinterest18" DisplayName="Keep Kitchen" mapDisplaySize="30" iconFile="Data/TekkitsWorkshop/MC/tw_mc_pointofinterest.png" iconSize="0.5" fadeNear="3500" fadeFar="3600" heightOffset="0.5" minSize="10"/>
        <MarkerCategory name="tw_mc_lws5_grothmarvalley_pointsofinterest_pointsofinterest19" DisplayName="Priory Research Station" mapDisplaySize="30" iconFile="Data/TekkitsWorkshop/MC/tw_mc_pointofinterest.png" iconSize="0.5" fadeNear="3500" fadeFar="3600" heightOffset="0.5" minSize="10"/>
        <MarkerCategory name="tw_mc_lws5_grothmarvalley_pointsofinterest_pointsofinterest20" DisplayName="Rally Pavilion" mapDisplaySize="30" iconFile="Data/TekkitsWorkshop/MC/tw_mc_pointofinterest.png" iconSize="0.5" fadeNear="3500" fadeFar="3600" heightOffset="0.5" minSize="10"/>
        <MarkerCategory name="tw_mc_lws5_grothmarvalley_pointsofinterest_pointsofinterest21" DisplayName="Rank 'n' File Pub" mapDisplaySize="30" iconFile="Data/TekkitsWorkshop/MC/tw_mc_pointofinterest.png" iconSize="0.5" fadeNear="3500" fadeFar="3600" heightOffset="0.5" minSize="10"/>
        <MarkerCategory name="tw_mc_lws5_grothmarvalley_pointsofinterest_pointsofinterest22" DisplayName="Recon Cove" mapDisplaySize="30" iconFile="Data/TekkitsWorkshop/MC/tw_mc_pointofinterest.png" iconSize="0.5" fadeNear="3500" fadeFar="3600" heightOffset="0.5" minSize="10"/>
        <MarkerCategory name="tw_mc_lws5_grothmarvalley_pointsofinterest_pointsofinterest23" DisplayName="Santia's Forge" mapDisplaySize="30" iconFile="Data/TekkitsWorkshop/MC/tw_mc_pointofinterest.png" iconSize="0.5" fadeNear="3500" fadeFar="3600" heightOffset="0.5" minSize="10"/>
        <MarkerCategory name="tw_mc_lws5_grothmarvalley_pointsofinterest_pointsofinterest24" DisplayName="Shiver Gate" mapDisplaySize="30" iconFile="Data/TekkitsWorkshop/MC/tw_mc_pointofinterest.png" iconSize="0.5" fadeNear="3500" fadeFar="3600" heightOffset="0.5" minSize="10"/>
        <MarkerCategory name="tw_mc_lws5_grothmarvalley_pointsofinterest_pointsofinterest25" DisplayName="Sniper's Square" mapDisplaySize="30" iconFile="Data/TekkitsWorkshop/MC/tw_mc_pointofinterest.png" iconSize="0.5" fadeNear="3500" fadeFar="3600" heightOffset="0.5" minSize="10"/>
        <MarkerCategory name="tw_mc_lws5_grothmarvalley_pointsofinterest_pointsofinterest26" DisplayName="Soul's Hearth" mapDisplaySize="30" iconFile="Data/TekkitsWorkshop/MC/tw_mc_pointofinterest.png" iconSize="0.5" fadeNear="3500" fadeFar="3600" heightOffset="0.5" minSize="10"/>
        <MarkerCategory name="tw_mc_lws5_grothmarvalley_pointsofinterest_pointsofinterest27" DisplayName="Stockade" mapDisplaySize="30" iconFile="Data/TekkitsWorkshop/MC/tw_mc_pointofinterest.png" iconSize="0.5" fadeNear="3500" fadeFar="3600" heightOffset="0.5" minSize="10"/>
        <MarkerCategory name="tw_mc_lws5_grothmarvalley_pointsofinterest_pointsofinterest28" DisplayName="Unity's Beacon" mapDisplaySize="30" iconFile="Data/TekkitsWorkshop/MC/tw_mc_pointofinterest.png" iconSize="0.5" fadeNear="3500" fadeFar="3600" heightOffset="0.5" minSize="10"/>
        <MarkerCategory name="tw_mc_lws5_grothmarvalley_pointsofinterest_pointsofinterest29" DisplayName="Vault of the Khan-Ur" mapDisplaySize="30" iconFile="Data/TekkitsWorkshop/MC/tw_mc_pointofinterest.png" iconSize="0.5" fadeNear="3500" fadeFar="3600" heightOffset="0.5" minSize="10"/>
        <MarkerCategory name="tw_mc_lws5_grothmarvalley_pointsofinterest_pointsofinterest30" DisplayName="War Room" mapDisplaySize="30" iconFile="Data/TekkitsWorkshop/MC/tw_mc_pointofinterest.png" iconSize="0.5" fadeNear="3500" fadeFar="3600" heightOffset="0.5" minSize="10"/>
        <MarkerCategory name="tw_mc_lws5_grothmarvalley_pointsofinterest_pointsofinterest31" DisplayName="Warden's Office" mapDisplaySize="30" iconFile="Data/TekkitsWorkshop/MC/tw_mc_pointofinterest.png" iconSize="0.5" fadeNear="3500" fadeFar="3600" heightOffset="0.5" minSize="10"/>
      </MarkerCategory>
      <MarkerCategory name="tw_mc_lws5_grothmarvalley_vistas" DisplayName="Toggle Vistas">
        <MarkerCategory name="tw_mc_lws5_grothmarvalley_vistas_vista01" DisplayName="Burning Effigy Vista" mapDisplaySize="30" iconFile="Data/TekkitsWorkshop/MC/tw_mc_vista.png" iconSize="0.5" fadeNear="3500" fadeFar="3600" heightOffset="0.5" minSize="10"/>
        <MarkerCategory name="tw_mc_lws5_grothmarvalley_vistas_vista02" DisplayName="Doomlore Ruins Vista" mapDisplaySize="30" iconFile="Data/TekkitsWorkshop/MC/tw_mc_vista.png" iconSize="0.5" fadeNear="3500" fadeFar="3600" heightOffset="0.5" minSize="10"/>
        <MarkerCategory name="tw_mc_lws5_grothmarvalley_vistas_vista03" DisplayName="Flame Legion Camp Vista" mapDisplaySize="30" iconFile="Data/TekkitsWorkshop/MC/tw_mc_vista.png" iconSize="0.5" fadeNear="3500" fadeFar="3600" heightOffset="0.5" minSize="10"/>
        <MarkerCategory name="tw_mc_lws5_grothmarvalley_vistas_vista04" DisplayName="Iron Legion Camp Vista" mapDisplaySize="30" iconFile="Data/TekkitsWorkshop/MC/tw_mc_vista.png" iconSize="0.5" fadeNear="3500" fadeFar="3600" heightOffset="0.5" minSize="10"/>
        <MarkerCategory name="tw_mc_lws5_grothmarvalley_vistas_vista05" DisplayName="Khan-Ur's Gauntlet Vista" mapDisplaySize="30" iconFile="Data/TekkitsWorkshop/MC/tw_mc_vista.png" iconSize="0.5" fadeNear="3500" fadeFar="3600" heightOffset="0.5" minSize="10"/>
        <MarkerCategory name="tw_mc_lws5_grothmarvalley_vistas_vista06" DisplayName="Lower Blood Keep Vista" mapDisplaySize="30" iconFile="Data/TekkitsWorkshop/MC/tw_mc_vista.png" iconSize="0.5" fadeNear="3500" fadeFar="3600" heightOffset="0.5" minSize="10"/>
        <MarkerCategory name="tw_mc_lws5_grothmarvalley_vistas_vista07" DisplayName="Rusty Meadows Vista" mapDisplaySize="30" iconFile="Data/TekkitsWorkshop/MC/tw_mc_vista.png" iconSize="0.5" fadeNear="3500" fadeFar="3600" heightOffset="0.5" minSize="10"/>
        <MarkerCategory name="tw_mc_lws5_grothmarvalley_vistas_vista08" DisplayName="Sacnoth Stream Vista" mapDisplaySize="30" iconFile="Data/TekkitsWorkshop/MC/tw_mc_vista.png" iconSize="0.5" fadeNear="3500" fadeFar="3600" heightOffset="0.5" minSize="10"/>
        <MarkerCategory name="tw_mc_lws5_grothmarvalley_vistas_vista09" DisplayName="The Ooze Pit Vista" mapDisplaySize="30" iconFile="Data/TekkitsWorkshop/MC/tw_mc_vista.png" iconSize="0.5" fadeNear="3500" fadeFar="3600" heightOffset="0.5" minSize="10"/>
        <MarkerCategory name="tw_mc_lws5_grothmarvalley_vistas_vista10" DisplayName="The Overlook Vista" mapDisplaySize="30" iconFile="Data/TekkitsWorkshop/MC/tw_mc_vista.png" iconSize="0.5" fadeNear="3500" fadeFar="3600" heightOffset="0.5" minSize="10"/>
      </MarkerCategory>
      <MarkerCategory name="tw_mc_lws5_grothmarvalley_waypoints" DisplayName="Toggle Waypoints">
        <MarkerCategory name="tw_mc_lws5_grothmarvalley_waypoints_waypoint01" DisplayName="Blood Keep Waypoint" mapDisplaySize="30" iconFile="Data/TekkitsWorkshop/MC/tw_mc_waypoint.png" iconSize="0.5" fadeNear="3500" fadeFar="3600" heightOffset="0.5" minSize="10"/>
        <MarkerCategory name="tw_mc_lws5_grothmarvalley_waypoints_waypoint02" DisplayName="Dalada Forest Waypoint" mapDisplaySize="30" iconFile="Data/TekkitsWorkshop/MC/tw_mc_waypoint.png" iconSize="0.5" fadeNear="3500" fadeFar="3600" heightOffset="0.5" minSize="10"/>
        <MarkerCategory name="tw_mc_lws5_grothmarvalley_waypoints_waypoint03" DisplayName="Wardowns Waypoint" mapDisplaySize="30" iconFile="Data/TekkitsWorkshop/MC/tw_mc_waypoint.png" iconSize="0.5" fadeNear="3500" fadeFar="3600" heightOffset="0.5" minSize="10"/>
      </MarkerCategory>
      <MarkerCategory name="tw_mc_lws5_separator03" IsSeparator="1" DisplayName="     [BJORA MARCHES]"/>
      <MarkerCategory name="tw_mc_lws5_bjoramarches_pointsofinterest" DisplayName="Toggle Points of Interest">
        <MarkerCategory name="tw_mc_lws5_bjoramarches_pointsofinterest_pointsofinterest01" DisplayName="Aberrant Den" mapDisplaySize="30" iconFile="Data/TekkitsWorkshop/MC/tw_mc_pointofinterest.png" iconSize="0.5" fadeNear="3500" fadeFar="3600" heightOffset="0.5" minSize="10"/>
        <MarkerCategory name="tw_mc_lws5_bjoramarches_pointsofinterest_pointsofinterest02" DisplayName="Bear Shrine" mapDisplaySize="30" iconFile="Data/TekkitsWorkshop/MC/tw_mc_pointofinterest.png" iconSize="0.5" fadeNear="3500" fadeFar="3600" heightOffset="0.5" minSize="10"/>
        <MarkerCategory name="tw_mc_lws5_bjoramarches_pointsofinterest_pointsofinterest03" DisplayName="Boneskinner Den" mapDisplaySize="30" iconFile="Data/TekkitsWorkshop/MC/tw_mc_pointofinterest.png" iconSize="0.5" fadeNear="3500" fadeFar="3600" heightOffset="0.5" minSize="10"/>
        <MarkerCategory name="tw_mc_lws5_bjoramarches_pointsofinterest_pointsofinterest04" DisplayName="Claw's Perch" mapDisplaySize="30" iconFile="Data/TekkitsWorkshop/MC/tw_mc_pointofinterest.png" iconSize="0.5" fadeNear="3500" fadeFar="3600" heightOffset="0.5" minSize="10"/>
        <MarkerCategory name="tw_mc_lws5_bjoramarches_pointsofinterest_pointsofinterest05" DisplayName="Darkrime Ruins" mapDisplaySize="30" iconFile="Data/TekkitsWorkshop/MC/tw_mc_pointofinterest.png" iconSize="0.5" fadeNear="3500" fadeFar="3600" heightOffset="0.5" minSize="10"/>
        <MarkerCategory name="tw_mc_lws5_bjoramarches_pointsofinterest_pointsofinterest06" DisplayName="Gates of Svanir" mapDisplaySize="30" iconFile="Data/TekkitsWorkshop/MC/tw_mc_pointofinterest.png" iconSize="0.5" fadeNear="3500" fadeFar="3600" heightOffset="0.5" minSize="10"/>
        <MarkerCategory name="tw_mc_lws5_bjoramarches_pointsofinterest_pointsofinterest07" DisplayName="General's Quarters" mapDisplaySize="30" iconFile="Data/TekkitsWorkshop/MC/tw_mc_pointofinterest.png" iconSize="0.5" fadeNear="3500" fadeFar="3600" heightOffset="0.5" minSize="10"/>
        <MarkerCategory name="tw_mc_lws5_bjoramarches_pointsofinterest_pointsofinterest08" DisplayName="Northeast Svanir Camp" mapDisplaySize="30" iconFile="Data/TekkitsWorkshop/MC/tw_mc_pointofinterest.png" iconSize="0.5" fadeNear="3500" fadeFar="3600" heightOffset="0.5" minSize="10"/>
        <MarkerCategory name="tw_mc_lws5_bjoramarches_pointsofinterest_pointsofinterest09" DisplayName="Northwest Svanir Camp" mapDisplaySize="30" iconFile="Data/TekkitsWorkshop/MC/tw_mc_pointofinterest.png" iconSize="0.5" fadeNear="3500" fadeFar="3600" heightOffset="0.5" minSize="10"/>
        <MarkerCategory name="tw_mc_lws5_bjoramarches_pointsofinterest_pointsofinterest10" DisplayName="Raven Pass" mapDisplaySize="30" iconFile="Data/TekkitsWorkshop/MC/tw_mc_pointofinterest.png" iconSize="0.5" fadeNear="3500" fadeFar="3600" heightOffset="0.5" minSize="10"/>
        <MarkerCategory name="tw_mc_lws5_bjoramarches_pointsofinterest_pointsofinterest11" DisplayName="Raven's Gate" mapDisplaySize="30" iconFile="Data/TekkitsWorkshop/MC/tw_mc_pointofinterest.png" iconSize="0.5" fadeNear="3500" fadeFar="3600" heightOffset="0.5" minSize="10"/>
        <MarkerCategory name="tw_mc_lws5_bjoramarches_pointsofinterest_pointsofinterest12" DisplayName="Ruined Hut" mapDisplaySize="30" iconFile="Data/TekkitsWorkshop/MC/tw_mc_pointofinterest.png" iconSize="0.5" fadeNear="3500" fadeFar="3600" heightOffset="0.5" minSize="10"/>
        <MarkerCategory name="tw_mc_lws5_bjoramarches_pointsofinterest_pointsofinterest13" DisplayName="Southeast Svanir Camp" mapDisplaySize="30" iconFile="Data/TekkitsWorkshop/MC/tw_mc_pointofinterest.png" iconSize="0.5" fadeNear="3500" fadeFar="3600" heightOffset="0.5" minSize="10"/>
        <MarkerCategory name="tw_mc_lws5_bjoramarches_pointsofinterest_pointsofinterest14" DisplayName="Southwest Svanir Camp" mapDisplaySize="30" iconFile="Data/TekkitsWorkshop/MC/tw_mc_pointofinterest.png" iconSize="0.5" fadeNear="3500" fadeFar="3600" heightOffset="0.5" minSize="10"/>
        <MarkerCategory name="tw_mc_lws5_bjoramarches_pointsofinterest_pointsofinterest15" DisplayName="Vigil Gate" mapDisplaySize="30" iconFile="Data/TekkitsWorkshop/MC/tw_mc_pointofinterest.png" iconSize="0.5" fadeNear="3500" fadeFar="3600" heightOffset="0.5" minSize="10"/>
        <MarkerCategory name="tw_mc_lws5_bjoramarches_pointsofinterest_pointsofinterest16" DisplayName="Cavern of Lost Sons" mapDisplaySize="30" iconFile="Data/TekkitsWorkshop/MC/tw_mc_pointofinterest.png" iconSize="0.5" fadeNear="3500" fadeFar="3600" heightOffset="0.5" minSize="10"/>
        <MarkerCategory name="tw_mc_lws5_bjoramarches_pointsofinterest_pointsofinterest17" DisplayName="Den of Whispers" mapDisplaySize="30" iconFile="Data/TekkitsWorkshop/MC/tw_mc_pointofinterest.png" iconSize="0.5" fadeNear="3500" fadeFar="3600" heightOffset="0.5" minSize="10"/>
        <MarkerCategory name="tw_mc_lws5_bjoramarches_pointsofinterest_pointsofinterest18" DisplayName="Koda's Tear" mapDisplaySize="30" iconFile="Data/TekkitsWorkshop/MC/tw_mc_pointofinterest.png" iconSize="0.5" fadeNear="3500" fadeFar="3600" heightOffset="0.5" minSize="10"/>
        <MarkerCategory name="tw_mc_lws5_bjoramarches_pointsofinterest_pointsofinterest19" DisplayName="Kodan Shipwreck" mapDisplaySize="30" iconFile="Data/TekkitsWorkshop/MC/tw_mc_pointofinterest.png" iconSize="0.5" fadeNear="3500" fadeFar="3600" heightOffset="0.5" minSize="10"/>
        <MarkerCategory name="tw_mc_lws5_bjoramarches_pointsofinterest_pointsofinterest20" DisplayName="Kodan's Leap" mapDisplaySize="30" iconFile="Data/TekkitsWorkshop/MC/tw_mc_pointofinterest.png" iconSize="0.5" fadeNear="3500" fadeFar="3600" heightOffset="0.5" minSize="10"/>
        <MarkerCategory name="tw_mc_lws5_bjoramarches_pointsofinterest_pointsofinterest21" DisplayName="Mystery of the Hidden Tower" mapDisplaySize="30" iconFile="Data/TekkitsWorkshop/MC/tw_mc_pointofinterest.png" iconSize="0.5" fadeNear="3500" fadeFar="3600" heightOffset="0.5" minSize="10"/>
        <MarkerCategory name="tw_mc_lws5_bjoramarches_pointsofinterest_pointsofinterest29" DisplayName="Mystery of the Labyrinth" mapDisplaySize="30" iconFile="Data/TekkitsWorkshop/MC/tw_mc_pointofinterest.png" iconSize="0.5" fadeNear="3500" fadeFar="3600" heightOffset="0.5" minSize="10"/>
        <MarkerCategory name="tw_mc_lws5_bjoramarches_pointsofinterest_pointsofinterest22" DisplayName="Mystery of the Raven Gate Ruins" mapDisplaySize="30" iconFile="Data/TekkitsWorkshop/MC/tw_mc_pointofinterest.png" iconSize="0.5" fadeNear="3500" fadeFar="3600" heightOffset="0.5" minSize="10"/>
        <MarkerCategory name="tw_mc_lws5_bjoramarches_pointsofinterest_pointsofinterest23" DisplayName="Shrine of the Resilient Ox" mapDisplaySize="30" iconFile="Data/TekkitsWorkshop/MC/tw_mc_pointofinterest.png" iconSize="0.5" fadeNear="3500" fadeFar="3600" heightOffset="0.5" minSize="10"/>
        <MarkerCategory name="tw_mc_lws5_bjoramarches_pointsofinterest_pointsofinterest24" DisplayName="Shrine of the Valorous Wolverine" mapDisplaySize="30" iconFile="Data/TekkitsWorkshop/MC/tw_mc_pointofinterest.png" iconSize="0.5" fadeNear="3500" fadeFar="3600" heightOffset="0.5" minSize="10"/>
        <MarkerCategory name="tw_mc_lws5_bjoramarches_pointsofinterest_pointsofinterest25" DisplayName="Shrine of the Vigilant Eagle" mapDisplaySize="30" iconFile="Data/TekkitsWorkshop/MC/tw_mc_pointofinterest.png" iconSize="0.5" fadeNear="3500" fadeFar="3600" heightOffset="0.5" minSize="10"/>
        <MarkerCategory name="tw_mc_lws5_bjoramarches_pointsofinterest_pointsofinterest26" DisplayName="Sifhalla Ruins" mapDisplaySize="30" iconFile="Data/TekkitsWorkshop/MC/tw_mc_pointofinterest.png" iconSize="0.5" fadeNear="3500" fadeFar="3600" heightOffset="0.5" minSize="10"/>
        <MarkerCategory name="tw_mc_lws5_bjoramarches_pointsofinterest_pointsofinterest27" DisplayName="Still Waters Speaking" mapDisplaySize="30" iconFile="Data/TekkitsWorkshop/MC/tw_mc_pointofinterest.png" iconSize="0.5" fadeNear="3500" fadeFar="3600" heightOffset="0.5" minSize="10"/>
        <MarkerCategory name="tw_mc_lws5_bjoramarches_pointsofinterest_pointsofinterest28" DisplayName="Whisperwind Grotto" mapDisplaySize="30" iconFile="Data/TekkitsWorkshop/MC/tw_mc_pointofinterest.png" iconSize="0.5" fadeNear="3500" fadeFar="3600" heightOffset="0.5" minSize="10"/>
      </MarkerCategory>
      <MarkerCategory name="tw_mc_lws5_bjoramarches_vistas" DisplayName="Toggle Vistas">
        <MarkerCategory name="tw_mc_lws5_bjoramarches_vistas_vista01" DisplayName="Asgeir's Legacy Vista" mapDisplaySize="30" iconFile="Data/TekkitsWorkshop/MC/tw_mc_vista.png" iconSize="0.5" fadeNear="3500" fadeFar="3600" heightOffset="0.5" minSize="10"/>
        <MarkerCategory name="tw_mc_lws5_bjoramarches_vistas_vista02" DisplayName="Fallen Mountains Vista" mapDisplaySize="30" iconFile="Data/TekkitsWorkshop/MC/tw_mc_vista.png" iconSize="0.5" fadeNear="3500" fadeFar="3600" heightOffset="0.5" minSize="10"/>
        <MarkerCategory name="tw_mc_lws5_bjoramarches_vistas_vista03" DisplayName="Fallen Ruins Vista" mapDisplaySize="30" iconFile="Data/TekkitsWorkshop/MC/tw_mc_vista.png" iconSize="0.5" fadeNear="3500" fadeFar="3600" heightOffset="0.5" minSize="10"/>
        <MarkerCategory name="tw_mc_lws5_bjoramarches_vistas_vista04" DisplayName="Southern Mountains Vista" mapDisplaySize="30" iconFile="Data/TekkitsWorkshop/MC/tw_mc_vista.png" iconSize="0.5" fadeNear="3500" fadeFar="3600" heightOffset="0.5" minSize="10"/>
        <MarkerCategory name="tw_mc_lws5_bjoramarches_vistas_vista05" DisplayName="Eaglewatch Rise Vista" mapDisplaySize="30" iconFile="Data/TekkitsWorkshop/MC/tw_mc_vista.png" iconSize="0.5" fadeNear="3500" fadeFar="3600" heightOffset="0.5" minSize="10"/>
        <MarkerCategory name="tw_mc_lws5_bjoramarches_vistas_vista06" DisplayName="Frostborn Cascades Vista" mapDisplaySize="30" iconFile="Data/TekkitsWorkshop/MC/tw_mc_vista.png" iconSize="0.5" fadeNear="3500" fadeFar="3600" heightOffset="0.5" minSize="10"/>
        <MarkerCategory name="tw_mc_lws5_bjoramarches_vistas_vista07" DisplayName="Ice Spire Peaks Vista" mapDisplaySize="30" iconFile="Data/TekkitsWorkshop/MC/tw_mc_vista.png" iconSize="0.5" fadeNear="3500" fadeFar="3600" heightOffset="0.5" minSize="10"/>
        <MarkerCategory name="tw_mc_lws5_bjoramarches_vistas_vista08" DisplayName="Spirits' Refuge Vista" mapDisplaySize="30" iconFile="Data/TekkitsWorkshop/MC/tw_mc_vista.png" iconSize="0.5" fadeNear="3500" fadeFar="3600" heightOffset="0.5" minSize="10"/>
      </MarkerCategory>
      <MarkerCategory name="tw_mc_lws5_bjoramarches_waypoints" DisplayName="Toggle Waypoints">
        <MarkerCategory name="tw_mc_lws5_bjoramarches_waypoints_waypoint01" DisplayName="Jora's Keep Waypoint" mapDisplaySize="30" iconFile="Data/TekkitsWorkshop/MC/tw_mc_waypoint.png" iconSize="0.5" fadeNear="3500" fadeFar="3600" heightOffset="0.5" minSize="10"/>
        <MarkerCategory name="tw_mc_lws5_bjoramarches_waypoints_waypoint02" DisplayName="Stills Water Speaking Waypoint" mapDisplaySize="30" iconFile="Data/TekkitsWorkshop/MC/tw_mc_waypoint.png" iconSize="0.5" fadeNear="3500" fadeFar="3600" heightOffset="0.5" minSize="10"/>
      </MarkerCategory>
      <MarkerCategory name="tw_mc_lws5_separator04" IsSeparator="1" DisplayName="     [DRIZZLEWOOD COAST]"/>
      <MarkerCategory name="tw_mc_lws5_drizzlewoodcoast_pointsofinterest" DisplayName="Toggle Points of Interest">
        <MarkerCategory name="tw_mc_lws5_drizzlewoodcoast_pointsofinterest_pointsofinterest23" DisplayName="Archstone Dominion Camp" mapDisplaySize="30" iconFile="Data/TekkitsWorkshop/MC/tw_mc_pointofinterest.png" iconSize="0.5" fadeNear="3500" fadeFar="3600" heightOffset="0.5" minSize="10"/>
        <MarkerCategory name="tw_mc_lws5_drizzlewoodcoast_pointsofinterest_pointsofinterest24" DisplayName="Canopy Overlook" mapDisplaySize="30" iconFile="Data/TekkitsWorkshop/MC/tw_mc_pointofinterest.png" iconSize="0.5" fadeNear="3500" fadeFar="3600" heightOffset="0.5" minSize="10"/>
        <MarkerCategory name="tw_mc_lws5_drizzlewoodcoast_pointsofinterest_pointsofinterest25" DisplayName="Cavern Entryway" mapDisplaySize="30" iconFile="Data/TekkitsWorkshop/MC/tw_mc_pointofinterest.png" iconSize="0.5" fadeNear="3500" fadeFar="3600" heightOffset="0.5" minSize="10"/>
        <MarkerCategory name="tw_mc_lws5_drizzlewoodcoast_pointsofinterest_pointsofinterest01" DisplayName="Dwayna's Light" mapDisplaySize="30" iconFile="Data/TekkitsWorkshop/MC/tw_mc_pointofinterest.png" iconSize="0.5" fadeNear="3500" fadeFar="3600" heightOffset="0.5" minSize="10"/>
        <MarkerCategory name="tw_mc_lws5_drizzlewoodcoast_pointsofinterest_pointsofinterest02" DisplayName="Evergreen Pond" mapDisplaySize="30" iconFile="Data/TekkitsWorkshop/MC/tw_mc_pointofinterest.png" iconSize="0.5" fadeNear="3500" fadeFar="3600" heightOffset="0.5" minSize="10"/>
        <MarkerCategory name="tw_mc_lws5_drizzlewoodcoast_pointsofinterest_pointsofinterest26" DisplayName="Frostvein Dominion Camp" mapDisplaySize="30" iconFile="Data/TekkitsWorkshop/MC/tw_mc_pointofinterest.png" iconSize="0.5" fadeNear="3500" fadeFar="3600" heightOffset="0.5" minSize="10"/>
        <MarkerCategory name="tw_mc_lws5_drizzlewoodcoast_pointsofinterest_pointsofinterest03" DisplayName="Greattree Hamlet" mapDisplaySize="30" iconFile="Data/TekkitsWorkshop/MC/tw_mc_pointofinterest.png" iconSize="0.5" fadeNear="3500" fadeFar="3600" heightOffset="0.5" minSize="10"/>
        <MarkerCategory name="tw_mc_lws5_drizzlewoodcoast_pointsofinterest_pointsofinterest04" DisplayName="Griefshadow Falls" mapDisplaySize="30" iconFile="Data/TekkitsWorkshop/MC/tw_mc_pointofinterest.png" iconSize="0.5" fadeNear="3500" fadeFar="3600" heightOffset="0.5" minSize="10"/>
        <MarkerCategory name="tw_mc_lws5_drizzlewoodcoast_pointsofinterest_pointsofinterest05" DisplayName="Griffon's Pillar" mapDisplaySize="30" iconFile="Data/TekkitsWorkshop/MC/tw_mc_pointofinterest.png" iconSize="0.5" fadeNear="3500" fadeFar="3600" heightOffset="0.5" minSize="10"/>
        <MarkerCategory name="tw_mc_lws5_drizzlewoodcoast_pointsofinterest_pointsofinterest27" DisplayName="Hack Strawfang" mapDisplaySize="30" iconFile="Data/TekkitsWorkshop/MC/tw_mc_pointofinterest.png" iconSize="0.5" fadeNear="3500" fadeFar="3600" heightOffset="0.5" minSize="10"/>
        <MarkerCategory name="tw_mc_lws5_drizzlewoodcoast_pointsofinterest_pointsofinterest28" DisplayName="Ice Dragon's Gate" mapDisplaySize="30" iconFile="Data/TekkitsWorkshop/MC/tw_mc_pointofinterest.png" iconSize="0.5" fadeNear="3500" fadeFar="3600" heightOffset="0.5" minSize="10"/>
        <MarkerCategory name="tw_mc_lws5_drizzlewoodcoast_pointsofinterest_pointsofinterest29" DisplayName="Iceblood Channel" mapDisplaySize="30" iconFile="Data/TekkitsWorkshop/MC/tw_mc_pointofinterest.png" iconSize="0.5" fadeNear="3500" fadeFar="3600" heightOffset="0.5" minSize="10"/>
        <MarkerCategory name="tw_mc_lws5_drizzlewoodcoast_pointsofinterest_pointsofinterest06" DisplayName="Iceshard Trail" mapDisplaySize="30" iconFile="Data/TekkitsWorkshop/MC/tw_mc_pointofinterest.png" iconSize="0.5" fadeNear="3500" fadeFar="3600" heightOffset="0.5" minSize="10"/>
        <MarkerCategory name="tw_mc_lws5_drizzlewoodcoast_pointsofinterest_pointsofinterest30" DisplayName="Iron Lookout" mapDisplaySize="30" iconFile="Data/TekkitsWorkshop/MC/tw_mc_pointofinterest.png" iconSize="0.5" fadeNear="3500" fadeFar="3600" heightOffset="0.5" minSize="10"/>
        <MarkerCategory name="tw_mc_lws5_drizzlewoodcoast_pointsofinterest_pointsofinterest07" DisplayName="Leadfoot Village" mapDisplaySize="30" iconFile="Data/TekkitsWorkshop/MC/tw_mc_pointofinterest.png" iconSize="0.5" fadeNear="3500" fadeFar="3600" heightOffset="0.5" minSize="10"/>
        <MarkerCategory name="tw_mc_lws5_drizzlewoodcoast_pointsofinterest_pointsofinterest08" DisplayName="Mistgate Graveyard" mapDisplaySize="30" iconFile="Data/TekkitsWorkshop/MC/tw_mc_pointofinterest.png" iconSize="0.5" fadeNear="3500" fadeFar="3600" heightOffset="0.5" minSize="10"/>
        <MarkerCategory name="tw_mc_lws5_drizzlewoodcoast_pointsofinterest_pointsofinterest09" DisplayName="Olafson Farmstead" mapDisplaySize="30" iconFile="Data/TekkitsWorkshop/MC/tw_mc_pointofinterest.png" iconSize="0.5" fadeNear="3500" fadeFar="3600" heightOffset="0.5" minSize="10"/>
        <MarkerCategory name="tw_mc_lws5_drizzlewoodcoast_pointsofinterest_pointsofinterest10" DisplayName="Pavillion of the Legions" mapDisplaySize="30" iconFile="Data/TekkitsWorkshop/MC/tw_mc_pointofinterest.png" iconSize="0.5" fadeNear="3500" fadeFar="3600" heightOffset="0.5" minSize="10"/>
        <MarkerCategory name="tw_mc_lws5_drizzlewoodcoast_pointsofinterest_pointsofinterest11" DisplayName="Petraj Commons" mapDisplaySize="30" iconFile="Data/TekkitsWorkshop/MC/tw_mc_pointofinterest.png" iconSize="0.5" fadeNear="3500" fadeFar="3600" heightOffset="0.5" minSize="10"/>
        <MarkerCategory name="tw_mc_lws5_drizzlewoodcoast_pointsofinterest_pointsofinterest12" DisplayName="Petraj's Rest" mapDisplaySize="30" iconFile="Data/TekkitsWorkshop/MC/tw_mc_pointofinterest.png" iconSize="0.5" fadeNear="3500" fadeFar="3600" heightOffset="0.5" minSize="10"/>
        <MarkerCategory name="tw_mc_lws5_drizzlewoodcoast_pointsofinterest_pointsofinterest13" DisplayName="Port Cascadia" mapDisplaySize="30" iconFile="Data/TekkitsWorkshop/MC/tw_mc_pointofinterest.png" iconSize="0.5" fadeNear="3500" fadeFar="3600" heightOffset="0.5" minSize="10"/>
        <MarkerCategory name="tw_mc_lws5_drizzlewoodcoast_pointsofinterest_pointsofinterest14" DisplayName="Redsand Strand" mapDisplaySize="30" iconFile="Data/TekkitsWorkshop/MC/tw_mc_pointofinterest.png" iconSize="0.5" fadeNear="3500" fadeFar="3600" heightOffset="0.5" minSize="10"/>
        <MarkerCategory name="tw_mc_lws5_drizzlewoodcoast_pointsofinterest_pointsofinterest31" DisplayName="Sanctum of the Wild" mapDisplaySize="30" iconFile="Data/TekkitsWorkshop/MC/tw_mc_pointofinterest.png" iconSize="0.5" fadeNear="3500" fadeFar="3600" heightOffset="0.5" minSize="10"/>
        <MarkerCategory name="tw_mc_lws5_drizzlewoodcoast_pointsofinterest_pointsofinterest32" DisplayName="Shoreline Dominion Camp" mapDisplaySize="30" iconFile="Data/TekkitsWorkshop/MC/tw_mc_pointofinterest.png" iconSize="0.5" fadeNear="3500" fadeFar="3600" heightOffset="0.5" minSize="10"/>
        <MarkerCategory name="tw_mc_lws5_drizzlewoodcoast_pointsofinterest_pointsofinterest33" DisplayName="Sniper's Slope" mapDisplaySize="30" iconFile="Data/TekkitsWorkshop/MC/tw_mc_pointofinterest.png" iconSize="0.5" fadeNear="3500" fadeFar="3600" heightOffset="0.5" minSize="10"/>
        <MarkerCategory name="tw_mc_lws5_drizzlewoodcoast_pointsofinterest_pointsofinterest34" DisplayName="Stone Archways" mapDisplaySize="30" iconFile="Data/TekkitsWorkshop/MC/tw_mc_pointofinterest.png" iconSize="0.5" fadeNear="3500" fadeFar="3600" heightOffset="0.5" minSize="10"/>
        <MarkerCategory name="tw_mc_lws5_drizzlewoodcoast_pointsofinterest_pointsofinterest15" DisplayName="Stone Root" mapDisplaySize="30" iconFile="Data/TekkitsWorkshop/MC/tw_mc_pointofinterest.png" iconSize="0.5" fadeNear="3500" fadeFar="3600" heightOffset="0.5" minSize="10"/>
        <MarkerCategory name="tw_mc_lws5_drizzlewoodcoast_pointsofinterest_pointsofinterest16" DisplayName="Submerged Scrapyard" mapDisplaySize="30" iconFile="Data/TekkitsWorkshop/MC/tw_mc_pointofinterest.png" iconSize="0.5" fadeNear="3500" fadeFar="3600" heightOffset="0.5" minSize="10"/>
        <MarkerCategory name="tw_mc_lws5_drizzlewoodcoast_pointsofinterest_pointsofinterest35" DisplayName="The Spire" mapDisplaySize="30" iconFile="Data/TekkitsWorkshop/MC/tw_mc_pointofinterest.png" iconSize="0.5" fadeNear="3500" fadeFar="3600" heightOffset="0.5" minSize="10"/>
        <MarkerCategory name="tw_mc_lws5_drizzlewoodcoast_pointsofinterest_pointsofinterest36" DisplayName="Thermal Vent" mapDisplaySize="30" iconFile="Data/TekkitsWorkshop/MC/tw_mc_pointofinterest.png" iconSize="0.5" fadeNear="3500" fadeFar="3600" heightOffset="0.5" minSize="10"/>
        <MarkerCategory name="tw_mc_lws5_drizzlewoodcoast_pointsofinterest_pointsofinterest17" DisplayName="Troop Quarters" mapDisplaySize="30" iconFile="Data/TekkitsWorkshop/MC/tw_mc_pointofinterest.png" iconSize="0.5" fadeNear="3500" fadeFar="3600" heightOffset="0.5" minSize="10"/>
        <MarkerCategory name="tw_mc_lws5_drizzlewoodcoast_pointsofinterest_pointsofinterest18" DisplayName="United Legions Base Camp" mapDisplaySize="30" iconFile="Data/TekkitsWorkshop/MC/tw_mc_pointofinterest.png" iconSize="0.5" fadeNear="3500" fadeFar="3600" heightOffset="0.5" minSize="10"/>
        <MarkerCategory name="tw_mc_lws5_drizzlewoodcoast_pointsofinterest_pointsofinterest37" DisplayName="Veins of Jormag" mapDisplaySize="30" iconFile="Data/TekkitsWorkshop/MC/tw_mc_pointofinterest.png" iconSize="0.5" fadeNear="3500" fadeFar="3600" heightOffset="0.5" minSize="10"/>
        <MarkerCategory name="tw_mc_lws5_drizzlewoodcoast_pointsofinterest_pointsofinterest19" DisplayName="Verdant Falls" mapDisplaySize="30" iconFile="Data/TekkitsWorkshop/MC/tw_mc_pointofinterest.png" iconSize="0.5" fadeNear="3500" fadeFar="3600" heightOffset="0.5" minSize="10"/>
        <MarkerCategory name="tw_mc_lws5_drizzlewoodcoast_pointsofinterest_pointsofinterest20" DisplayName="Vloxen Mine" mapDisplaySize="30" iconFile="Data/TekkitsWorkshop/MC/tw_mc_pointofinterest.png" iconSize="0.5" fadeNear="3500" fadeFar="3600" heightOffset="0.5" minSize="10"/>
        <MarkerCategory name="tw_mc_lws5_drizzlewoodcoast_pointsofinterest_pointsofinterest21" DisplayName="Voxen Shards" mapDisplaySize="30" iconFile="Data/TekkitsWorkshop/MC/tw_mc_pointofinterest.png" iconSize="0.5" fadeNear="3500" fadeFar="3600" heightOffset="0.5" minSize="10"/>
        <MarkerCategory name="tw_mc_lws5_drizzlewoodcoast_pointsofinterest_pointsofinterest22" DisplayName="Wolf's Crossing Bridge" mapDisplaySize="30" iconFile="Data/TekkitsWorkshop/MC/tw_mc_pointofinterest.png" iconSize="0.5" fadeNear="3500" fadeFar="3600" heightOffset="0.5" minSize="10"/>
      </MarkerCategory>
      <MarkerCategory name="tw_mc_lws5_drizzlewoodcoast_vistas" DisplayName="Toggle Vistas">
        <MarkerCategory name="tw_mc_lws5_drizzlewoodcoast_vistas_vista11" DisplayName="Archstone Coast Vista" mapDisplaySize="30" iconFile="Data/TekkitsWorkshop/MC/tw_mc_vista.png" iconSize="0.5" fadeNear="3500" fadeFar="3600" heightOffset="0.5" minSize="10"/>
        <MarkerCategory name="tw_mc_lws5_drizzlewoodcoast_vistas_vista01" DisplayName="Base Camp Vista" mapDisplaySize="30" iconFile="Data/TekkitsWorkshop/MC/tw_mc_vista.png" iconSize="0.5" fadeNear="3500" fadeFar="3600" heightOffset="0.5" minSize="10"/>
        <MarkerCategory name="tw_mc_lws5_drizzlewoodcoast_vistas_vista02" DisplayName="Breakroot Basin Vista" mapDisplaySize="30" iconFile="Data/TekkitsWorkshop/MC/tw_mc_vista.png" iconSize="0.5" fadeNear="3500" fadeFar="3600" heightOffset="0.5" minSize="10"/>
        <MarkerCategory name="tw_mc_lws5_drizzlewoodcoast_vistas_vista12" DisplayName="Canopy Crag Vista" mapDisplaySize="30" iconFile="Data/TekkitsWorkshop/MC/tw_mc_vista.png" iconSize="0.5" fadeNear="3500" fadeFar="3600" heightOffset="0.5" minSize="10"/>
        <MarkerCategory name="tw_mc_lws5_drizzlewoodcoast_vistas_vista13" DisplayName="Drizzlewood Peak Vista" mapDisplaySize="30" iconFile="Data/TekkitsWorkshop/MC/tw_mc_vista.png" iconSize="0.5" fadeNear="3500" fadeFar="3600" heightOffset="0.5" minSize="10"/>
        <MarkerCategory name="tw_mc_lws5_drizzlewoodcoast_vistas_vista14" DisplayName="Ice Dragon's Gate Vista" mapDisplaySize="30" iconFile="Data/TekkitsWorkshop/MC/tw_mc_vista.png" iconSize="0.5" fadeNear="3500" fadeFar="3600" heightOffset="0.5" minSize="10"/>
        <MarkerCategory name="tw_mc_lws5_drizzlewoodcoast_vistas_vista03" DisplayName="Iceshard Trail Vista" mapDisplaySize="30" iconFile="Data/TekkitsWorkshop/MC/tw_mc_vista.png" iconSize="0.5" fadeNear="3500" fadeFar="3600" heightOffset="0.5" minSize="10"/>
        <MarkerCategory name="tw_mc_lws5_drizzlewoodcoast_vistas_vista04" DisplayName="Leadfoot Village Vista" mapDisplaySize="30" iconFile="Data/TekkitsWorkshop/MC/tw_mc_vista.png" iconSize="0.5" fadeNear="3500" fadeFar="3600" heightOffset="0.5" minSize="10"/>
        <MarkerCategory name="tw_mc_lws5_drizzlewoodcoast_vistas_vista05" DisplayName="Lighthouse Point Vista" mapDisplaySize="30" iconFile="Data/TekkitsWorkshop/MC/tw_mc_vista.png" iconSize="0.5" fadeNear="3500" fadeFar="3600" heightOffset="0.5" minSize="10"/>
        <MarkerCategory name="tw_mc_lws5_drizzlewoodcoast_vistas_vista06" DisplayName="Petraj Commons Vista" mapDisplaySize="30" iconFile="Data/TekkitsWorkshop/MC/tw_mc_vista.png" iconSize="0.5" fadeNear="3500" fadeFar="3600" heightOffset="0.5" minSize="10"/>
        <MarkerCategory name="tw_mc_lws5_drizzlewoodcoast_vistas_vista07" DisplayName="Port Cascadia Vista" mapDisplaySize="30" iconFile="Data/TekkitsWorkshop/MC/tw_mc_vista.png" iconSize="0.5" fadeNear="3500" fadeFar="3600" heightOffset="0.5" minSize="10"/>
        <MarkerCategory name="tw_mc_lws5_drizzlewoodcoast_vistas_vista15" DisplayName="Sentinel Bay Vista" mapDisplaySize="30" iconFile="Data/TekkitsWorkshop/MC/tw_mc_vista.png" iconSize="0.5" fadeNear="3500" fadeFar="3600" heightOffset="0.5" minSize="10"/>
        <MarkerCategory name="tw_mc_lws5_drizzlewoodcoast_vistas_vista16" DisplayName="The Bloodfield Vista" mapDisplaySize="30" iconFile="Data/TekkitsWorkshop/MC/tw_mc_vista.png" iconSize="0.5" fadeNear="3500" fadeFar="3600" heightOffset="0.5" minSize="10"/>
        <MarkerCategory name="tw_mc_lws5_drizzlewoodcoast_vistas_vista08" DisplayName="Troop Quarters Vista" mapDisplaySize="30" iconFile="Data/TekkitsWorkshop/MC/tw_mc_vista.png" iconSize="0.5" fadeNear="3500" fadeFar="3600" heightOffset="0.5" minSize="10"/>
        <MarkerCategory name="tw_mc_lws5_drizzlewoodcoast_vistas_vista09" DisplayName="Vloxen MIne Vista" mapDisplaySize="30" iconFile="Data/TekkitsWorkshop/MC/tw_mc_vista.png" iconSize="0.5" fadeNear="3500" fadeFar="3600" heightOffset="0.5" minSize="10"/>
        <MarkerCategory name="tw_mc_lws5_drizzlewoodcoast_vistas_vista10" DisplayName="Wolf's Crossing Vista" mapDisplaySize="30" iconFile="Data/TekkitsWorkshop/MC/tw_mc_vista.png" iconSize="0.5" fadeNear="3500" fadeFar="3600" heightOffset="0.5" minSize="10"/>
      </MarkerCategory>
      <MarkerCategory name="tw_mc_lws5_drizzlewoodcoast_waypoints" DisplayName="Toggle Waypoints">
        <MarkerCategory name="tw_mc_lws5_drizzlewoodcoast_waypoints_waypoint01" DisplayName="Base Camp Waypoint" mapDisplaySize="30" iconFile="Data/TekkitsWorkshop/MC/tw_mc_waypoint.png" iconSize="0.5" fadeNear="3500" fadeFar="3600" heightOffset="0.5" minSize="10"/>
        <MarkerCategory name="tw_mc_lws5_drizzlewoodcoast_waypoints_waypoint02" DisplayName="Forward Camp Waypoint" mapDisplaySize="30" iconFile="Data/TekkitsWorkshop/MC/tw_mc_waypoint.png" iconSize="0.5" fadeNear="3500" fadeFar="3600" heightOffset="0.5" minSize="10"/>
      </MarkerCategory>
    </MarkerCategory>
  </MarkerCategory>
	<POIs>
		<POI MapID="1343" xpos="1118.93" ypos="47.6478" zpos="-130.11" type="tw_guides.tw_mc_lws5.tw_mc_lws5_bjoramarches_pointsofinterest.tw_mc_lws5_bjoramarches_pointsofinterest_pointsofinterest15" GUID="IUm161teZ0uR1Lh+KPAFvA=="/>
		<POI MapID="1343" xpos="1169.61" ypos="47.8042" zpos="-91.351" type="tw_guides.tw_mc_lws5.tw_mc_lws5_bjoramarches_pointsofinterest.tw_mc_lws5_bjoramarches_pointsofinterest_pointsofinterest07" GUID="J5g3ARwERU6MS1QYIVsRqg=="/>
		<POI MapID="1343" xpos="1255.92" ypos="138.385" zpos="-264.939" type="tw_guides.tw_mc_lws5.tw_mc_lws5_bjoramarches_vistas.tw_mc_lws5_bjoramarches_vistas_vista04" GUID="O3RXspL0lECCPDwLf+1Jyw=="/>
		<POI MapID="1343" xpos="885.51" ypos="111.955" zpos="167.281" type="tw_guides.tw_mc_lws5.tw_mc_lws5_bjoramarches_pointsofinterest.tw_mc_lws5_bjoramarches_pointsofinterest_pointsofinterest13" GUID="mbK9G2qsO02XEekDmupibw=="/>
		<POI MapID="1343" xpos="938.876" ypos="120.915" zpos="358.112" type="tw_guides.tw_mc_lws5.tw_mc_lws5_bjoramarches_pointsofinterest.tw_mc_lws5_bjoramarches_pointsofinterest_pointsofinterest08" GUID="oxP9jFaJ0E6nxSYPbhbEUg=="/>
		<POI MapID="1343" xpos="1090.12" ypos="133.269" zpos="362.007" type="tw_guides.tw_mc_lws5.tw_mc_lws5_bjoramarches_pointsofinterest.tw_mc_lws5_bjoramarches_pointsofinterest_pointsofinterest02" GUID="n0jgRAvz8kW303vt3vOrTA=="/>
		<POI MapID="1343" xpos="1057.23" ypos="182.7" zpos="244.886" type="tw_guides.tw_mc_lws5.tw_mc_lws5_bjoramarches_vistas.tw_mc_lws5_bjoramarches_vistas_vista02" GUID="DeUD694MhkyXMdu1Idm4LQ=="/>
		<POI MapID="1343" xpos="686.458" ypos="128.759" zpos="306.705" type="tw_guides.tw_mc_lws5.tw_mc_lws5_bjoramarches_pointsofinterest.tw_mc_lws5_bjoramarches_pointsofinterest_pointsofinterest09" GUID="FCjMZQ+nBUqczgcX6y4+ug=="/>
		<POI MapID="1343" xpos="757.756" ypos="128.157" zpos="485.146" type="tw_guides.tw_mc_lws5.tw_mc_lws5_bjoramarches_pointsofinterest.tw_mc_lws5_bjoramarches_pointsofinterest_pointsofinterest05" GUID="0mIp1+6M/kmdFa0n8f3y2g=="/>
		<POI MapID="1343" xpos="739.125" ypos="131.637" zpos="-284.497" type="tw_guides.tw_mc_lws5.tw_mc_lws5_bjoramarches_pointsofinterest.tw_mc_lws5_bjoramarches_pointsofinterest_pointsofinterest01" GUID="XREEJfPTmEGFSqNcFbgrYg=="/>
		<POI MapID="1343" xpos="351.199" ypos="140.424" zpos="-322.937" type="tw_guides.tw_mc_lws5.tw_mc_lws5_bjoramarches_pointsofinterest.tw_mc_lws5_bjoramarches_pointsofinterest_pointsofinterest12" GUID="G8cGgEaxlkyQhJns6yjEfw=="/>
		<POI MapID="1343" xpos="429.553" ypos="166.21" zpos="323.017" type="tw_guides.tw_mc_lws5.tw_mc_lws5_bjoramarches_pointsofinterest.tw_mc_lws5_bjoramarches_pointsofinterest_pointsofinterest06" GUID="TLwqB/gcV06g0hZiSdna/g=="/>
		<POI MapID="1343" xpos="388.254" ypos="227.155" zpos="309.734" type="tw_guides.tw_mc_lws5.tw_mc_lws5_bjoramarches_vistas.tw_mc_lws5_bjoramarches_vistas_vista01" GUID="20hXlqvTAU6+hYhokESgbA=="/>
		<POI MapID="1343" xpos="426.46" ypos="158.213" zpos="104.234" type="tw_guides.tw_mc_lws5.tw_mc_lws5_bjoramarches_pointsofinterest.tw_mc_lws5_bjoramarches_pointsofinterest_pointsofinterest11" GUID="SR8YVjx/mUmW3ZGGK9oByQ=="/>
		<POI MapID="1343" xpos="544.256" ypos="128.446" zpos="-140.551" type="tw_guides.tw_mc_lws5.tw_mc_lws5_bjoramarches_pointsofinterest.tw_mc_lws5_bjoramarches_pointsofinterest_pointsofinterest03" GUID="HAqKTkLw8UGZVCV8Ms6LbQ=="/>
		<POI MapID="1343" xpos="169.931" ypos="178.395" zpos="3.62612" type="tw_guides.tw_mc_lws5.tw_mc_lws5_bjoramarches_pointsofinterest.tw_mc_lws5_bjoramarches_pointsofinterest_pointsofinterest10" GUID="aQtokQYgqEaG3RlVnFKyBQ=="/>
		<POI MapID="1343" xpos="247.875" ypos="193.013" zpos="-155.506" type="tw_guides.tw_mc_lws5.tw_mc_lws5_bjoramarches_vistas.tw_mc_lws5_bjoramarches_vistas_vista03" GUID="K4mBC9kXSUaX2wJEuUjQwQ=="/>
		<POI MapID="1343" xpos="1124.06" ypos="47.6603" zpos="-123.273" type="tw_guides.tw_mc_lws5.tw_mc_lws5_trails.tw_mc_lws5_trails_bjoramarches.tw_mc_lws5_trails_bjoramarches_startsign" GUID="pWnPMF9UrkOBGR+zlU5ZhQ=="/>
		<POI MapID="1343" xpos="1127.44" ypos="47.6602" zpos="-118.743" type="tw_guides.tw_mc_lws5.tw_mc_lws5_bjoramarches_waypoints.tw_mc_lws5_bjoramarches_waypoints_waypoint01" GUID="zAqippu0dUeErj0FMRo+eA=="/>
		<POI MapID="1343" xpos="-83.3313" ypos="91.5287" zpos="-602.139" type="tw_guides.tw_mc_lws5.tw_mc_lws5_bjoramarches_pointsofinterest.tw_mc_lws5_bjoramarches_pointsofinterest_pointsofinterest21" GUID="W8CPw9fjNEW2fiWR3lMO4A=="/>
		<POI MapID="1343" xpos="-236.526" ypos="252.601" zpos="-457.199" type="tw_guides.tw_mc_lws5.tw_mc_lws5_bjoramarches_pointsofinterest.tw_mc_lws5_bjoramarches_pointsofinterest_pointsofinterest25" GUID="6mGqWFgSCkmcsfAXxX9+9g=="/>
		<POI MapID="1343" xpos="-461.547" ypos="179.258" zpos="-488.837" type="tw_guides.tw_mc_lws5.tw_mc_lws5_bjoramarches_pointsofinterest.tw_mc_lws5_bjoramarches_pointsofinterest_pointsofinterest28" GUID="QV7LdYYjCUOlkIMNbPQ6Zw=="/>
		<POI MapID="1343" xpos="-389.1" ypos="254.744" zpos="-268.974" type="tw_guides.tw_mc_lws5.tw_mc_lws5_bjoramarches_pointsofinterest.tw_mc_lws5_bjoramarches_pointsofinterest_pointsofinterest20" GUID="krR8s5Yev0a/LcQRhK1aSA=="/>
		<POI MapID="1343" xpos="-777.357" ypos="92.9432" zpos="-318.616" type="tw_guides.tw_mc_lws5.tw_mc_lws5_bjoramarches_pointsofinterest.tw_mc_lws5_bjoramarches_pointsofinterest_pointsofinterest16" GUID="bdeFMLis+kaAbGWkw3MA/w=="/>
		<POI MapID="1343" xpos="-878.874" ypos="19.2719" zpos="-335.908" type="tw_guides.tw_mc_lws5.tw_mc_lws5_bjoramarches_pointsofinterest.tw_mc_lws5_bjoramarches_pointsofinterest_pointsofinterest17" GUID="qEGlOCpQSkKvaRkTuIp+VA=="/>
		<POI MapID="1343" xpos="-311.402" ypos="110.824" zpos="0.374029" type="tw_guides.tw_mc_lws5.tw_mc_lws5_bjoramarches_pointsofinterest.tw_mc_lws5_bjoramarches_pointsofinterest_pointsofinterest18" GUID="kZObamsynkKAYOgv+brwTw=="/>
		<POI MapID="1343" xpos="-393.957" ypos="150.559" zpos="84.4505" type="tw_guides.tw_mc_lws5.tw_mc_lws5_bjoramarches_pointsofinterest.tw_mc_lws5_bjoramarches_pointsofinterest_pointsofinterest19" GUID="4n66b0WsNUmgcxTbLAk4gg=="/>
		<POI MapID="1343" xpos="-287.004" ypos="169.93" zpos="188.036" type="tw_guides.tw_mc_lws5.tw_mc_lws5_bjoramarches_waypoints.tw_mc_lws5_bjoramarches_waypoints_waypoint02" GUID="J3qYZE6gqkamna0DaHCriQ=="/>
		<POI MapID="1343" xpos="-242.622" ypos="245.638" zpos="233.424" type="tw_guides.tw_mc_lws5.tw_mc_lws5_bjoramarches_vistas.tw_mc_lws5_bjoramarches_vistas_vista08" GUID="lXmvuDUp+0eqxURE0OJw9g=="/>
		<POI MapID="1343" xpos="-83.0001" ypos="330.03" zpos="607.813" type="tw_guides.tw_mc_lws5.tw_mc_lws5_bjoramarches_vistas.tw_mc_lws5_bjoramarches_vistas_vista06" GUID="E+dpdq0tVEaTMyEQ+eJWfw=="/>
		<POI MapID="1343" xpos="-142.767" ypos="221.187" zpos="492.126" type="tw_guides.tw_mc_lws5.tw_mc_lws5_bjoramarches_pointsofinterest.tw_mc_lws5_bjoramarches_pointsofinterest_pointsofinterest23" GUID="xo2LOsjeD02iZ3sDlkQ8pg=="/>
		<POI MapID="1343" xpos="-539.683" ypos="310.118" zpos="505.006" type="tw_guides.tw_mc_lws5.tw_mc_lws5_bjoramarches_vistas.tw_mc_lws5_bjoramarches_vistas_vista07" GUID="3j3rTbRLeE+jwObmj+6epA=="/>
		<POI MapID="1343" xpos="-577.837" ypos="165.233" zpos="617.438" type="tw_guides.tw_mc_lws5.tw_mc_lws5_bjoramarches_pointsofinterest.tw_mc_lws5_bjoramarches_pointsofinterest_pointsofinterest22" GUID="2zc7ht2a7kK2EGuvE4NmZA=="/>
		<POI MapID="1343" xpos="-684.981" ypos="218.042" zpos="405.674" type="tw_guides.tw_mc_lws5.tw_mc_lws5_bjoramarches_pointsofinterest.tw_mc_lws5_bjoramarches_pointsofinterest_pointsofinterest24" GUID="EJLD0rv9HkaSbuBUQH6d3w=="/>
		<POI MapID="1343" xpos="1219.68" ypos="51.7104" zpos="585.331" type="tw_guides.tw_mc_lws5.tw_mc_lws5_bjoramarches_pointsofinterest.tw_mc_lws5_bjoramarches_pointsofinterest_pointsofinterest29" GUID="Tei56/MkPEWg8afLJbzWug=="/>
		<POI MapID="1343" xpos="-993.073" ypos="99.9668" zpos="-194.876" type="tw_guides.tw_mc_lws5.tw_mc_lws5_bjoramarches_pointsofinterest.tw_mc_lws5_bjoramarches_pointsofinterest_pointsofinterest17" GUID="ZXCA0x6XMUGbhgIfB8ayhw=="/>
		<POI MapID="1343" xpos="-920.589" ypos="26.4013" zpos="127.618" type="tw_guides.tw_mc_lws5.tw_mc_lws5_bjoramarches_pointsofinterest.tw_mc_lws5_bjoramarches_pointsofinterest_pointsofinterest26" GUID="pm8pyfuwr0+FVjs+tc3LbQ=="/>
		<POI MapID="1343" xpos="809.393" ypos="105.858" zpos="-23.568" type="tw_guides.tw_mc_lws5.tw_mc_lws5_bjoramarches_pointsofinterest.tw_mc_lws5_bjoramarches_pointsofinterest_pointsofinterest04" GUID="wvGlOmuFUEKBHmzr6BRIqQ=="/>
		<POI MapID="1343" xpos="652.57" ypos="148.176" zpos="92.8974" type="tw_guides.tw_mc_lws5.tw_mc_lws5_bjoramarches_pointsofinterest.tw_mc_lws5_bjoramarches_pointsofinterest_pointsofinterest14" GUID="4x5LdhiflEORj5/WDSXQeQ=="/>
		<POI MapID="1343" xpos="-378.166" ypos="319.87" zpos="-432.446" type="tw_guides.tw_mc_lws5.tw_mc_lws5_bjoramarches_vistas.tw_mc_lws5_bjoramarches_vistas_vista05" GUID="nG4UrKQgYE6dTZ/tj5TVRQ=="/>
		<POI MapID="1343" xpos="-304.602" ypos="173.843" zpos="181.43" type="tw_guides.tw_mc_lws5.tw_mc_lws5_bjoramarches_pointsofinterest.tw_mc_lws5_bjoramarches_pointsofinterest_pointsofinterest27" GUID="oMi0vAVLlUacJ7WYZUP1gA=="/>
		<POI MapID="1343" xpos="-993.146" ypos="99.7519" zpos="-196.973" type="tw_guides.tw_mc_lws5.tw_mc_lws5_trails.tw_mc_lws5_trails_bjoramarches.tw_mc_lws5_trails_bjoramarches_finish" GUID="HsDWKpLhmk2kabDGH5pMIg=="/>
		<POI MapID="1371" xpos="-259.598" ypos="103.085" zpos="385.992" type="tw_guides.tw_mc_lws5.tw_mc_lws5_drizzlewoodcoast_vistas.tw_mc_lws5_drizzlewoodcoast_vistas_vista15" GUID="+7ZcX+br8E2Fxjm7Xzv75w=="/>
		<POI MapID="1371" xpos="30.0312" ypos="251.754" zpos="376.516" type="tw_guides.tw_mc_lws5.tw_mc_lws5_drizzlewoodcoast_vistas.tw_mc_lws5_drizzlewoodcoast_vistas_vista12" GUID="HpWHygS2XU6iaN2dtSf8FQ=="/>
		<POI MapID="1371" xpos="349.035" ypos="160.083" zpos="316.077" type="tw_guides.tw_mc_lws5.tw_mc_lws5_drizzlewoodcoast_vistas.tw_mc_lws5_drizzlewoodcoast_vistas_vista11" GUID="IHwdJEGISk21mp1OqQEG3Q=="/>
		<POI MapID="1371" xpos="420.177" ypos="167.732" zpos="931.86" type="tw_guides.tw_mc_lws5.tw_mc_lws5_drizzlewoodcoast_vistas.tw_mc_lws5_drizzlewoodcoast_vistas_vista16" GUID="kT86y0upK0yRsshID6HI4Q=="/>
		<POI MapID="1371" xpos="-74.1491" ypos="205" zpos="976.281" type="tw_guides.tw_mc_lws5.tw_mc_lws5_drizzlewoodcoast_vistas.tw_mc_lws5_drizzlewoodcoast_vistas_vista14" GUID="4rmFPP8Q+E2PWZ6LdXaDhA=="/>
		<POI MapID="1371" xpos="-23.6844" ypos="297.209" zpos="633.194" type="tw_guides.tw_mc_lws5.tw_mc_lws5_drizzlewoodcoast_vistas.tw_mc_lws5_drizzlewoodcoast_vistas_vista13" GUID="U7aHigJ/9kWLWjNCELQ4Og=="/>
		<POI MapID="1371" xpos="-431.702" ypos="8.63157" zpos="409.566" type="tw_guides.tw_mc_lws5.tw_mc_lws5_drizzlewoodcoast_waypoints.tw_mc_lws5_drizzlewoodcoast_waypoints_waypoint02" GUID="ZCUTHmZvIEWt4SuZj2Fnug=="/>
		<POI MapID="1371" xpos="-418.926" ypos="0.959831" zpos="67.8486" type="tw_guides.tw_mc_lws5.tw_mc_lws5_drizzlewoodcoast_pointsofinterest.tw_mc_lws5_drizzlewoodcoast_pointsofinterest_pointsofinterest06" GUID="5+GXdX8eQ06uGI1aZW04Ww=="/>
		<POI MapID="1371" xpos="-461.4" ypos="4.33148" zpos="375.855" type="tw_guides.tw_mc_lws5.tw_mc_lws5_drizzlewoodcoast_pointsofinterest.tw_mc_lws5_drizzlewoodcoast_pointsofinterest_pointsofinterest18" GUID="QotKNM4HtEGfL+PpDnYMZA=="/>
		<POI MapID="1371" xpos="-425.653" ypos="76.856" zpos="694.71" type="tw_guides.tw_mc_lws5.tw_mc_lws5_drizzlewoodcoast_pointsofinterest.tw_mc_lws5_drizzlewoodcoast_pointsofinterest_pointsofinterest36" GUID="V/WevO5y7EadpV7zzJEZNg=="/>
		<POI MapID="1371" xpos="-341.642" ypos="124.211" zpos="982.707" type="tw_guides.tw_mc_lws5.tw_mc_lws5_drizzlewoodcoast_pointsofinterest.tw_mc_lws5_drizzlewoodcoast_pointsofinterest_pointsofinterest31" GUID="rY4qUhuT/kyn4XWFQscKRQ=="/>
		<POI MapID="1371" xpos="-237.762" ypos="137.003" zpos="842.474" type="tw_guides.tw_mc_lws5.tw_mc_lws5_drizzlewoodcoast_pointsofinterest.tw_mc_lws5_drizzlewoodcoast_pointsofinterest_pointsofinterest25" GUID="f1CZ1PshNUC9hVuSm7sxcw=="/>
		<POI MapID="1371" xpos="-26.7967" ypos="188.657" zpos="1037.14" type="tw_guides.tw_mc_lws5.tw_mc_lws5_drizzlewoodcoast_pointsofinterest.tw_mc_lws5_drizzlewoodcoast_pointsofinterest_pointsofinterest28" GUID="bCFHHBzsTEKjA4eZad48PQ=="/>
		<POI MapID="1371" xpos="196.511" ypos="214.291" zpos="1073.24" type="tw_guides.tw_mc_lws5.tw_mc_lws5_drizzlewoodcoast_pointsofinterest.tw_mc_lws5_drizzlewoodcoast_pointsofinterest_pointsofinterest35" GUID="vE1YUuJ4hUOx6bPuDR3qMQ=="/>
		<POI MapID="1371" xpos="196.502" ypos="127.042" zpos="1191.29" type="tw_guides.tw_mc_lws5.tw_mc_lws5_drizzlewoodcoast_pointsofinterest.tw_mc_lws5_drizzlewoodcoast_pointsofinterest_pointsofinterest29" GUID="D0e5amiYMESbFk2YgQ02+A=="/>
		<POI MapID="1371" xpos="332.387" ypos="102.29" zpos="672.073" type="tw_guides.tw_mc_lws5.tw_mc_lws5_drizzlewoodcoast_pointsofinterest.tw_mc_lws5_drizzlewoodcoast_pointsofinterest_pointsofinterest26" GUID="PyYnvrlyyE+oQ1/H6rjKJw=="/>
		<POI MapID="1371" xpos="197.434" ypos="102.752" zpos="717.158" type="tw_guides.tw_mc_lws5.tw_mc_lws5_drizzlewoodcoast_pointsofinterest.tw_mc_lws5_drizzlewoodcoast_pointsofinterest_pointsofinterest37" GUID="RJtxQ8hddUG9FBbzzFMIXQ=="/>
		<POI MapID="1371" xpos="-16.5444" ypos="152.404" zpos="712.619" type="tw_guides.tw_mc_lws5.tw_mc_lws5_drizzlewoodcoast_pointsofinterest.tw_mc_lws5_drizzlewoodcoast_pointsofinterest_pointsofinterest30" GUID="jzyJ3xZVpU+6f6TAhA5wAA=="/>
		<POI MapID="1371" xpos="43.4982" ypos="247.816" zpos="375.07" type="tw_guides.tw_mc_lws5.tw_mc_lws5_drizzlewoodcoast_pointsofinterest.tw_mc_lws5_drizzlewoodcoast_pointsofinterest_pointsofinterest24" GUID="P1QTTU/DlEKGppnmctxB5Q=="/>
		<POI MapID="1371" xpos="326.867" ypos="58.0619" zpos="393.304" type="tw_guides.tw_mc_lws5.tw_mc_lws5_drizzlewoodcoast_pointsofinterest.tw_mc_lws5_drizzlewoodcoast_pointsofinterest_pointsofinterest23" GUID="p6XHX+loR0m55pDSCcTHng=="/>
		<POI MapID="1371" xpos="435.269" ypos="68.9507" zpos="314.37" type="tw_guides.tw_mc_lws5.tw_mc_lws5_drizzlewoodcoast_pointsofinterest.tw_mc_lws5_drizzlewoodcoast_pointsofinterest_pointsofinterest34" GUID="VqNviYhcDUqTYA93bJnD5w=="/>
		<POI MapID="1371" xpos="248.431" ypos="22.0193" zpos="170.526" type="tw_guides.tw_mc_lws5.tw_mc_lws5_drizzlewoodcoast_pointsofinterest.tw_mc_lws5_drizzlewoodcoast_pointsofinterest_pointsofinterest32" GUID="YttvtLYVlU+AM+53AexChA=="/>
		<POI MapID="1371" xpos="28.0026" ypos="35.9355" zpos="161.016" type="tw_guides.tw_mc_lws5.tw_mc_lws5_drizzlewoodcoast_pointsofinterest.tw_mc_lws5_drizzlewoodcoast_pointsofinterest_pointsofinterest33" GUID="mE0KhfRq5EqXZBRQVnm5Zg=="/>
		<POI MapID="1371" xpos="-259.773" ypos="103.086" zpos="385.841" type="tw_guides.tw_mc_lws5.tw_mc_lws5_trails.tw_mc_lws5_trails_drizzlewoodcoast.tw_mc_lws5_trails_drizzlewoodcoast_finish" GUID="9IqQ572Bu0yIqumPg1edRw=="/>
		<POI MapID="1371" xpos="-74.4281" ypos="168.309" zpos="-1174.49" type="tw_guides.tw_mc_lws5.tw_mc_lws5_drizzlewoodcoast_pointsofinterest.tw_mc_lws5_drizzlewoodcoast_pointsofinterest_pointsofinterest10" GUID="Fev7ZsrtR0ys1G731oL3uw=="/>
		<POI MapID="1371" xpos="-85.3008" ypos="153.843" zpos="-1098.33" type="tw_guides.tw_mc_lws5.tw_mc_lws5_drizzlewoodcoast_pointsofinterest.tw_mc_lws5_drizzlewoodcoast_pointsofinterest_pointsofinterest18" GUID="gXdKWNz55EScRLOctA5vKQ=="/>
		<POI MapID="1371" xpos="-95.2923" ypos="151.994" zpos="-1080.44" type="tw_guides.tw_mc_lws5.tw_mc_lws5_trails.tw_mc_lws5_trails_drizzlewoodcoast.tw_mc_lws5_trails_drizzlewoodcoast_startsign" GUID="YAm5ZThq+0iaxb34KeGGwg=="/>
		<POI MapID="1371" xpos="361.203" ypos="107.571" zpos="-1056.95" type="tw_guides.tw_mc_lws5.tw_mc_lws5_drizzlewoodcoast_pointsofinterest.tw_mc_lws5_drizzlewoodcoast_pointsofinterest_pointsofinterest11" GUID="W4jk0VL3AUeOeNDh3Nf9oA=="/>
		<POI MapID="1371" xpos="367.862" ypos="112.839" zpos="-1163.56" type="tw_guides.tw_mc_lws5.tw_mc_lws5_drizzlewoodcoast_pointsofinterest.tw_mc_lws5_drizzlewoodcoast_pointsofinterest_pointsofinterest08" GUID="L1dN123P502rQZ3mvFHGYA=="/>
		<POI MapID="1371" xpos="560.979" ypos="35.8835" zpos="-1128.44" type="tw_guides.tw_mc_lws5.tw_mc_lws5_drizzlewoodcoast_pointsofinterest.tw_mc_lws5_drizzlewoodcoast_pointsofinterest_pointsofinterest04" GUID="G7qqwLmvcECJthASOJN7zA=="/>
		<POI MapID="1371" xpos="550.753" ypos="46.1203" zpos="-910.467" type="tw_guides.tw_mc_lws5.tw_mc_lws5_drizzlewoodcoast_pointsofinterest.tw_mc_lws5_drizzlewoodcoast_pointsofinterest_pointsofinterest05" GUID="gGsbrqdLZkeIhfXydO1OJQ=="/>
		<POI MapID="1371" xpos="428.216" ypos="36.2517" zpos="-742.085" type="tw_guides.tw_mc_lws5.tw_mc_lws5_drizzlewoodcoast_pointsofinterest.tw_mc_lws5_drizzlewoodcoast_pointsofinterest_pointsofinterest13" GUID="LzO8mNIse0GDVLMRHOiStw=="/>
		<POI MapID="1371" xpos="511.751" ypos="-1.13257" zpos="-655.917" type="tw_guides.tw_mc_lws5.tw_mc_lws5_drizzlewoodcoast_pointsofinterest.tw_mc_lws5_drizzlewoodcoast_pointsofinterest_pointsofinterest16" GUID="D5e+aIDNu0a6eUm/Ks8rCQ=="/>
		<POI MapID="1371" xpos="546.835" ypos="-1.06049" zpos="-530.637" type="tw_guides.tw_mc_lws5.tw_mc_lws5_drizzlewoodcoast_pointsofinterest.tw_mc_lws5_drizzlewoodcoast_pointsofinterest_pointsofinterest14" GUID="g6LXnWimd0m9h0sXFdxmMg=="/>
		<POI MapID="1371" xpos="513.98" ypos="-1.05008" zpos="-372.138" type="tw_guides.tw_mc_lws5.tw_mc_lws5_drizzlewoodcoast_pointsofinterest.tw_mc_lws5_drizzlewoodcoast_pointsofinterest_pointsofinterest01" GUID="WJtk1FB/v0e0O7d/4V241Q=="/>
		<POI MapID="1371" xpos="541.574" ypos="-1.09158" zpos="-131.063" type="tw_guides.tw_mc_lws5.tw_mc_lws5_drizzlewoodcoast_pointsofinterest.tw_mc_lws5_drizzlewoodcoast_pointsofinterest_pointsofinterest15" GUID="DIgvi3O9kUKNUHG/DFKGPw=="/>
		<POI MapID="1371" xpos="114.74" ypos="19.5674" zpos="-284.033" type="tw_guides.tw_mc_lws5.tw_mc_lws5_drizzlewoodcoast_pointsofinterest.tw_mc_lws5_drizzlewoodcoast_pointsofinterest_pointsofinterest22" GUID="ZiXocxDbi0uRDyP2xFaFAQ=="/>
		<POI MapID="1371" xpos="89.8056" ypos="7.39573" zpos="-435.207" type="tw_guides.tw_mc_lws5.tw_mc_lws5_drizzlewoodcoast_pointsofinterest.tw_mc_lws5_drizzlewoodcoast_pointsofinterest_pointsofinterest02" GUID="2b3oAUKeyECTNM3kA3FEKA=="/>
		<POI MapID="1371" xpos="-97.4179" ypos="151.308" zpos="-1075.97" type="tw_guides.tw_mc_lws5.tw_mc_lws5_drizzlewoodcoast_waypoints.tw_mc_lws5_drizzlewoodcoast_waypoints_waypoint01" GUID="bkmOALjIGUy5R1uO9Gx72w=="/>
		<POI MapID="1371" xpos="7.95998" ypos="40.865" zpos="-659.822" type="tw_guides.tw_mc_lws5.tw_mc_lws5_drizzlewoodcoast_pointsofinterest.tw_mc_lws5_drizzlewoodcoast_pointsofinterest_pointsofinterest12" GUID="Fn1VB/+lo0+Gymxl5Ar19g=="/>
		<POI MapID="1371" xpos="159.996" ypos="110.77" zpos="-829.838" type="tw_guides.tw_mc_lws5.tw_mc_lws5_drizzlewoodcoast_pointsofinterest.tw_mc_lws5_drizzlewoodcoast_pointsofinterest_pointsofinterest03" GUID="dmTJpBx3gUWIQffOWlOHiw=="/>
		<POI MapID="1371" xpos="-289.138" ypos="153.927" zpos="-978.245" type="tw_guides.tw_mc_lws5.tw_mc_lws5_drizzlewoodcoast_pointsofinterest.tw_mc_lws5_drizzlewoodcoast_pointsofinterest_pointsofinterest21" GUID="EJ0hrnmeKke3lg6nCJE1rw=="/>
		<POI MapID="1371" xpos="-350.035" ypos="150.28" zpos="-1086.62" type="tw_guides.tw_mc_lws5.tw_mc_lws5_drizzlewoodcoast_pointsofinterest.tw_mc_lws5_drizzlewoodcoast_pointsofinterest_pointsofinterest20" GUID="gjYxkRa+xE2q/j7T8APnvA=="/>
		<POI MapID="1371" xpos="-488.73" ypos="158.902" zpos="-1135.06" type="tw_guides.tw_mc_lws5.tw_mc_lws5_drizzlewoodcoast_vistas.tw_mc_lws5_drizzlewoodcoast_vistas_vista09" GUID="9bPQmWtFc0qCJXr85I9PdQ=="/>
		<POI MapID="1371" xpos="-230.567" ypos="155.183" zpos="-766.655" type="tw_guides.tw_mc_lws5.tw_mc_lws5_drizzlewoodcoast_pointsofinterest.tw_mc_lws5_drizzlewoodcoast_pointsofinterest_pointsofinterest17" GUID="RbtP5O+7cUyUdfEUn4mjGQ=="/>
		<POI MapID="1371" xpos="-488.833" ypos="137.861" zpos="-578.697" type="tw_guides.tw_mc_lws5.tw_mc_lws5_drizzlewoodcoast_pointsofinterest.tw_mc_lws5_drizzlewoodcoast_pointsofinterest_pointsofinterest19" GUID="3290krQ6LkupEq85UcDrZQ=="/>
		<POI MapID="1371" xpos="-392.539" ypos="147.829" zpos="-282.387" type="tw_guides.tw_mc_lws5.tw_mc_lws5_drizzlewoodcoast_pointsofinterest.tw_mc_lws5_drizzlewoodcoast_pointsofinterest_pointsofinterest07" GUID="GG4f1vjzx0ymNPL1MJ2WnQ=="/>
		<POI MapID="1371" xpos="-497.873" ypos="138.66" zpos="-150.31" type="tw_guides.tw_mc_lws5.tw_mc_lws5_drizzlewoodcoast_pointsofinterest.tw_mc_lws5_drizzlewoodcoast_pointsofinterest_pointsofinterest09" GUID="60btn3iJHEW0V8TbdwZB6A=="/>
		<POI MapID="1371" xpos="431.236" ypos="67.2213" zpos="-769.084" type="tw_guides.tw_mc_lws5.tw_mc_lws5_drizzlewoodcoast_vistas.tw_mc_lws5_drizzlewoodcoast_vistas_vista07" GUID="QtZpnMj8+E2/3nry2tYUFA=="/>
		<POI MapID="1371" xpos="378.764" ypos="169.644" zpos="-1034.46" type="tw_guides.tw_mc_lws5.tw_mc_lws5_drizzlewoodcoast_vistas.tw_mc_lws5_drizzlewoodcoast_vistas_vista06" GUID="DwunvGYNkEuLV3Woz/skTg=="/>
		<POI MapID="1371" xpos="-54.2832" ypos="174.538" zpos="-1121.07" type="tw_guides.tw_mc_lws5.tw_mc_lws5_drizzlewoodcoast_vistas.tw_mc_lws5_drizzlewoodcoast_vistas_vista01" GUID="UOEiVUFH/kypRW3iwj2rQQ=="/>
		<POI MapID="1371" xpos="45.9726" ypos="46.106" zpos="-534.477" type="tw_guides.tw_mc_lws5.tw_mc_lws5_drizzlewoodcoast_vistas.tw_mc_lws5_drizzlewoodcoast_vistas_vista02" GUID="eoaFbvyhD0W5RJmn4P2P0w=="/>
		<POI MapID="1371" xpos="204.78" ypos="67.2467" zpos="-366.997" type="tw_guides.tw_mc_lws5.tw_mc_lws5_drizzlewoodcoast_vistas.tw_mc_lws5_drizzlewoodcoast_vistas_vista10" GUID="Dq3vFKCVIEqF3N3iIDOGBw=="/>
		<POI MapID="1371" xpos="-455.893" ypos="129.337" zpos="-144.917" type="tw_guides.tw_mc_lws5.tw_mc_lws5_drizzlewoodcoast_vistas.tw_mc_lws5_drizzlewoodcoast_vistas_vista04" GUID="GWW7kUQ6uE2W+w1y9BbSPw=="/>
		<POI MapID="1371" xpos="-298.399" ypos="50.9718" zpos="-35.7266" type="tw_guides.tw_mc_lws5.tw_mc_lws5_drizzlewoodcoast_vistas.tw_mc_lws5_drizzlewoodcoast_vistas_vista03" GUID="YlLT8yFitk+HAYQ3pzNRIA=="/>
		<POI MapID="1371" xpos="-203.117" ypos="181.366" zpos="-642.844" type="tw_guides.tw_mc_lws5.tw_mc_lws5_drizzlewoodcoast_vistas.tw_mc_lws5_drizzlewoodcoast_vistas_vista08" GUID="aQmJ/0YsvEmLFOw0lASRhQ=="/>
		<POI MapID="1371" xpos="538.902" ypos="77.6799" zpos="-225.562" type="tw_guides.tw_mc_lws5.tw_mc_lws5_drizzlewoodcoast_vistas.tw_mc_lws5_drizzlewoodcoast_vistas_vista05" GUID="NpuF6CgOc0asQJXReNB9dg=="/>
		<POI MapID="1330" xpos="-306.559" ypos="29.6253" zpos="-64.3888" type="tw_guides.tw_mc_lws5.tw_mc_lws5_grothmarvalley_pointsofinterest.tw_mc_lws5_grothmarvalley_pointsofinterest_pointsofinterest04" GUID="frgnMvqZ9UeXNBCqTvCzHQ=="/>
		<POI MapID="1330" xpos="-385.564" ypos="30.3975" zpos="-42.1544" type="tw_guides.tw_mc_lws5.tw_mc_lws5_grothmarvalley_pointsofinterest.tw_mc_lws5_grothmarvalley_pointsofinterest_pointsofinterest18" GUID="r+WQw5hYK0+XAROLkkqDPw=="/>
		<POI MapID="1330" xpos="-305.521" ypos="29.6539" zpos="-39.2319" type="tw_guides.tw_mc_lws5.tw_mc_lws5_grothmarvalley_waypoints.tw_mc_lws5_grothmarvalley_waypoints_waypoint01" GUID="sR2P0ejhEkGM8qjmfdLuMw=="/>
		<POI MapID="1330" xpos="-302.089" ypos="29.6341" zpos="-44.5903" type="tw_guides.tw_mc_lws5.tw_mc_lws5_trails.tw_mc_lws5_trails_grothmarvalley.tw_mc_lws5_trails_grothmarvalley_startsign" GUID="B41ujjUKqE2oQb7hDOFGaw=="/>
		<POI MapID="1330" xpos="-263.211" ypos="44.6426" zpos="126.968" type="tw_guides.tw_mc_lws5.tw_mc_lws5_grothmarvalley_pointsofinterest.tw_mc_lws5_grothmarvalley_pointsofinterest_pointsofinterest31" GUID="qMhRY/ZpQUycDSNOWAnvxg=="/>
		<POI MapID="1330" xpos="-318.447" ypos="29.3999" zpos="126.634" type="tw_guides.tw_mc_lws5.tw_mc_lws5_grothmarvalley_pointsofinterest.tw_mc_lws5_grothmarvalley_pointsofinterest_pointsofinterest27" GUID="eqKc7teVHk2EWYXzn+dofw=="/>
		<POI MapID="1330" xpos="-506.862" ypos="36.5052" zpos="225.279" type="tw_guides.tw_mc_lws5.tw_mc_lws5_grothmarvalley_pointsofinterest.tw_mc_lws5_grothmarvalley_pointsofinterest_pointsofinterest06" GUID="IQu/XQV0XE6mvSvIkertnw=="/>
		<POI MapID="1330" xpos="-483.818" ypos="46.9741" zpos="364.631" type="tw_guides.tw_mc_lws5.tw_mc_lws5_grothmarvalley_pointsofinterest.tw_mc_lws5_grothmarvalley_pointsofinterest_pointsofinterest26" GUID="79T1ti82pEWJazyi1X2ORQ=="/>
		<POI MapID="1330" xpos="-370.019" ypos="70.4263" zpos="429.152" type="tw_guides.tw_mc_lws5.tw_mc_lws5_grothmarvalley_vistas.tw_mc_lws5_grothmarvalley_vistas_vista07" GUID="8PB/eKyzXUWuleOY6iZGTw=="/>
		<POI MapID="1330" xpos="-215.217" ypos="38.9596" zpos="422.38" type="tw_guides.tw_mc_lws5.tw_mc_lws5_grothmarvalley_pointsofinterest.tw_mc_lws5_grothmarvalley_pointsofinterest_pointsofinterest15" GUID="YjUDkN+RjEWEgbG9OLvJag=="/>
		<POI MapID="1330" xpos="-14.0471" ypos="68.9915" zpos="235.837" type="tw_guides.tw_mc_lws5.tw_mc_lws5_grothmarvalley_vistas.tw_mc_lws5_grothmarvalley_vistas_vista03" GUID="lmy2Uxx3XkSY4fTL3ZhS5g=="/>
		<POI MapID="1330" xpos="-75.4042" ypos="4.28782" zpos="116.112" type="tw_guides.tw_mc_lws5.tw_mc_lws5_grothmarvalley_pointsofinterest.tw_mc_lws5_grothmarvalley_pointsofinterest_pointsofinterest01" GUID="ciqyXFlmhEqd6NTHqapxwg=="/>
		<POI MapID="1330" xpos="45.7156" ypos="45.0974" zpos="40.9366" type="tw_guides.tw_mc_lws5.tw_mc_lws5_grothmarvalley_pointsofinterest.tw_mc_lws5_grothmarvalley_pointsofinterest_pointsofinterest20" GUID="04qtz/xMsEeV+77OQndJ8Q=="/>
		<POI MapID="1330" xpos="218.354" ypos="34.9513" zpos="19.399" type="tw_guides.tw_mc_lws5.tw_mc_lws5_grothmarvalley_pointsofinterest.tw_mc_lws5_grothmarvalley_pointsofinterest_pointsofinterest02" GUID="6W5Dfs6nFUKr9GhnEnKq8Q=="/>
		<POI MapID="1330" xpos="568.559" ypos="0.758831" zpos="-131.3" type="tw_guides.tw_mc_lws5.tw_mc_lws5_grothmarvalley_pointsofinterest.tw_mc_lws5_grothmarvalley_pointsofinterest_pointsofinterest22" GUID="ZNpMFhyoeU+gdsPlhFbuhA=="/>
		<POI MapID="1330" xpos="394.164" ypos="15.5504" zpos="-219.219" type="tw_guides.tw_mc_lws5.tw_mc_lws5_grothmarvalley_pointsofinterest.tw_mc_lws5_grothmarvalley_pointsofinterest_pointsofinterest05" GUID="Q1PXkBd5ZkOUKNg+PFgKRg=="/>
		<POI MapID="1330" xpos="383.507" ypos="31.9975" zpos="-234.063" type="tw_guides.tw_mc_lws5.tw_mc_lws5_grothmarvalley_vistas.tw_mc_lws5_grothmarvalley_vistas_vista08" GUID="dIRl2nF7bEKZYqofjlsPBw=="/>
		<POI MapID="1330" xpos="-7.55634" ypos="16.4716" zpos="-91.852" type="tw_guides.tw_mc_lws5.tw_mc_lws5_grothmarvalley_pointsofinterest.tw_mc_lws5_grothmarvalley_pointsofinterest_pointsofinterest23" GUID="I0WMd0mUCk+sdjMdH2nLfA=="/>
		<POI MapID="1330" xpos="-17.8016" ypos="41.4359" zpos="-128.423" type="tw_guides.tw_mc_lws5.tw_mc_lws5_grothmarvalley_vistas.tw_mc_lws5_grothmarvalley_vistas_vista04" GUID="w2IFgDBls0W08544uosC0Q=="/>
		<POI MapID="1330" xpos="-322.348" ypos="29.5983" zpos="-138.304" type="tw_guides.tw_mc_lws5.tw_mc_lws5_grothmarvalley_pointsofinterest.tw_mc_lws5_grothmarvalley_pointsofinterest_pointsofinterest21" GUID="WT60dG6ydkqotXplLEc4Rg=="/>
		<POI MapID="1330" xpos="-237.834" ypos="84.9117" zpos="-163.623" type="tw_guides.tw_mc_lws5.tw_mc_lws5_grothmarvalley_vistas.tw_mc_lws5_grothmarvalley_vistas_vista06" GUID="6Mm6op9e9kWrxB0CYG1rvg=="/>
		<POI MapID="1330" xpos="-508.629" ypos="96.5477" zpos="-204.444" type="tw_guides.tw_mc_lws5.tw_mc_lws5_grothmarvalley_pointsofinterest.tw_mc_lws5_grothmarvalley_pointsofinterest_pointsofinterest30" GUID="ImBKFJ3NcUWxRP9wPuIANw=="/>
		<POI MapID="1330" xpos="-469.522" ypos="110.005" zpos="-275.146" type="tw_guides.tw_mc_lws5.tw_mc_lws5_grothmarvalley_pointsofinterest.tw_mc_lws5_grothmarvalley_pointsofinterest_pointsofinterest17" GUID="TFwFa3pwnUqklFGEly+Now=="/>
		<POI MapID="1330" xpos="-390.798" ypos="53.14" zpos="-248.851" type="tw_guides.tw_mc_lws5.tw_mc_lws5_grothmarvalley_pointsofinterest.tw_mc_lws5_grothmarvalley_pointsofinterest_pointsofinterest09" GUID="ec1B0ImcyEu93lGBp9xhhw=="/>
		<POI MapID="1330" xpos="-465.982" ypos="53.0485" zpos="-99.2968" type="tw_guides.tw_mc_lws5.tw_mc_lws5_grothmarvalley_pointsofinterest.tw_mc_lws5_grothmarvalley_pointsofinterest_pointsofinterest16" GUID="tMgm2lf0BkqWnapcE5KHNA=="/>
		<POI MapID="1330" xpos="-279.999" ypos="34.6648" zpos="-315.83" type="tw_guides.tw_mc_lws5.tw_mc_lws5_grothmarvalley_pointsofinterest.tw_mc_lws5_grothmarvalley_pointsofinterest_pointsofinterest07" GUID="gOg2KhjS9kemiRMPXyQ0oA=="/>
		<POI MapID="1330" xpos="-367.674" ypos="54.978" zpos="-490.289" type="tw_guides.tw_mc_lws5.tw_mc_lws5_grothmarvalley_pointsofinterest.tw_mc_lws5_grothmarvalley_pointsofinterest_pointsofinterest25" GUID="NA2lq5NkhkKR29739epT9Q=="/>
		<POI MapID="1330" xpos="-471.754" ypos="83.0038" zpos="-539.386" type="tw_guides.tw_mc_lws5.tw_mc_lws5_grothmarvalley_pointsofinterest.tw_mc_lws5_grothmarvalley_pointsofinterest_pointsofinterest24" GUID="BWfiE8+uX06ifJWymhUCtQ=="/>
		<POI MapID="1330" xpos="88.5456" ypos="55.8279" zpos="-541.742" type="tw_guides.tw_mc_lws5.tw_mc_lws5_grothmarvalley_pointsofinterest.tw_mc_lws5_grothmarvalley_pointsofinterest_pointsofinterest12" GUID="l05lfTKT2E+ra0aJEelfOA=="/>
		<POI MapID="1330" xpos="34.1556" ypos="77.1984" zpos="-544.789" type="tw_guides.tw_mc_lws5.tw_mc_lws5_grothmarvalley_vistas.tw_mc_lws5_grothmarvalley_vistas_vista09" GUID="FzxdgBwncEmeOVAt26/8ZQ=="/>
		<POI MapID="1330" xpos="219.437" ypos="29.7142" zpos="-505.191" type="tw_guides.tw_mc_lws5.tw_mc_lws5_grothmarvalley_waypoints.tw_mc_lws5_grothmarvalley_waypoints_waypoint03" GUID="Jw7e8PuoMUCbxtMEQmwOjw=="/>
		<POI MapID="1330" xpos="367.665" ypos="-0.417393" zpos="-564.569" type="tw_guides.tw_mc_lws5.tw_mc_lws5_grothmarvalley_pointsofinterest.tw_mc_lws5_grothmarvalley_pointsofinterest_pointsofinterest08" GUID="/Jcv5AVL1kCO0ZWDEHYeDQ=="/>
		<POI MapID="1330" xpos="581.809" ypos="83.2356" zpos="-407.644" type="tw_guides.tw_mc_lws5.tw_mc_lws5_grothmarvalley_pointsofinterest.tw_mc_lws5_grothmarvalley_pointsofinterest_pointsofinterest10" GUID="3CAYyJu3+E6RmV4zyYm+7g=="/>
		<POI MapID="1330" xpos="677.421" ypos="-1.05265" zpos="-419.224" type="tw_guides.tw_mc_lws5.tw_mc_lws5_grothmarvalley_pointsofinterest.tw_mc_lws5_grothmarvalley_pointsofinterest_pointsofinterest03" GUID="aG7dkhP4JkuEeEQw9j2WmQ=="/>
		<POI MapID="1330" xpos="829.729" ypos="65.8263" zpos="-117.536" type="tw_guides.tw_mc_lws5.tw_mc_lws5_grothmarvalley_pointsofinterest.tw_mc_lws5_grothmarvalley_pointsofinterest_pointsofinterest19" GUID="hlIKJ2RE+0Oeov7rCJbx/w=="/>
		<POI MapID="1330" xpos="836.131" ypos="75.893" zpos="-169.213" type="tw_guides.tw_mc_lws5.tw_mc_lws5_grothmarvalley_vistas.tw_mc_lws5_grothmarvalley_vistas_vista10" GUID="9sRoVEyXEkS7LYULIHvGAQ=="/>
		<POI MapID="1330" xpos="788.05" ypos="16.7547" zpos="343.192" type="tw_guides.tw_mc_lws5.tw_mc_lws5_grothmarvalley_vistas.tw_mc_lws5_grothmarvalley_vistas_vista02" GUID="s6wugGxyA0Wj4PVXUO/NEQ=="/>
		<POI MapID="1330" xpos="486.615" ypos="19.8282" zpos="164.988" type="tw_guides.tw_mc_lws5.tw_mc_lws5_grothmarvalley_waypoints.tw_mc_lws5_grothmarvalley_waypoints_waypoint02" GUID="LWCONGyK6ECyHfP/pT4V4Q=="/>
		<POI MapID="1330" xpos="770.755" ypos="-0.231766" zpos="386.071" type="tw_guides.tw_mc_lws5.tw_mc_lws5_grothmarvalley_pointsofinterest.tw_mc_lws5_grothmarvalley_pointsofinterest_pointsofinterest13" GUID="7UXrZxm5JkuYi8M0t+y7rQ=="/>
		<POI MapID="1330" xpos="726.801" ypos="3.69974" zpos="474.169" type="tw_guides.tw_mc_lws5.tw_mc_lws5_grothmarvalley_pointsofinterest.tw_mc_lws5_grothmarvalley_pointsofinterest_pointsofinterest11" GUID="qCkRbm2aVUiQSbCsApbAYA=="/>
		<POI MapID="1330" xpos="465.731" ypos="19.8619" zpos="533.067" type="tw_guides.tw_mc_lws5.tw_mc_lws5_grothmarvalley_pointsofinterest.tw_mc_lws5_grothmarvalley_pointsofinterest_pointsofinterest29" GUID="MLN4CNyCBEefVADRDLy8jg=="/>
		<POI MapID="1330" xpos="145.96" ypos="88.3126" zpos="389.364" type="tw_guides.tw_mc_lws5.tw_mc_lws5_grothmarvalley_pointsofinterest.tw_mc_lws5_grothmarvalley_pointsofinterest_pointsofinterest28" GUID="N14xbAGzskSxY84G9WNAKA=="/>
		<POI MapID="1330" xpos="126.313" ypos="127.804" zpos="421.015" type="tw_guides.tw_mc_lws5.tw_mc_lws5_grothmarvalley_vistas.tw_mc_lws5_grothmarvalley_vistas_vista01" GUID="IPDYuGuw30GiC8weOF4MBg=="/>
		<POI MapID="1330" xpos="-43.9226" ypos="25.5126" zpos="218.804" type="tw_guides.tw_mc_lws5.tw_mc_lws5_grothmarvalley_pointsofinterest.tw_mc_lws5_grothmarvalley_pointsofinterest_pointsofinterest14" GUID="uTPcqqoUZkCi5HSvQmoBYQ=="/>
		<POI MapID="1330" xpos="50.2332" ypos="31.9346" zpos="729.018" type="tw_guides.tw_mc_lws5.tw_mc_lws5_grothmarvalley_vistas.tw_mc_lws5_grothmarvalley_vistas_vista05" GUID="gdhNR5KvWUqufh4jrVPlEQ=="/>
		<POI MapID="1330" xpos="50.2332" ypos="31.9346" zpos="729.018" type="tw_guides.tw_mc_lws5.tw_mc_lws5_trails.tw_mc_lws5_trails_grothmarvalley.tw_mc_lws5_trails_grothmarvalley_finish" GUID="YYz879iWz0KPHYAJKnf1SA=="/>
		<Trail type="tw_guides.tw_mc_lws5.tw_mc_lws5_trails.tw_mc_lws5_trails_grothmarvalley.tw_mc_lws5_trails_grothmarvalley_toggletrail" GUID="YLwrvFYO00efT9OJbwFFpA==" fadeNear="5000" fadeFar="5100" trailData="Data/TekkitsWorkshop/MC/tw_mc_lws5_trails_grothmarvalley_toggletrail.trl" animSpeed="0" texture="Data/TekkitsWorkshop/General/tw_trail_mc.png"/>
		<Trail type="tw_guides.tw_mc_lws5.tw_mc_lws5_trails.tw_mc_lws5_trails_bjoramarches.tw_mc_lws5_trails_bjoramarches_toggletrail" GUID="AElzamB7QEOy6V/grUsdCA==" fadeNear="5000" fadeFar="5100" trailData="Data/TekkitsWorkshop/MC/tw_mc_lws5_trails_bjoramarchestrails_toggletrail.trl" animSpeed="0" texture="Data/TekkitsWorkshop/General/tw_trail_mc.png"/>
		<Trail type="tw_guides.tw_mc_lws5.tw_mc_lws5_trails.tw_mc_lws5_trails_drizzlewoodcoast.tw_mc_lws5_trails_drizzlewoodcoast_toggletrail" GUID="F6miMWQDfEe8L7WZUFEiOw==" fadeNear="5000" fadeFar="5100" trailData="Data/TekkitsWorkshop/MC/tw_mc_lws5_trails_drizzlewoodcoast_toggletrail.trl" animSpeed="0" texture="Data/TekkitsWorkshop/General/tw_trail_mc.png"/>
	</POIs>
</OverlayData>
