<!-- Beta Version: 0.01 -->
<!-- POIs: IGN: S Z G.4359 -->
<OverlayData>
	<MarkerCategory name="fvd_guide" DisplayName="[FvD] Dungeon/Fractal Guide">
		<MarkerCategory name="separatormenu01" isseparator="1" DisplayName="Build: Private 0.01 - 5.18.20"/>
		<MarkerCategory name="frac" DisplayName="Fractal Markers">
			<MarkerCategory name="collect" DisplayName="Collectible" iconFile="Data/Icons/Collections.png">
				<MarkerCategory name="chaos" DisplayName="Chaos Pages"/>
				<MarkerCategory name="nightmare" DisplayName="Nightmare Corpses"/>
				<MarkerCategory name="shattered" DisplayName="Shattered Data Keys"/>
				<MarkerCategory name="twilight" DisplayName="Twilight Bodies"/>
			</MarkerCategory>
			<MarkerCategory name="swampland" DisplayName="Swampland">
				<MarkerCategory name="dangers" DisplayName="Trap/Hazards" iconFile="Data/Icons/Danger.png" fadeNear="1600" fadeFar="1700" miniMapVisibility="0" mapVisibility="0"/>
				<MarkerCategory name="jumps" DisplayName="Jumps" iconFile="Data/Icons/Jumping_Puzzles.png" fadeNear="1600" fadeFar="3000" miniMapVisibility="0" mapVisibility="0"/>
				<MarkerCategory name="wisps" DisplayName="Wisps Help" iconFile="Data/Icons/Arrow.png"/>
			</MarkerCategory>
			<MarkerCategory name="poi" DisplayName="Arrows" iconFile="Data/Icons/Arrow.png">
				<MarkerCategory name="orbspawns" DisplayName="Nightmare Ensolyss Orbs"/>
				<MarkerCategory name="treasure" DisplayName="Siren's Beach Spawns"/>
				<MarkerCategory name="lasersafe" DisplayName="Thaumanova Laser Safe Zone" fadeNear="1600" fadeFar="1700" behavior="4" resetLength="8" triggerRange="1" autoTrigger="1"/>
				<!-- Behavior 4 removes the marker; resetLength = time in sec before reappear; triggerRange="1" means when right on top dont blind people; autoTrigger="1" makes the marker go away -->
			</MarkerCategory>
			<MarkerCategory name="skips" DisplayName="Skips">
				<MarkerCategory name="start" DisplayName="Start" iconFile="Data/Icons/Arrow.png"/>
				<MarkerCategory name="blink" DisplayName="Blinks/Teleport" iconFile="Data/Icons/Blink.png.png"/>
				<MarkerCategory name="leap" DisplayName="Leaps" iconFile="Data/Icons/Leap.png"/>
				<MarkerCategory name="jump" DisplayName="Jumps" iconFile="Data/Icons/Jumping_Puzzles.png"/>
			</MarkerCategory>
		</MarkerCategory>
	</MarkerCategory>
	<POIs>
		<!-- Sirens Reef Beach Chest Spawn -->
		<POI MapID="1309" xpos="-171.636" ypos="2.03421" zpos="-0.867186" type="fvd_guide.frac.poi.treasure" GUID="06nfanbEckC2hYAxEIeAAQ=="/>
		<POI MapID="1309" xpos="-165.021" ypos="2.53793" zpos="196.552" type="fvd_guide.frac.poi.treasure" GUID="eRGuYJoS1E6pMqwQ+nSRUw=="/>
		<!-- Nightmare Orb -->
		<POI MapID="1177" xpos="52.9637" ypos="44.6367" zpos="40.0402" type="fvd_guide.frac.poi.orbspawns" GUID="z4BBt3usWEiz4B6oSZPNmA=="/>
		<POI MapID="1177" xpos="47.8861" ypos="44.6365" zpos="26.6444" type="fvd_guide.frac.poi.orbspawns" GUID="Safm2GejH0KFQqbmDMdauQ=="/>
		<POI MapID="1177" xpos="40.401" ypos="44.6372" zpos="48.7575" type="fvd_guide.frac.poi.orbspawns" GUID="Fc39tKfYYEylUpwK6jD9Tg=="/>
		<POI MapID="1177" xpos="28.6934" ypos="44.6373" zpos="40.2782" type="fvd_guide.frac.poi.orbspawns" GUID="GeHwKqH58UqfHlKWlRIpfQ=="/>
		<POI MapID="1177" xpos="32.9332" ypos="44.6368" zpos="25.8799" type="fvd_guide.frac.poi.orbspawns" GUID="dvk2titAmEuVzRMFQfPGWA=="/>
		<!-- Underground Skip -->
		<POI MapID="953" xpos="663.336" ypos="37.7709" zpos="365.073" type="fvd_guide.frac.skips.blink" GUID="1Vqs/yUnJkKUwaPOvCA9LQ=="/>
		<!-- Cliffside Skips -->
		<!-- Skips after first seal -->
		<POI MapID="952" xpos="68.0175" ypos="609.099" zpos="95.9641" type="fvd_guide.frac.skips.blink" GUID="38WDWsJxRkmDyG/DR5lg6Q=="/>
		<POI MapID="952" xpos="68.9952" ypos="630.818" zpos="106.782" type="fvd_guide.frac.skips.blink" GUID="Nn9W5uEAnECMIhYxTSFk9A=="/>
		<!-- Skip after chest seal -->
		<POI MapID="952" xpos="59.671" ypos="666.782" zpos="-47.916" type="fvd_guide.frac.skips.blink" GUID="cvbRDmNYUUmK9h7I044MbA=="/>
		<!-- Skip after hand seal -->
		<POI MapID="952" xpos="132.091" ypos="698.089" zpos="-76.3309" type="fvd_guide.frac.skips.blink" GUID="O80AjWTYAUmQIRw7yjnFIg=="/>
		<POI MapID="952" xpos="146.612" ypos="705.354" zpos="-69.4793" type="fvd_guide.frac.skips.blink" GUID="FLjEGfUp7kiRNgCaGt0lBQ=="/>
		<POI MapID="952" xpos="159.691" ypos="716.009" zpos="-65.6418" type="fvd_guide.frac.skips.blink" GUID="Uudkmp3yzUK9OxANdrxOLg=="/>
		<!-- Aetherblade Console -->
		<POI MapID="956" xpos="-7.51339" ypos="26.5377" zpos="91.2056" type="fvd_guide.frac.poi" GUID="B8QYPddSKEm5p2Be4nn67Q=="/>
		<POI MapID="956" xpos="-38.4787" ypos="26.6904" zpos="59.0931" type="fvd_guide.frac.poi" GUID="Af3yGJAt2E2qFSXrsNaDnQ=="/>
		<POI MapID="956" xpos="-35.4923" ypos="26.7624" zpos="80.5253" type="fvd_guide.frac.poi" GUID="9v+uiBPmN0a2E86AQKE+EA=="/>
		<POI MapID="956" xpos="-23.0268" ypos="26.9513" zpos="96.488" type="fvd_guide.frac.poi" GUID="r+7anZnCrESsDjjhtC94iA=="/>
		<!-- Aether skip -->
		<POI MapID="956" xpos="-23.8672" ypos="9.23235" zpos="99.3182" type="fvd_guide.frac.skips.blink" GUID="FHxmz0qbj0Os7sKfAQcn+A=="/>
		<!-- Uncat Skips -->
		<!-- Console Port -->
		<POI MapID="947" xpos="-756.334" ypos="804.215" zpos="-779.036" type="fvd_guide.frac.skips.start" GUID="EZYB5am0UEGEbWaC3HQQpQ=="/>
		<POI MapID="947" xpos="-759.207" ypos="828.927" zpos="-782.44" type="fvd_guide.frac.skips.blink" GUID="IPVTcZcN20etE/sCKArmTw=="/>
		<!-- Blink into Old Tom Room (Optional) -->
		<POI MapID="947" xpos="-760.366" ypos="827.398" zpos="-718.488" type="fvd_guide.frac.skips.blink" GUID="Mi8XNeEe5ECwOFzZmHOWiw=="/>
		<!-- Last Boss Skip -->
		<POI MapID="947" xpos="-824.713" ypos="843.652" zpos="-729.909" type="fvd_guide.frac.skips.start" GUID="vUZsz/cIPEuNVopSaZd6Mw=="/>
		<POI MapID="947" xpos="-838.92" ypos="845.545" zpos="-720.159" type="fvd_guide.frac.skips.leap" GUID="bT82IGDkgkKyLu+8MfbNFg=="/>
		<POI MapID="947" xpos="-843.775" ypos="855.904" zpos="-708.161" type="fvd_guide.frac.skips.start" GUID="i9vrSG/3I062T4AT3QhTFA=="/>
		<POI MapID="947" xpos="-833.829" ypos="853.029" zpos="-713.314" type="fvd_guide.frac.skips.leap" GUID="D80cqEzx1k+rU6APiCjE/g=="/>
		
		<!-- Twilight Skip to 2nd sandbinder -->
		<POI MapID="1267" xpos="126.777" ypos="13.4932" zpos="77.0324" GUID="L/yHlFHdPEaml0gwQKFGgg==" type="fvd_guide.frac.skips" iconFile="Data/Icons/Arrow.png" infoRange="5" info="--&gt; Use the special action key and walk forward. You should land on the small edge. &lt;--"/>
		<POI MapID="1267" xpos="128.102" ypos="24.3595" zpos="76.5743" GUID="j4gPEumNMUi30NWwo0RQIQ==" type="fvd_guide.frac.skips" iconFile="Data/Icons/Arrow.png"/>
		<POI MapID="1267" xpos="126.135" ypos="32.7954" zpos="75.1858" GUID="2ulMb8W/402kw+4MvrxePQ==" type="fvd_guide.frac.skips" iconFile="Data/Icons/Arrow.png"/>
		<POI MapID="1267" xpos="130.535" ypos="36.7816" zpos="66.6659" GUID="x2DwI83esEWpPNQGbdmPuQ==" type="fvd_guide.frac.skips" iconFile="Data/Icons/Arrow.png"/>
		
		<!-- Urban Battlegrounds Baricade Skip -->
		<POI MapID="950" xpos="293.039" ypos="3.03753" zpos="684.22" GUID="JngXViOqVE2tpzJShUkW0g==" type="fvd_guide.frac.skips" infoRange="5" info="--&gt; Skip really saves time, if the left paths are blocked. &lt;--"/>
		<POI MapID="950" xpos="290.476" ypos="6.69833" zpos="690.624" GUID="HkarmLOAjEuVlMhq1mt20g==" type="fvd_guide.frac.skips"/>
		<POI MapID="950" xpos="286.381" ypos="9.50711" zpos="686.772" GUID="CdjLooIF+kCcER5R5Oy+Sg==" type="fvd_guide.frac.skips"/>
		<POI MapID="950" xpos="279.836" ypos="12.3436" zpos="681.555" GUID="doLhTecZDk63K/xwd5oZNg==" type="fvd_guide.frac.skips" infoRange="5" info="--&gt; Leap to the light post then to the marker higher. &lt;--"/>
		<POI MapID="950" xpos="275.363" ypos="13.0194" zpos="676.316" GUID="8eyu4t1L8U62s6ByFaE8Ag==" type="fvd_guide.frac.skips"/>
		<POI MapID="950" xpos="280.286" ypos="15.5314" zpos="681.949" GUID="x/F+dHh610yC474KIKtD8Q==" type="fvd_guide.frac.skips"/>
		<POI MapID="950" xpos="282.441" ypos="18.9181" zpos="688.179" GUID="ZLK+n/sMuU29I3KAhjnaJA==" type="fvd_guide.frac.skips"/>
		<POI MapID="950" xpos="287.759" ypos="22.1941" zpos="692.4" GUID="E+q4JRKhj0SmRk+9PhYHWw==" type="fvd_guide.frac.skips"/>
		<POI MapID="950" xpos="286.804" ypos="22.6709" zpos="707.708" GUID="EXVKEs7ycEG6yUYMN9Ry/w==" type="fvd_guide.frac.skips"/>
		<POI MapID="950" xpos="279.236" ypos="19.5982" zpos="719.864" GUID="eHndVh/T8EmKTkvqxIgbjg==" type="fvd_guide.frac.skips"/>
		<POI MapID="950" xpos="277.243" ypos="7.70651" zpos="728.863" GUID="0wSCWvY5HUOjQqrui7jUCQ==" iconFile="Data/Icons/Arrow.png"/>
		
		<!-- Thaumanova Reactor Laser Safe Zone -->
		<POI MapID="957" xpos="-18.6935" ypos="37.3121" zpos="-159.846" GUID="svJNCJve5kyuVzKVOYA7Gg==" type="fvd_guide.frac.poi.lasersafe" autoTrigger="0" infoRange="5" info="--&gt; Arrows will mark an area that is safe from the laser stun. You will still have to watch out for the golems. &lt;--"/>
		<POI MapID="957" xpos="-7.83989" ypos="36.4647" zpos="-178.533" GUID="/xdQdVLiJUucbyeohgya1g==" type="fvd_guide.frac.poi.lasersafe"/>
		<POI MapID="957" xpos="8.53886" ypos="36.4647" zpos="-186.275" GUID="+tLV8G/clEyP0XfHgW5L1w==" type="fvd_guide.frac.poi.lasersafe"/>
		<POI MapID="957" xpos="15.3578" ypos="36.4647" zpos="-209.298" GUID="7VcJm5rBtkilLEU7a/Emdw==" type="fvd_guide.frac.poi.lasersafe"/>
		<POI MapID="957" xpos="-2.91917" ypos="36.4647" zpos="-215.984" GUID="DjO0qr8fQECF7F7sYp6ICA==" type="fvd_guide.frac.poi.lasersafe"/>
		<POI MapID="957" xpos="-4.33581" ypos="36.4647" zpos="-202.971" GUID="wB5cGzPACUGE345yqlp8uQ==" type="fvd_guide.frac.poi.lasersafe"/>
		<POI MapID="957" xpos="-9.49728" ypos="36.4649" zpos="-215.035" GUID="rXHGl4eMVkCjb2g4nDhA0A==" type="fvd_guide.frac.poi.lasersafe"/>
		<POI MapID="957" xpos="-36.6226" ypos="36.4647" zpos="-199.71" GUID="S7FFNIA1zkW0j82U8dUyZg==" type="fvd_guide.frac.poi.lasersafe"/>
		
		<!-- SWAMPLAND -->

		<!-- Swampland Wisps -->
		<POI MapID="949" xpos="-164.174" ypos="0.999871" zpos="-166.713" type="fvd_guide.frac.swampland.wisps" GUID="lFOD0HDtwkCPQBeOFhpSTA=="/>
		<POI MapID="949" xpos="-72.6141" ypos="0.887018" zpos="-179.496" type="fvd_guide.frac.swampland.wisps" GUID="VcaAWzkYWkmQE/yXhd1t6Q=="/>
		<POI MapID="949" xpos="-69.3574" ypos="-0.19771" zpos="-88.4938" type="fvd_guide.frac.swampland.wisps" GUID="kBNO4z1h7EO7zo8hE/pykA=="/>
		<POI MapID="949" xpos="-152.966" ypos="0.762751" zpos="-87.4196" type="fvd_guide.frac.swampland.wisps" GUID="bkAEWDZYj0ir9E7jA+CC7g=="/>
		<!-- ALL TRAPS -->
		<!-- Swampland Traps -->
		<POI MapID="949" xpos="38.8765" ypos="-0.0405143" zpos="129.314" type="fvd_guide.frac.swampland.dangers" GUID="4PQDCgFnzUiyuG2RBB1r7w=="/>
		<POI MapID="949" xpos="40.118" ypos="0.639848" zpos="106.211" type="fvd_guide.frac.swampland.dangers" GUID="wjjkSoh0C0ualoBLoVZFUg=="/>
		<POI MapID="949" xpos="-16.6315" ypos="1.80744" zpos="97.9698" type="fvd_guide.frac.swampland.dangers" GUID="aqJz2nMQ1UWgQrdbul4LDQ=="/>
		<POI MapID="949" xpos="-24.5942" ypos="1.11606" zpos="110.52" type="fvd_guide.frac.swampland.dangers" GUID="3/UILg9lKEio0qUTYIf38w=="/>
		<POI MapID="949" xpos="-24.4534" ypos="1.08644" zpos="115.477" type="fvd_guide.frac.swampland.dangers" GUID="WvLvnlxQvkWdv0KAJrzYEQ=="/>
		<POI MapID="949" xpos="-21.6072" ypos="0.821412" zpos="116.68" type="fvd_guide.frac.swampland.dangers" GUID="7whCEBgwm0izqbZbG3xOqw=="/>
		<POI MapID="949" xpos="-18.9054" ypos="0.601029" zpos="114.018" type="fvd_guide.frac.swampland.dangers" GUID="liE3LSydiU+2b9pPH9jwQA=="/>
		<POI MapID="949" xpos="-15.4976" ypos="0.47807" zpos="115.671" type="fvd_guide.frac.swampland.dangers" GUID="BxAHnOZuUkGrdOslt+t3cw=="/>
		<POI MapID="949" xpos="-15.0546" ypos="0.456557" zpos="112.986" type="fvd_guide.frac.swampland.dangers" GUID="vWg1youVNUGqeNWSJkSXbA=="/>
		<POI MapID="949" xpos="-22.6838" ypos="1.51665" zpos="127.674" type="fvd_guide.frac.swampland.dangers" GUID="z4LdzCpK+UWdZxnBJ8mLzQ=="/>
		<POI MapID="949" xpos="-25.859" ypos="1.78539" zpos="131.378" type="fvd_guide.frac.swampland.dangers" GUID="FLGU9k6CBEGq8q15kXmBpQ=="/>
		<POI MapID="949" xpos="-18.4229" ypos="1.43459" zpos="132.866" type="fvd_guide.frac.swampland.dangers" GUID="1HPA26gL3ECOLzfVs1dTWQ=="/>
		<POI MapID="949" xpos="-14.4739" ypos="1.13573" zpos="129.899" type="fvd_guide.frac.swampland.dangers" GUID="piDUT6wwZUeo4y+Rk5cNuw=="/>
		<POI MapID="949" xpos="-16.0697" ypos="1.46447" zpos="135.194" type="fvd_guide.frac.swampland.dangers" GUID="hpBy3qWmWUiYACSP2lEQ+A=="/>
		<POI MapID="949" xpos="-19.9015" ypos="1.99029" zpos="137.779" type="fvd_guide.frac.swampland.dangers" GUID="GPBjPwErgUCsogKzn+TSMA=="/>
		<POI MapID="949" xpos="-12.378" ypos="0.940857" zpos="142.636" type="fvd_guide.frac.swampland.dangers" GUID="qop0Uc1GHU2bBfbsYpatqw=="/>
		<POI MapID="949" xpos="-6.62696" ypos="0.223275" zpos="129.046" type="fvd_guide.frac.swampland.dangers" GUID="HiyB7a3E4UKPGUxmTDzRKQ=="/>
		<POI MapID="949" xpos="-6.12533" ypos="0.459969" zpos="126.789" type="fvd_guide.frac.swampland.dangers" GUID="AzL7GemEhESo2BNkc6W5Vg=="/>
		<POI MapID="949" xpos="-6.98681" ypos="0.637093" zpos="123.651" type="fvd_guide.frac.swampland.dangers" GUID="roagUrfTlUCocAbbx0FdKQ=="/>
		<POI MapID="949" xpos="28.1598" ypos="0.366134" zpos="143.022" type="fvd_guide.frac.swampland.dangers" GUID="p0o8VsX2hUyDHs1I1w6H3Q=="/>
		<POI MapID="949" xpos="27.022" ypos="0.405384" zpos="175.605" type="fvd_guide.frac.swampland.dangers" GUID="AInCBGL/tEC+J7BlyUkurA=="/>
		<POI MapID="949" xpos="25.6773" ypos="0.40539" zpos="180.901" type="fvd_guide.frac.swampland.dangers" GUID="Yp6lVqCxe0apuHVFEI6+xg=="/>
		<POI MapID="949" xpos="12.2684" ypos="0.48309" zpos="174.853" type="fvd_guide.frac.swampland.dangers" GUID="E31+MJlG1kG2EN5SsF/FAg=="/>
		<POI MapID="949" xpos="96.7976" ypos="0.254588" zpos="129.96" type="fvd_guide.frac.swampland.dangers" GUID="Or4ue4WInU21HHyQBkdj6A=="/>
		<POI MapID="949" xpos="138.579" ypos="0.571612" zpos="128.366" type="fvd_guide.frac.swampland.dangers" GUID="6SL1qMJ8dEO0gIiIaC1Spw=="/>
		<POI MapID="949" xpos="139.71" ypos="0.408799" zpos="168.674" type="fvd_guide.frac.swampland.dangers" GUID="3v73RwL1qUaruZsgHokrWQ=="/>
		<POI MapID="949" xpos="131.113" ypos="0.413851" zpos="165.521" type="fvd_guide.frac.swampland.dangers" GUID="iJKjAqMsJEWYiNd14Ctu2Q=="/>
		<POI MapID="949" xpos="137.578" ypos="0.523042" zpos="161.94" type="fvd_guide.frac.swampland.dangers" GUID="LHRneZMNDkGqvHmxjybanQ=="/>
		<POI MapID="949" xpos="145.857" ypos="0.790803" zpos="161.43" type="fvd_guide.frac.swampland.dangers" GUID="fgbPFo3wDEWasMurYFwInA=="/>
		<POI MapID="949" xpos="150.353" ypos="0.56449" zpos="155.347" type="fvd_guide.frac.swampland.dangers" GUID="l8e/Ya5nPUuWxkcnBmlSRQ=="/>
		<POI MapID="949" xpos="159.069" ypos="1.46402" zpos="152.953" type="fvd_guide.frac.swampland.dangers" GUID="jbUtsgqqsEyGOo9RqFTD6w=="/>
		<POI MapID="949" xpos="153.082" ypos="0.597494" zpos="147.021" type="fvd_guide.frac.swampland.dangers" GUID="oMllpXJKMk2HKlsAWusoqw=="/>
		<POI MapID="949" xpos="155.688" ypos="0.709036" zpos="138.358" type="fvd_guide.frac.swampland.dangers" GUID="Vpue7jG5OEaeZSOkwbqtcA=="/>
		<POI MapID="949" xpos="148.416" ypos="0.357898" zpos="137.463" type="fvd_guide.frac.swampland.dangers" GUID="HRUKmjEZ50ePeSsX1fpU6Q=="/>
		<POI MapID="949" xpos="97.5205" ypos="0.254972" zpos="179.533" type="fvd_guide.frac.swampland.dangers" GUID="X2mZxQX+ZkiN2lrYgPC3/A=="/>
		<POI MapID="949" xpos="53.8809" ypos="0.395084" zpos="178.12" type="fvd_guide.frac.swampland.dangers" GUID="cK2TZicec0m8qTA4Dol+9A=="/>
		<POI MapID="949" xpos="34.3584" ypos="0.405162" zpos="184.544" type="fvd_guide.frac.swampland.dangers" GUID="fIIxH5GPmEWJRa+BZ1Y22w=="/>
		<POI MapID="949" xpos="6.81001" ypos="0.69503" zpos="67.447" type="fvd_guide.frac.swampland.dangers" GUID="52pgqzv35EmlsyDnXHTUZA=="/>
		<POI MapID="949" xpos="46.2802" ypos="0.753861" zpos="73.6985" type="fvd_guide.frac.swampland.dangers" GUID="xZ/aS7enUk+UG70ggnmpXg=="/>
		<POI MapID="949" xpos="52.9576" ypos="0.718611" zpos="76.5891" type="fvd_guide.frac.swampland.dangers" GUID="nssj5myNRkOKv85j/3J3zw=="/>
		<POI MapID="949" xpos="54.4489" ypos="0.617566" zpos="74.5738" type="fvd_guide.frac.swampland.dangers" GUID="IWG+WBIJtk2/Zt/UMVQSNA=="/>
		<POI MapID="949" xpos="56.9453" ypos="0.528799" zpos="73.7672" type="fvd_guide.frac.swampland.dangers" GUID="A1ou4t7xIkC/87SMk4EZOQ=="/>
		<POI MapID="949" xpos="99.7026" ypos="1.17032" zpos="58.4362" type="fvd_guide.frac.swampland.dangers" GUID="Csc6M7Xvg06c2qOgWz9dWw=="/>
		<POI MapID="949" xpos="100.817" ypos="1.15523" zpos="54.0994" type="fvd_guide.frac.swampland.dangers" GUID="g5wuFDoYFUWk/4PF3a06Tw=="/>
		<POI MapID="949" xpos="99.6835" ypos="0.826141" zpos="56.4308" type="fvd_guide.frac.swampland.dangers" GUID="QqxPtInBX0+AY6gFWfVfqg=="/>
		<POI MapID="949" xpos="99.8469" ypos="1.24202" zpos="51.3272" type="fvd_guide.frac.swampland.dangers" GUID="YUSyeQlrxUKoBHI6ezrhBg=="/>
		<POI MapID="949" xpos="98.6072" ypos="1.10018" zpos="60.3327" type="fvd_guide.frac.swampland.dangers" GUID="X2ozRpZV9E66l1UKVE2FPw=="/>
		<POI MapID="949" xpos="99.2846" ypos="1.10853" zpos="75.024" type="fvd_guide.frac.swampland.dangers" GUID="ujA3XM9j7EmUcAK17aXEkg=="/>
		<POI MapID="949" xpos="99.9301" ypos="0.40818" zpos="70.2985" type="fvd_guide.frac.swampland.dangers" GUID="JVtwihWKu0S0VJZ4cnUVUw=="/>
		<POI MapID="949" xpos="114.581" ypos="1.00445" zpos="70.8973" type="fvd_guide.frac.swampland.dangers" GUID="4S97YdLcbk+hHVxtNzVPWg=="/>
		<POI MapID="949" xpos="112.725" ypos="0.509223" zpos="65.6241" type="fvd_guide.frac.swampland.dangers" GUID="UZGequv9b0yPrM2KZbO7Qg=="/>
		<POI MapID="949" xpos="60.3963" ypos="0.43135" zpos="163.591" type="fvd_guide.frac.swampland.dangers" GUID="FqOgUTeMLU2cYU+wcmOxrQ=="/>
		<POI MapID="949" xpos="57.5867" ypos="0.338993" zpos="164.43" type="fvd_guide.frac.swampland.dangers" GUID="6XfBs7hVBUCVVYMppXsmTA=="/>
		<POI MapID="949" xpos="28.3579" ypos="0.419099" zpos="171.702" type="fvd_guide.frac.swampland.dangers" GUID="JFY5VL9dr0STu4Z65qRW9Q=="/>
		<POI MapID="949" xpos="44.6921" ypos="0.744902" zpos="188.144" type="fvd_guide.frac.swampland.dangers" GUID="dP9uM2tfNk28KUh9oK9lGA=="/>
		<POI MapID="949" xpos="55.5239" ypos="0.669368" zpos="188.445" type="fvd_guide.frac.swampland.dangers" GUID="YXbZIfuATE2WeI7BkbaNCQ=="/>
		<POI MapID="949" xpos="73.7786" ypos="0.346775" zpos="87.4043" type="fvd_guide.frac.swampland.dangers" GUID="bEoLJc/6gkOXibRmSHIkyg=="/>
		<POI MapID="949" xpos="99.964" ypos="0.453116" zpos="96.8302" type="fvd_guide.frac.swampland.dangers" GUID="65B0AqAqy0S2eUCtchXqyw=="/>
		<POI MapID="949" xpos="99.3058" ypos="0.331956" zpos="91.1555" type="fvd_guide.frac.swampland.dangers" GUID="NnzWXXDWXU2qoPs1OYio/A=="/>
		<POI MapID="949" xpos="99.3058" ypos="0.331956" zpos="91.1555" type="fvd_guide.frac.swampland.dangers" GUID="NnzWXXDWXU2qoPs1OYio/A=="/>
		<POI MapID="949" xpos="-19.4944" ypos="1.24738" zpos="126.119" type="fvd_guide.frac.swampland.dangers" GUID="/06+bpg0EUubvyjQ0LImqA=="/>
		<POI MapID="949" xpos="-19.4944" ypos="1.24738" zpos="126.119" type="fvd_guide.frac.swampland.dangers" GUID="/06+bpg0EUubvyjQ0LImqA=="/>
		<POI MapID="949" xpos="90.8588" ypos="0.0296212" zpos="131.293" type="fvd_guide.frac.swampland.dangers" GUID="p11bCCZNBEyBCy+HXR/GPg=="/>
		<POI MapID="949" xpos="41.2343" ypos="0.487863" zpos="70.7174" type="fvd_guide.frac.swampland.dangers" GUID="4yRAzqvbGE6WgCCY6FKoqg=="/>
		<POI MapID="949" xpos="46.9953" ypos="0.107742" zpos="63.4671" type="fvd_guide.frac.swampland.dangers" GUID="WwkwXeAIqEqADzW/FSVPwg=="/>
		<POI MapID="949" xpos="96.4182" ypos="0.251596" zpos="125.585" type="fvd_guide.frac.swampland.dangers" GUID="5gPghfrDl0mFisR/e54i3Q=="/>
		<POI MapID="949" xpos="37.5569" ypos="0.245888" zpos="172.594" type="fvd_guide.frac.swampland.dangers" GUID="qGq96/AqnE2jJvdzgwUGWA=="/>
		<POI MapID="949" xpos="142.553" ypos="0.898317" zpos="129.423" type="fvd_guide.frac.swampland.dangers" GUID="xpsw4XTNPU2r0o6Q25c4+w=="/>
		<POI MapID="949" xpos="143.508" ypos="0.900247" zpos="125.921" type="fvd_guide.frac.swampland.dangers" GUID="eiYeksCAbUmL7QY0ijIQhA=="/>
		<POI MapID="949" xpos="21.1365" ypos="-0.539122" zpos="-7.34947" type="fvd_guide.frac.swampland.dangers" GUID="YjZt+PmrIEGMgBh8DoCs5g=="/>
		<POI MapID="949" xpos="17.6523" ypos="-0.454582" zpos="-7.18979" type="fvd_guide.frac.swampland.dangers" GUID="goxJ/b70/UCOggWn8divkg=="/>
		<POI MapID="949" xpos="112.672" ypos="0.699916" zpos="60.1721" type="fvd_guide.frac.swampland.dangers" GUID="ZsnU6tbNYkKU7gXkLdNM/Q=="/>
		<POI MapID="949" xpos="111.877" ypos="1.34747" zpos="158.051" type="fvd_guide.frac.swampland.dangers" GUID="YAQp+vORHkCtXmvStm39Qg=="/>
		<POI MapID="949" xpos="43.6301" ypos="0.142122" zpos="174.118" type="fvd_guide.frac.swampland.dangers" GUID="GE+ksN1iHkq+/LgUskc20Q=="/>
		<POI MapID="949" xpos="-15.868" ypos="1.0937" zpos="126" type="fvd_guide.frac.swampland.dangers" GUID="wdqLy3BkTEa+LrvYk/VpAA=="/>
		<POI MapID="949" xpos="43.0892" ypos="0.308588" zpos="137.607" type="fvd_guide.frac.swampland.dangers" GUID="JoZLTzLMeUKw93e4qz0Z9w=="/>
		<POI MapID="949" xpos="81.3377" ypos="-0.0168091" zpos="107.138" type="fvd_guide.frac.swampland.dangers" GUID="PbkKU39vg0SMlyQlwADSiQ=="/>
		<POI MapID="949" xpos="114.198" ypos="0.408048" zpos="93.1804" type="fvd_guide.frac.swampland.dangers" GUID="ljf2JyyZ10OWrWGPlj9f3A=="/>
		<POI MapID="949" xpos="85.6653" ypos="0.0838232" zpos="94.7276" type="fvd_guide.frac.swampland.dangers" GUID="MhmfrKb1/EeEZvDDU4iDig=="/>
		<POI MapID="949" xpos="21.434" ypos="-0.15451" zpos="-14.0465" type="fvd_guide.frac.swampland.dangers" GUID="FfmwE4UV10+4v54By+7+6A=="/>
		<!-- JUMP MARKERS -->
		<!-- Swampland Jumps -->
		<!-- -->
		<POI MapID="949" xpos="-10.011" ypos="1.97011" zpos="108.53" type="fvd_guide.frac.swampland.jumps" GUID="EYAeAJhmh0SGJajpwcTK7g=="/>
		<POI MapID="949" xpos="-10.4775" ypos="4.02113" zpos="106.237" type="fvd_guide.frac.swampland.jumps" GUID="L1eq3/HAtEGw/a/SavL4UQ=="/>
		<POI MapID="949" xpos="-10.5667" ypos="6.63292" zpos="103.573" type="fvd_guide.frac.swampland.jumps" GUID="gzyK6La1q0WDS8nPycWvQQ=="/>
		<POI MapID="949" xpos="-8.12681" ypos="7.7079" zpos="100.569" type="fvd_guide.frac.swampland.jumps" GUID="OufrmEy88U62x81KiDG55g=="/>
		<!-- -->
		<POI MapID="949" xpos="26.7418" ypos="2.46489" zpos="148.039" type="fvd_guide.frac.swampland.jumps" GUID="AvxMulGiLESlGouzjzASSA=="/>
		<POI MapID="949" xpos="26.3788" ypos="6.21743" zpos="154.81" type="fvd_guide.frac.swampland.jumps" GUID="yLdc1AHWr0iNBTmp3+Y8Hg=="/>
		<POI MapID="949" xpos="27.8177" ypos="4.91687" zpos="149.866" type="fvd_guide.frac.swampland.jumps" GUID="NfxZjAAfKkihnnVT10qqnw=="/>
		<POI MapID="949" xpos="28.2049" ypos="7.28605" zpos="157.387" type="fvd_guide.frac.swampland.jumps" GUID="/XX+n6eH30OEa8pLFQD3bw=="/>
		<POI MapID="949" xpos="31.7009" ypos="8.47062" zpos="161.11" type="fvd_guide.frac.swampland.jumps" GUID="H13cunnxT0eNZPNGQ2Y/Vw=="/>
		<!--  -->
		<POI MapID="949" xpos="-2.11625" ypos="2.88613" zpos="167.659" type="fvd_guide.frac.swampland.jumps" GUID="A7vMaAq+B0+HzJ46VAQw5g=="/>
		<POI MapID="949" xpos="-3.78574" ypos="5.33652" zpos="166.608" type="fvd_guide.frac.swampland.jumps" GUID="ycljhjRyGUOxNe3/jTgBxA=="/>
		<POI MapID="949" xpos="-5.78744" ypos="8.37485" zpos="164.776" type="fvd_guide.frac.swampland.jumps" GUID="GpKt//XgCkm8NEXnEZ2fQA=="/>
		<POI MapID="949" xpos="-8.14377" ypos="10.0665" zpos="159.707" type="fvd_guide.frac.swampland.jumps" GUID="BIGsM3H5+ka5oCXLDsAANQ=="/>
		<!--  -->
		<POI MapID="949" xpos="38.2115" ypos="2.63478" zpos="89.3688" type="fvd_guide.frac.swampland.jumps" GUID="iZi4l+ma3k2HhALH2XuDMw=="/>
		<POI MapID="949" xpos="38.5725" ypos="4.43105" zpos="86.1155" type="fvd_guide.frac.swampland.jumps" GUID="nmbClWTXwE2HvuQlWf9RRw=="/>
		<POI MapID="949" xpos="35.9427" ypos="5.86664" zpos="84.2212" type="fvd_guide.frac.swampland.jumps" GUID="Guf0WD6FYE+fxl1xug1ldw=="/>
		<POI MapID="949" xpos="46.8982" ypos="1.36628" zpos="81.6009" type="fvd_guide.frac.swampland.jumps" GUID="PIUUU78W5EKnF68rMyYCJw=="/>
		<POI MapID="949" xpos="48.3305" ypos="3.32144" zpos="79.9465" type="fvd_guide.frac.swampland.jumps" GUID="EpKhSE65wkqqSlJrpTn/4A=="/>
		<POI MapID="949" xpos="47.7686" ypos="5.37549" zpos="76.2415" type="fvd_guide.frac.swampland.jumps" GUID="PsLxKYqvz0Cgb183kyq0yg=="/>
		<!--  -->
		<POI MapID="949" xpos="25.9041" ypos="2.90577" zpos="109.152" type="fvd_guide.frac.swampland.jumps" GUID="pbIlNSrVY0G+S52fC8Igrw=="/>
		<POI MapID="949" xpos="26.7024" ypos="5.90902" zpos="106.517" type="fvd_guide.frac.swampland.jumps" GUID="NeEJI5Y2L0uXr2fFOQ6n8Q=="/>
		<POI MapID="949" xpos="26.326" ypos="7.85796" zpos="104.466" type="fvd_guide.frac.swampland.jumps" GUID="qylwWtmkXUamufo+GpyFOw=="/>
		<!--  -->
		<POI MapID="949" xpos="14.0905" ypos="1.39608" zpos="101.469" type="fvd_guide.frac.swampland.jumps" GUID="7SQfcaw1mUyDPi/D/wi/9g=="/>
		<POI MapID="949" xpos="14.5478" ypos="2.80757" zpos="103.287" type="fvd_guide.frac.swampland.jumps" GUID="iy6KAqP5IEqRfQ7ZEaKzZA=="/>
		<POI MapID="949" xpos="12.598" ypos="5.78812" zpos="105.686" type="fvd_guide.frac.swampland.jumps" GUID="Pv+62Zl0EEWTke0/bXp0LQ=="/>
		<!--  -->
		<POI MapID="949" xpos="136.957" ypos="2.4932" zpos="135.534" type="fvd_guide.frac.swampland.jumps" GUID="LA29tEptt0ekjGk5d7Vc6Q=="/>
		<POI MapID="949" xpos="135.906" ypos="4.08976" zpos="132.324" type="fvd_guide.frac.swampland.jumps" GUID="wMXXBM0wWEeyEAqg0bG6Pw=="/>
		<POI MapID="949" xpos="133.403" ypos="5.22236" zpos="131.463" type="fvd_guide.frac.swampland.jumps" GUID="/ypKPZ1JK0Kz2PtqPp4rnQ=="/>
		<POI MapID="949" xpos="131.144" ypos="5.05526" zpos="128.95" type="fvd_guide.frac.swampland.jumps" GUID="8Nv+GCz3mkC3+QNL3EhBFA=="/>
		<POI MapID="949" xpos="126.851" ypos="3.61419" zpos="126.954" type="fvd_guide.frac.swampland.jumps" GUID="m1KuEf7wC0yvkKkoytT8/Q=="/>
		<!--  -->
		<POI MapID="949" xpos="111.899" ypos="2.10166" zpos="141.885" type="fvd_guide.frac.swampland.jumps" GUID="2rNFzuIig0udjpQUDvkY7A=="/>
		<POI MapID="949" xpos="111.256" ypos="4.2523" zpos="140.397" type="fvd_guide.frac.swampland.jumps" GUID="22DpFtvkm0KWFtllzSR/9g=="/>
		<POI MapID="949" xpos="110.961" ypos="7.4818" zpos="137.975" type="fvd_guide.frac.swampland.jumps" GUID="zQ77CklN+Ees5ZeHIVsS1A=="/>
		<POI MapID="949" xpos="110.656" ypos="8.47669" zpos="133.606" type="fvd_guide.frac.swampland.jumps" GUID="+kxNxDEeRk27Em+cxmYHuw=="/>
		<!--  -->
		<POI MapID="949" xpos="93.2516" ypos="2.8049" zpos="136.366" type="fvd_guide.frac.swampland.jumps" GUID="rMVZYqfDEUqxqLYbfu2Bew=="/>
		<POI MapID="949" xpos="93.1537" ypos="6.07732" zpos="139.534" type="fvd_guide.frac.swampland.jumps" GUID="m8lY0dRTj0WgrDGvDKnvfQ=="/>
		<!--  -->
		<POI MapID="949" xpos="57.8351" ypos="2.12787" zpos="126.322" type="fvd_guide.frac.swampland.jumps" GUID="76CuO2600ky0re+4y4M3hw=="/>
		<POI MapID="949" xpos="62.2001" ypos="3.89252" zpos="123.997" type="fvd_guide.frac.swampland.jumps" GUID="rR1YD1PrJU6DNxRXMhiY6g=="/>
		<POI MapID="949" xpos="60.5136" ypos="5.85476" zpos="121.618" type="fvd_guide.frac.swampland.jumps" GUID="Klj2sZhuP0OrLHg566fmcA=="/>
		<!--  -->
		<POI MapID="949" xpos="52.675" ypos="2.39717" zpos="170.516" type="fvd_guide.frac.swampland.jumps" GUID="LO+tLBoKHk6GiAujfNUyfg=="/>
		<POI MapID="949" xpos="50.1138" ypos="4.20505" zpos="167.833" type="fvd_guide.frac.swampland.jumps" GUID="j61F3ufA3kG8V7UthfBN/w=="/>
		<POI MapID="949" xpos="50.8815" ypos="6.22982" zpos="163.806" type="fvd_guide.frac.swampland.jumps" GUID="pF3PgvcyiEWA4QGIsVce7Q=="/>
		<!--  -->
		<POI MapID="949" xpos="59.6614" ypos="2.44686" zpos="68.1384" type="fvd_guide.frac.swampland.jumps" GUID="zkHYHlOJ/0KG28oRumymLw=="/>
		<POI MapID="949" xpos="60.7996" ypos="5.00121" zpos="70.0087" type="fvd_guide.frac.swampland.jumps" GUID="yRz2e6/ej0y119NTcSEr2Q=="/>
		<POI MapID="949" xpos="62.5997" ypos="5.71896" zpos="73.0555" type="fvd_guide.frac.swampland.jumps" GUID="IYkHKsHBGkWKTd+X//cVvA=="/>
		<POI MapID="949" xpos="59.4447" ypos="1.9303" zpos="75.8984" type="fvd_guide.frac.swampland.jumps" GUID="+n23iQpXk067mPiOj79GOQ=="/>
		<POI MapID="949" xpos="60.3781" ypos="4.47138" zpos="72.9795" type="fvd_guide.frac.swampland.jumps" GUID="rRDlVf2+CU+GCUGz5LsoGA=="/>
		<!--  -->
		<POI MapID="949" xpos="67.5304" ypos="1.88871" zpos="109.613" type="fvd_guide.frac.swampland.jumps" GUID="QuvVoCoO5kqR7GwCVFAj4A=="/>
		<POI MapID="949" xpos="69.3513" ypos="4.47154" zpos="112.328" type="fvd_guide.frac.swampland.jumps" GUID="1wBL596xaU6iww7yh8gOmw=="/>
		<POI MapID="949" xpos="70.0662" ypos="5.79505" zpos="116.148" type="fvd_guide.frac.swampland.jumps" GUID="qEksu4B23Emgju1sYuaTEQ=="/>
		<POI MapID="949" xpos="73.4498" ypos="7.99446" zpos="116.526" type="fvd_guide.frac.swampland.jumps" GUID="vlBsQEPtVU+zqU5LlIFQCw=="/>
		<!--  -->
		<POI MapID="949" xpos="73.3835" ypos="2.1173" zpos="123.135" type="fvd_guide.frac.swampland.jumps" GUID="+XXdMJXol066ju9WmvCFxA=="/>
		<POI MapID="949" xpos="72.4166" ypos="4.06251" zpos="121.16" type="fvd_guide.frac.swampland.jumps" GUID="mn+LK9hT/0iQhnrbIWr3GQ=="/>
		<POI MapID="949" xpos="72.7865" ypos="6.82625" zpos="118.676" type="fvd_guide.frac.swampland.jumps" GUID="FPmBtcjsBkaC9o0NKwqaLg=="/>
		<!--  -->
		<POI MapID="949" xpos="78.6501" ypos="2.55847" zpos="146.249" type="fvd_guide.frac.swampland.jumps" GUID="VNm3HkJnokStkAzZzJobkA=="/>
		<POI MapID="949" xpos="83.131" ypos="7.95055" zpos="144.392" type="fvd_guide.frac.swampland.jumps" GUID="qGGLDUnTB0iLDck6qWU//g=="/>
		<POI MapID="949" xpos="80.4789" ypos="4.80753" zpos="144.317"  type="fvd_guide.frac.swampland.jumps" GUID="6OHfKgmBOUCbgw05UJZHyQ=="/>
		<POI MapID="949" xpos="86.7458" ypos="10.5945" zpos="145.433"  type="fvd_guide.frac.swampland.jumps" GUID="2iEKC1UHzESNaR0Mm/FoEg=="/>
		<!--  -->
		<POI MapID="949" xpos="89.022" ypos="4.85688" zpos="81.6413" type="fvd_guide.frac.swampland.jumps" GUID="GPBFTI7Ds0W0bCjMwBD2nQ=="/>
		<POI MapID="949" xpos="91.343" ypos="0.00992072" zpos="88.3819" type="fvd_guide.frac.swampland.jumps" GUID="iZHJ1V5uKEKN7NDg7WUYsA=="/>
		<POI MapID="949" xpos="89.7471" ypos="2.39941" zpos="85.2533" type="fvd_guide.frac.swampland.jumps" GUID="eGzPlwfjI06uzeuxfYbmYw=="/>
		<POI MapID="949" xpos="87.2308" ypos="4.4596" zpos="84.3745" type="fvd_guide.frac.swampland.jumps" GUID="IezyRT4fE0m6dUSm4l0pXg=="/>
		<!--  -->
		<POI MapID="949" xpos="48.3149" ypos="1.06601" zpos="123.853" type="fvd_guide.frac.swampland.jumps" GUID="fCWsvAKX2U6hdWPc5L3xLA=="/>
		<POI MapID="949" xpos="46.8317" ypos="3.06548" zpos="124.655" type="fvd_guide.frac.swampland.jumps" GUID="nX1SMvkTmUOMz7syndvaAw=="/>
		<POI MapID="949" xpos="45.2282" ypos="5.34007" zpos="125.589" type="fvd_guide.frac.swampland.jumps" GUID="SrJq+AzRdEW66AXP+rq6sg=="/>
		<POI MapID="949" xpos="42.7965" ypos="2.52561" zpos="123.347" type="fvd_guide.frac.swampland.jumps" GUID="/3t9x2RdGEaTQlbrJpX6fA=="/>
		<!--  -->
		<POI MapID="949" xpos="25.8355" ypos="1.40155" zpos="129.11" type="fvd_guide.frac.swampland.jumps" GUID="DqqXnGcUVkKR5OMRxv2VfA=="/>
		<POI MapID="949" xpos="27.7472" ypos="3.0472" zpos="129.622" type="fvd_guide.frac.swampland.jumps" GUID="/fT65u6Yc0ysmvtSVBlVqg=="/>
		<POI MapID="949" xpos="28.0674" ypos="5.5302" zpos="131.706" type="fvd_guide.frac.swampland.jumps" GUID="UM0a1lZYUEid+62GQ4vJlg=="/>
		<!--  -->
		<POI MapID="949" xpos="-13.7739" ypos="2.6933" zpos="95.3648" type="fvd_guide.frac.swampland.jumps" GUID="dWRQqsOk4ECvpiWMRWI3OQ=="/>
		<POI MapID="949" xpos="-11.2556" ypos="4.41406" zpos="96.874" type="fvd_guide.frac.swampland.jumps" GUID="QQAjkIdFXkGvaq4nKR3qDA=="/>
		
		<!-- COLLECTION/ACHIEVEMENTS -->
		
		<!-- Twilight Oasis -->
		<POI MapID="1267" xpos="-24.7858" ypos="24.8644" zpos="119.593" type="fvd_guide.frac.collect.twilight" GUID="JeYR09qQhky9V85shC2eIA=="/>
		<POI MapID="1267" xpos="-34.7935" ypos="25.2691" zpos="129.538" type="fvd_guide.frac.collect.twilight" GUID="kCdNY1lMBkuHGGIBsfHpBw=="/>
		<POI MapID="1267" xpos="5.01263" ypos="20.1777" zpos="6.04566" type="fvd_guide.frac.collect.twilight" GUID="7Qz6EWQArkWNEJMdBXWYgw=="/>
		<POI MapID="1267" xpos="-3.1515" ypos="20.6213" zpos="-8.34597" type="fvd_guide.frac.collect.twilight" GUID="hRWBXYkK0E6ELjsERBge7w=="/>
		<POI MapID="1267" xpos="44.4476" ypos="24.8334" zpos="74.5985" type="fvd_guide.frac.collect.twilight" GUID="5rxUbppRake3ewuCqYMKeg=="/>
		<POI MapID="1267" xpos="-6.58503" ypos="44.4175" zpos="189.658" type="fvd_guide.frac.collect.twilight" GUID="0M8xoueQgEalxpXTjARsyw=="/>
		<POI MapID="1267" xpos="128.29" ypos="35.7029" zpos="127.745" type="fvd_guide.frac.collect.twilight" GUID="FKZHRTQvz0+4O7JF/DW1KQ=="/>
		<POI MapID="1267" xpos="115.856" ypos="35.741" zpos="143.971" type="fvd_guide.frac.collect.twilight" GUID="Nr6IRZiN+UKK/3T0ixAGVg=="/>
		<POI MapID="1267" xpos="145.675" ypos="23.1224" zpos="68.4336" type="fvd_guide.frac.collect.twilight" GUID="RHh76b+FrUyzxHF2WUdqwg=="/>
		<POI MapID="1267" xpos="132.978" ypos="23.1224" zpos="70.7193" type="fvd_guide.frac.collect.twilight" GUID="AC2wIA3JWES914Cc6bCOQQ=="/>
		<POI MapID="1267" xpos="127.238" ypos="28.0642" zpos="110.903" type="fvd_guide.frac.collect.twilight" GUID="qVf0qtN7g0yDsdNUOiWJzg=="/>
		<POI MapID="1267" xpos="-39.769" ypos="24.8563" zpos="189.953" type="fvd_guide.frac.collect.twilight" GUID="R58UDyW4L020c6rfX+jxHw=="/>
		<POI MapID="1267" xpos="-38.4931" ypos="24.8983" zpos="168.05" type="fvd_guide.frac.collect.twilight" GUID="45iB/fWLfUqfQI6LU8Vhhg=="/>
		<POI MapID="1267" xpos="115.231" ypos="36.7277" zpos="112.457" type="fvd_guide.frac.collect.twilight" GUID="Dhy2y8eqLUO0qJTuJHeqCw=="/>
		<POI MapID="1267" xpos="183.674" ypos="4.81195" zpos="13.0223" type="fvd_guide.frac.collect.twilight" GUID="Z0ZC3gyc90uGs/QSd4LKdw=="/>
		
		<!-- Nightmare Collection -->
		<POI MapID="1177" xpos="-32.8156" ypos="41.389" zpos="95.0482" type="fvd_guide.frac.collect.nightmare" GUID="8DWxvUKbq0ePShjchIAdrg=="/>
		<POI MapID="1177" xpos="147.96" ypos="10.2095" zpos="135.067" type="fvd_guide.frac.collect.nightmare" GUID="urLNZcn2j0Kg+32yGfy6nw=="/>
		<POI MapID="1177" xpos="27.2181" ypos="44.8468" zpos="-37.7075" type="fvd_guide.frac.collect.nightmare" GUID="7lw/Tf1UD02p3yQRBqKIaA=="/>
		<POI MapID="1177" xpos="142.927" ypos="0.351316" zpos="35.1332" type="fvd_guide.frac.collect.nightmare" GUID="wEIpsYSiIU2x2qUJCbGxBQ=="/>
		<POI MapID="1177" xpos="108.508" ypos="7.57824" zpos="-46.9118" type="fvd_guide.frac.collect.nightmare" GUID="kDOfsQHC6kWaXBdlmXmZtA=="/>
		
		<!-- Chaos Pages -->
		<POI MapID="1164" xpos="-194.16" ypos="564.12" zpos="-1.07183" type="fvd_guide.frac.collect.chaos" GUID="kga0UMtqpUyIp1ngMiQxhg=="/>
		<POI MapID="1164" xpos="-202.612" ypos="561.137" zpos="-102.302" type="fvd_guide.frac.collect.chaos" GUID="UvAw8pTRP0GIEoxaKpO74g=="/>
		<POI MapID="1164" xpos="-60.4774" ypos="542.101" zpos="-230.743" type="fvd_guide.frac.collect.chaos" GUID="7mAcgu1qMkyWNRleu4l/DQ=="/>
		<POI MapID="1164" xpos="-32.8432" ypos="577.437" zpos="-71.5276" type="fvd_guide.frac.collect.chaos" GUID="pv2iGwvFJ0Kjr+tKWQh/Wg=="/>
		<POI MapID="1164" xpos="312.11" ypos="534.865" zpos="-25.2848" type="fvd_guide.frac.collect.chaos" GUID="+WeT11iQtESWiPwkAJzSAA=="/>
		<POI MapID="1164" xpos="133.446" ypos="629.927" zpos="-194.352" type="fvd_guide.frac.collect.chaos" GUID="OdNabz2UJk+b6Vj4n42oEw=="/>
		<POI MapID="1164" xpos="108.792" ypos="503.828" zpos="101.497" type="fvd_guide.frac.collect.chaos" GUID="bS0pu1DsLUSpaGFljZtVGg=="/>
		
		<!-- Chaos Page Trails for the Hard to Reach -->
		<!-- Page right of start up the wood planks -->
		<POI MapID="1164" type="fvd_guide.frac.collect.chaos" xpos="-205.22" ypos="563.58" zpos="-68.8118" GUID="P/JRu6RBnUmb9+F2Ree/HA==" iconFile="Data/Icons/Arrow.png"/>
		<Trail type="fvd_guide.frac.collect.chaos" trailData="Data/Trails/chaos_1.trl" texture="Data/Icons/trail.png" fadeNear="2000" fadeFar="2200" miniMapVisibility="0" mapVisibility="0"/>
		
		<!-- Page at the tent, right of the mistlock before anom. -->
		<POI MapID="1164" type="fvd_guide.frac.collect.chaos" xpos="-6.68541" ypos="584.958" zpos="-187.532" GUID="ZTASJnfRYUKiCK2HhzICjQ==" iconFile="Data/Icons/Arrow.png"/>
		<POI MapID="1164" type="fvd_guide.frac.collect.chaos" xpos="-38.9923" ypos="547.506" zpos="-202.269" GUID="HdzqqHZiKEiXOrqoGSXWzA==" iconFile="Data/Icons/Arrow.png" miniMapVisibility="0" mapVisibility="0"/>
		<POI MapID="1164" type="fvd_guide.frac.collect.chaos" xpos="-45.0684" ypos="541.846" zpos="-212.045" GUID="heA1sVRZX0qAFcZ/Ez15Fg==" iconFile="Data/Icons/Arrow.png" miniMapVisibility="0" mapVisibility="0"/>
		<Trail type="fvd_guide.frac.collect.chaos" trailData="Data/Trails/chaos_2.trl" texture="Data/Icons/trail.png" fadeNear="2000" fadeFar="2200" miniMapVisibility="0" mapVisibility="0"/>
		
		<!-- Chaos after the anom, before the fires -->
		<POI MapID="1164" type="fvd_guide.frac.collect.chaos" xpos="68.9073" ypos="582.764" zpos="-148.152" GUID="KBGq9kFL+EC8s1Xw1FrfBA==" iconFile="Data/Icons/Arrow.png"/>
		<POI MapID="1164" type="fvd_guide.frac.collect.chaos" xpos="72.5249" ypos="608.937" zpos="-185.112" GUID="ph9MmekD406Cbx5v6I8qVg==" iconFile="Data/Icons/jpguide.png" miniMapVisibility="0" mapVisibility="0"/>
		<POI MapID="1164" type="fvd_guide.frac.collect.chaos" xpos="76.2398" ypos="611.755" zpos="-189.496" GUID="4tbZ6ZwKJE2kIvyPKDtCQA==" iconFile="Data/Icons/jpguide.png" miniMapVisibility="0" mapVisibility="0"/>
		<POI MapID="1164" type="fvd_guide.frac.collect.chaos" xpos="78.6796" ypos="613.443" zpos="-196.165" GUID="1/Qv69f4Mk6p5yBpfGGcXw==" iconFile="Data/Icons/jpguide.png" miniMapVisibility="0" mapVisibility="0"/>
		<POI MapID="1164" type="fvd_guide.frac.collect.chaos" xpos="82.412" ypos="616.039" zpos="-201.887" GUID="Fd10uh8GtUiQAoPtw4hZOg==" iconFile="Data/Icons/jpguide.png" miniMapVisibility="0" mapVisibility="0"/>
		<POI MapID="1164" type="fvd_guide.frac.collect.chaos" xpos="85.9893" ypos="618.426" zpos="-206.393" GUID="MwlnGHTQL0W/wopbMIK/Hg==" iconFile="Data/Icons/jpguide.png" miniMapVisibility="0" mapVisibility="0"/>
		<POI MapID="1164" type="fvd_guide.frac.collect.chaos" xpos="87.7493" ypos="620.105" zpos="-210.809" GUID="zlbOUYzlZEe+f+sATYPrSA==" iconFile="Data/Icons/jpguide.png" miniMapVisibility="0" mapVisibility="0"/>
		<POI MapID="1164" type="fvd_guide.frac.collect.chaos" xpos="92.0704" ypos="622.215" zpos="-214.903" GUID="jqrrjM+3H02+gl7uYUny2w==" iconFile="Data/Icons/jpguide.png" miniMapVisibility="0" mapVisibility="0"/>
		<POI MapID="1164" type="fvd_guide.frac.collect.chaos" xpos="97.9285" ypos="624.317" zpos="-217.152" GUID="wA6ScUnrhkeNPCwqEuZeGQ==" iconFile="Data/Icons/jpguide.png" miniMapVisibility="0" mapVisibility="0"/>
		<Trail type="fvd_guide.frac.collect.chaos" trailData="Data/Trails/chaos_3.trl" texture="Data/Icons/trail.png" fadeNear="2000" fadeFar="2200" miniMapVisibility="0" mapVisibility="0"/>
		
		<!-- Data Keys, Shattered -->
		<POI MapID="1205" xpos="435.735" ypos="63.0885" zpos="115.501" type="fvd_guide.frac.collect.shattered" GUID="lL0cve+FbU+KyHkR18mYyg=="/>
		<POI MapID="1205" xpos="355.815" ypos="83.1461" zpos="147.794" type="fvd_guide.frac.collect.shattered" GUID="cvvMf7Tfrk6DfypRYBW2aQ=="/>
		<POI MapID="1205" xpos="343.739" ypos="110.552" zpos="97.4808" type="fvd_guide.frac.collect.shattered" GUID="w5X7OZVF5kC1+haaIPpUsQ=="/>
		<POI MapID="1205" xpos="461.587" ypos="156.278" zpos="15.8432" type="fvd_guide.frac.collect.shattered" GUID="vi1a1z6kzkGeVjqiT+x+kg=="/>
		<POI MapID="1205" xpos="333.51" ypos="151.938" zpos="-2.85569" type="fvd_guide.frac.collect.shattered" GUID="KD65J4SPokSmXCBVoCJVdw=="/>
	</POIs>
</OverlayData>
