<!-- info attr is for taco ; tip is a Blish HUD attr -->
<OverlayData>
	<MarkerCategory name="fvd_guide" DisplayName="[FvD] Dungeon/Fractal Guide">
		<MarkerCategory name="separatormenu01" isseparator="1" DisplayName="Build: Private 0.01 - 5.18.20"/>
		<MarkerCategory name="raids" DisplayName="Raid Wings">
			<MarkerCategory name="spiritvale" DisplayName="W1: Spirit Vale">
				<MarkerCategory name="chests" DisplayName="Spirit Vale Chests" behavior="1" iconFile="Data/Icons/Chest.png"/>
				<MarkerCategory name="ghostspawn" DisplayName="Ghost Spawns" behavior="1" iconFile="Data/Icons/Ghost_Spawn.png"/>
				<MarkerCategory name="buttons" DisplayName="Button Pads" info="Have 5 people stand on them at the same time." iconFile="Data/Icons/Arrow.png"/>
			</MarkerCategory>
		</MarkerCategory>
	</MarkerCategory>
	<POIs>
		<!-- Spirit Vale Chests -->
		
		<POI MapID="1062" xpos="-85.785" ypos="41.857" zpos="-214.902" GUID="xd6APQPY9UmYpfSCoFgW3w==" miniMapVisibility="0" mapVisibility="0" iconFile="Data/Icons/Informational.png" type="fvd_guide.raids.spiritvale.chests" info="--&gt; Chest reachable after the torch run from the jumping mushroom. &lt;--" tip-description="Chest reachable after the torch run from the jumping mushroom."/>
		<POI MapID="1062" xpos="-125.362" ypos="30.635" zpos="-222.956" GUID="thrfcoOd6U+y7d+SW+bP0w==" type="fvd_guide.raids.spiritvale.chests" tip-name="Spirit Vale Chest 1"/>
		<POI MapID="1062" xpos="-81.4965" ypos="53.272" zpos="-163.582" GUID="EBSZRMNHXU2WSCC/p/KANQ==" miniMapVisibility="0" mapVisibility="0" iconFile="Data/Icons/Informational.png" type="fvd_guide.raids.spiritvale.chests" info="--&gt; Jumping mushroom to Chest 2; Glide to it. &lt;--" tip-description="Jumping mushroom to Chest 2; Glide to it."/>
		<POI MapID="1062" xpos="-85.7997" ypos="75.2192" zpos="-209.772" GUID="6JyyYE2xoECeTlXGixd34g==" type="fvd_guide.raids.spiritvale.chests" tip-name="Spirit Vale Chest 2" tip-description="Do the spirit run and then before Gorseval take the jumping mushroom and glide to the chest."/>
		<POI MapID="1062" xpos="-63.101" ypos="55.4829" zpos="-154.756" GUID="A0ZDVKnvzkSTwvzF0E0Gqw==" type="fvd_guide.raids.spiritvale.chests" tip-name="Spirit Vale Chest 3" info="--&gt; Only exists when the brazier is lit. &lt;--" tip-description="Only exists when the brazier is lit."/>
		<POI MapID="1062" xpos="-288.941" ypos="89.3278" zpos="108.765" GUID="qmQNSvyNQ0aNtcZCe94nOA==" type="fvd_guide.raids.spiritvale.chests" tip-name="Spirit Vale Chest 4" info="--&gt; Only available after Sabetha is defeated. &lt;--" tip-description="Only available after Sabetha is defeated."/>
		<!-- Ghost Run Spawns -->
		<POI MapID="1062" xpos="-117.433" ypos="40.7832" zpos="-332.804" GUID="CcL+h+MWK0Sv9qCssGyksQ==" type="fvd_guide.raids.spiritvale.ghostspawn"/>
		<POI MapID="1062" xpos="-91.9544" ypos="36.8782" zpos="-345.26" GUID="ufvwZ3aiIU+1flQOk6SnGA==" type="fvd_guide.raids.spiritvale.ghostspawn"/>
		<POI MapID="1062" xpos="-81.2487" ypos="37.196" zpos="-327.366" GUID="f6fe5osMW0+CIbCpJvtHDA==" type="fvd_guide.raids.spiritvale.ghostspawn"/>
		<POI MapID="1062" xpos="-53.1336" ypos="33.6341" zpos="-336.605" GUID="1dPHf5lHokutzFAVMMed8Q==" type="fvd_guide.raids.spiritvale.ghostspawn"/>
		<POI MapID="1062" xpos="-68.1061" ypos="32.296" zpos="-371.87" GUID="BNot8a25J0mU0Myazp1GxQ==" type="fvd_guide.raids.spiritvale.ghostspawn"/>

		<!-- Button/Pad Area -->
		<POI MapID="1062" xpos="-151.349" ypos="58.5692" zpos="-64.7202" GUID="vmBa+JcBGk+uZRCoHozGJQ==" type="fvd_guide.raids.spiritvale.buttons"/>
		<POI MapID="1062" xpos="-159.793" ypos="70.8901" zpos="-142.538" GUID="srRZK1fHyEen1BTTuIgYRA==" type="fvd_guide.raids.spiritvale.buttons"/>
		<POI MapID="1062" xpos="-97.0569" ypos="80.3346" zpos="-93.2273" GUID="I2LAb0v6Xky819VY/04amw==" type="fvd_guide.raids.spiritvale.buttons"/>
		<POI MapID="1062" xpos="-102.154" ypos="72.9075" zpos="-79.8208" GUID="RpGD+XgGx0mOp5Q2LIzZiA==" type="fvd_guide.raids.spiritvale.buttons"/>
		<POI MapID="1062" xpos="-106.657" ypos="61.1156" zpos="-166.942" GUID="wqMnYwVQlEC1iefxSGD1dA==" type="fvd_guide.raids.spiritvale.buttons" tip-description="Behind the buildings."/>


	</POIs>
</OverlayData>